ars,name,designation,postal_code,district,state,lat,lng,population
072355007001,Aach,,54298,Trier-Saarburg,Rheinland-Pfalz,49.789601,6.590527,1059
083355001001,Aach,Stadt,78267,Konstanz,Baden-Württemberg,47.8428,8.851043,2377
053340002002,Aachen,Stadt,52058,Städteregion Aachen,Nordrhein-Westfalen,50.773516,6.0848,262670
081365001088,Aalen,Stadt,73430,Ostalbkreis,Baden-Württemberg,48.835057,10.092337,67621
064390001001,Aarbergen,,65326,Rheingau-Taunus-Kreis,Hessen,50.24602,8.076766,6210
010615168001,Aasbüttel,,25560,Steinburg,Schleswig-Holstein,54.067271,9.441789,163
095760111111,Abenberg,St,91183,Roth,Bayern,49.241703,10.963645,5547
095769451451,Abenberger Wald,,,Roth,Bayern,49.230549,10.980497,0
092730111111,Abensberg,St,93326,Kelheim,Bayern,48.81553,11.848622,15061
071345002001,Abentheuer,,55767,Birkenfeld,Rheinland-Pfalz,49.65142,7.100474,427
095775532111,Absberg,M,91720,Weißenburg-Gunzenhausen,Bayern,49.14455,10.881266,1437
081255012001,Abstatt,,74232,Heilbronn,Baden-Württemberg,49.068456,9.290986,4975
160655052001,Abtsbessingen,,99713,Kyffhäuserkreis,Thüringen,51.259592,10.762472,463
081360002002,Abtsgmünd,,73453,Ostalbkreis,Baden-Württemberg,48.894913,10.002231,7501
064310001001,Abtsteinach,,69518,Bergstraße,Hessen,49.544051,8.786237,2405
096755614111,Abtswind,M,97355,Kitzingen,Bayern,49.77071,10.372217,843
071335010001,Abtweiler,,55568,Bad Kreuznach,Rheinland-Pfalz,49.744287,7.656343,195
084365007001,Achberg,,88147,Ravensburg,Baden-Württemberg,47.615122,9.713856,1709
083175001001,Achern,Stadt,77855,Ortenaukreis,Baden-Württemberg,48.628851,8.074429,26733
033610001001,Achim,Stadt,28832,Verden,Niedersachsen,53.01301,9.033031,32870
092765238111,Achslach,,94250,Regen,Bayern,48.971237,12.935494,969
084265005001,Achstetten,,88480,Biberach,Baden-Württemberg,48.258983,9.898085,5116
071375003001,Acht,,56729,Mayen-Koblenz,Rheinland-Pfalz,50.369975,7.072376,83
071345002002,Achtelsbach,,55767,Birkenfeld,Rheinland-Pfalz,49.624529,7.090023,377
010585803001,Achterwehr,,24239,Rendsburg-Eckernförde,Schleswig-Holstein,54.313379,9.96576,1043
010545489001,Achtrup,,25917,Nordfriesland,Schleswig-Holstein,54.788981,9.028319,1568
081175008001,Adelberg,,73099,Göppingen,Baden-Württemberg,48.762533,9.598555,1961
031590001001,Adelebsen,Flecken,37139,Göttingen,Niedersachsen,51.579059,9.753742,6180
033515404001,Adelheidsdorf,,29352,Celle,Niedersachsen,52.565363,10.059931,2660
081365003003,Adelmannsfelden,,73486,Ostalbkreis,Baden-Württemberg,48.954324,10.003628,1732
091765118111,Adelschlag,,85111,Eichstätt,Bayern,48.83914,11.223138,3016
095720111111,Adelsdorf,,91325,Erlangen-Höchstadt,Bayern,49.714781,10.892848,9126
082255009001,Adelsheim,Stadt,74740,Neckar-Odenwald-Kreis,Baden-Württemberg,49.401957,9.391601,5207
091795131111,Adelshofen,,82276,Fürstenfeldbruck,Bayern,48.18313,11.116705,1893
095715501111,Adelshofen,,91587,Ansbach,Bayern,49.439981,10.175,908
097720111111,Adelsried,,86477,Augsburg,Bayern,48.425522,10.719444,2610
097715704111,Adelzhausen,,86559,Aichach-Friedberg,Bayern,48.35707,11.137667,1844
071315001001,Adenau,Stadt,53518,Ahrweiler,Rheinland-Pfalz,50.382256,6.930224,2935
073365008001,Adenbach,,67742,Kusel,Rheinland-Pfalz,49.669273,7.647541,146
031515406001,Adenbüttel,,38528,Gifhorn,Niedersachsen,52.379328,10.450974,1789
033550001001,Adendorf,,21365,Lüneburg,Niedersachsen,53.287818,10.443754,10818
092740111111,Adlkofen,,84166,Landshut,Bayern,48.546258,12.263378,4517
130725251001,Admannshagen-Bargeshagen,,18211,Landkreis Rostock,Mecklenburg-Vorpommern,54.111554,11.984106,2933
145230010010,Adorf/Vogtl.,Stadt,08626,Vogtlandkreis,Sachsen,50.320622,12.256069,4451
010615179002,Aebtissinwisch,,25572,Steinburg,Schleswig-Holstein,53.970611,9.289846,43
032520001001,Aerzen,Flecken,31855,Hameln-Pyrmont,Niedersachsen,52.046638,9.261633,10424
081185005001,Affalterbach,,71563,Ludwigsburg,Baden-Württemberg,48.923115,9.323455,4364
097710112112,Affing,,86444,Aichach-Friedberg,Bayern,48.457486,10.981809,5575
032515406001,Affinghausen,,27257,Diepholz,Niedersachsen,52.782963,8.87991,805
072325005001,Affler,,54689,Eifelkreis Bitburg-Prüm,Rheinland-Pfalz,50.013966,6.153528,30
033595405001,Agathenburg,,21684,Stade,Niedersachsen,53.562845,9.528825,1371
010615168003,Agethorst,,25560,Steinburg,Schleswig-Holstein,54.01935,9.436454,191
082255003002,Aglasterhausen,,74858,Neckar-Odenwald-Kreis,Baden-Württemberg,49.35493,8.989348,4825
092745223112,Aham,,84168,Landshut,Bayern,48.527421,12.463766,1951
055540004004,Ahaus,Stadt,48683,Borken,Nordrhein-Westfalen,52.076104,7.005037,40176
033575406001,Ahausen,,27367,Rotenburg (Wümme),Niedersachsen,53.062929,9.313313,1894
130755552001,Ahlbeck,,17375,Vorpommern-Greifswald,Mecklenburg-Vorpommern,53.669524,14.185341,603
033585401001,Ahlden (Aller),Flecken,29693,Heidekreis,Niedersachsen,52.759772,9.552615,1573
010585890175,Ahlefeld-Bistensee,,24358,Rendsburg-Eckernförde,Schleswig-Holstein,54.398725,9.698907,479
055700004004,Ahlen,Stadt,59227,Warendorf,Nordrhein-Westfalen,51.762985,7.889882,52666
033595403002,Ahlerstedt,,21702,Stade,Niedersachsen,53.405314,9.451981,5456
150875052010,Ahlsdorf,,06313,Mansfeld-Südharz,Sachsen-Anhalt,51.544089,11.470164,1508
160695002001,Ahlstädt,,98553,Hildburghausen,Thüringen,50.527757,10.686759,126
066330001001,Ahnatal,,34292,Kassel,Hessen,51.366434,9.393523,7513
010595990102,Ahneby,,24996,Schleswig-Flensburg,Schleswig-Holstein,54.701421,9.730965,201
033515403002,Ahnsbeck,,29353,Celle,Niedersachsen,52.611286,10.2848,1676
032575401001,Ahnsen,,31708,Schaumburg,Niedersachsen,52.254661,9.101227,1022
092785250112,Aholfing,,94345,Straubing-Bogen,Bayern,48.942029,12.470108,1903
092710111111,Aholming,,94527,Deggendorf,Bayern,48.735154,12.911626,2378
081285002138,Ahorn,,74744,Main-Tauber-Kreis,Baden-Württemberg,49.501528,9.540368,2209
094730112112,Ahorn,,96482,Coburg,Bayern,50.236693,10.952243,4047
094720111111,Ahorntal,,95491,Bayreuth,Bayern,49.833646,11.401762,2180
071315002002,Ahrbrück,,53506,Ahrweiler,Rheinland-Pfalz,50.483845,6.98451,1141
010620001001,Ahrensburg,Stadt,22926,Stormarn,Schleswig-Holstein,53.67575,10.239705,34534
010550001001,Ahrensbök,,23623,Ostholstein,Schleswig-Holstein,54.011094,10.573059,8092
120600005005,Ahrensfelde,,16356,Barnim,Brandenburg,52.576115,13.57961,14423
130735361001,Ahrenshagen-Daskow,,18320,Vorpommern-Rügen,Mecklenburg-Vorpommern,54.223811,12.600892,2188
130735354002,Ahrenshoop,Ostseebad,18347,Vorpommern-Rügen,Mecklenburg-Vorpommern,54.379565,12.418624,622
010545494002,Ahrenshöft,,25853,Nordfriesland,Schleswig-Holstein,54.559394,9.068097,559
010545453003,Ahrenviöl,,25885,Nordfriesland,Schleswig-Holstein,54.531254,9.206895,528
010545453004,Ahrenviölfeld,,25885,Nordfriesland,Schleswig-Holstein,54.534607,9.274084,226
092750111111,Aicha vorm Wald,,94529,Passau,Bayern,48.674871,13.291981,2474
097710113113,Aichach,St,86551,Aichach-Friedberg,Bayern,48.459481,11.129767,22015
081175009002,Aichelberg,,73101,Göppingen,Baden-Württemberg,48.638498,9.567184,1287
097745733166,Aichen,,86479,Günzburg,Bayern,48.227088,10.53914,1172
083255005001,Aichhalden,,78733,Rottweil,Baden-Württemberg,48.269444,8.398748,4225
084365004003,Aichstetten,,88317,Ravensburg,Baden-Württemberg,47.892919,10.08067,2874
081160081081,Aichtal,Stadt,72631,Esslingen,Baden-Württemberg,48.621,9.236006,9599
081160076076,Aichwald,,73773,Esslingen,Baden-Württemberg,48.75899,9.379855,7271
092755232112,Aidenbach,M,94501,Passau,Bayern,48.567398,13.089153,3005
096745612111,Aidhausen,,97491,Haßberge,Bayern,50.154108,10.436956,1647
081155001001,Aidlingen,,71134,Böblingen,Baden-Württemberg,48.677969,8.896991,9302
092735219113,Aiglsbach,,84089,Kelheim,Bayern,48.692993,11.707639,1905
071435009200,Ailertchen,,56459,Westerwaldkreis,Rheinland-Pfalz,50.59846,7.940135,659
097715701114,Aindling,M,86447,Aichach-Friedberg,Bayern,48.513814,10.953041,4691
091720111111,Ainring,,83404,Berchtesgadener Land,Bayern,47.816451,12.943264,9800
097735719111,Aislingen,M,89344,Dillingen a.d.Donau,Bayern,48.506631,10.455887,1329
092785256113,Aiterhofen,,94330,Straubing-Bogen,Bayern,48.84583,12.62018,3563
083365006004,Aitern,,79677,Lörrach,Baden-Württemberg,47.803346,7.894621,487
084365004004,Aitrach,,88319,Ravensburg,Baden-Württemberg,47.939232,10.0896,3028
097775752111,Aitrang,,87648,Ostallgäu,Bayern,47.817575,10.534541,2056
150820005005,Aken (Elbe),Stadt,06385,Anhalt-Bitterfeld,Sachsen-Anhalt,51.852549,12.043952,7153
150905053003,Aland,,39615,Stendal,Sachsen-Anhalt,52.923824,11.698147,1304
091875184186,Albaching,,83544,Rosenheim,Bayern,48.1108,12.110817,1740
083370002002,Albbruck,,79774,Waldshut,Baden-Württemberg,47.591149,8.130079,7451
010515175001,Albersdorf,,25767,Dithmarschen,Schleswig-Holstein,54.146557,9.283995,3742
160745053001,Albersdorf,,07646,Saale-Holzland-Kreis,Thüringen,50.902843,11.773904,298
081175010003,Albershausen,,73095,Göppingen,Baden-Württemberg,48.691161,9.564885,4408
073375001001,Albersweiler,,76857,Südliche Weinstraße,Rheinland-Pfalz,49.219042,8.028507,1970
096755617112,Albertshofen,,97320,Kitzingen,Bayern,49.770836,10.158976,2142
073365010002,Albessen,,66871,Kusel,Rheinland-Pfalz,49.516477,7.330666,148
073315001001,Albig,,55234,Alzey-Worms,Rheinland-Pfalz,49.773804,8.12235,1634
073335003001,Albisheim (Pfrimm),,67308,Donnersbergkreis,Rheinland-Pfalz,49.649493,8.095715,1865
010535358001,Albsfelde,,23909,Herzogtum Lauenburg,Schleswig-Holstein,53.679957,10.694451,76
084175001079,Albstadt,Stadt,72458,Zollernalbkreis,Baden-Württemberg,48.214156,9.026328,46950
053580004004,Aldenhoven,,52457,Düren,Nordrhein-Westfalen,50.895696,6.281953,14324
092750114114,Aldersbach,,94501,Passau,Bayern,48.589538,13.086094,4310
083275004002,Aldingen,,78554,Tuttlingen,Baden-Württemberg,48.094541,8.702513,7858
097795722111,Alerheim,,86733,Donau-Ries,Bayern,48.84666,10.616329,1674
095775533113,Alesheim,,91793,Weißenburg-Gunzenhausen,Bayern,49.046568,10.866072,947
097745731111,Aletshausen,,86480,Günzburg,Bayern,48.1998,10.389531,1218
071355005001,Alf,,56859,Cochem-Zell,Rheinland-Pfalz,50.056847,7.125977,826
081190001001,Alfdorf,,73553,Rems-Murr-Kreis,Baden-Württemberg,48.843821,9.718908,7260
095745528111,Alfeld,,91236,Nürnberger Land,Bayern,49.428806,11.543979,1125
032540002002,Alfeld (Leine),Stadt,31061,Hildesheim,Niedersachsen,51.987221,9.825738,17956
034595402001,Alfhausen,,49594,Osnabrück,Niedersachsen,52.503379,7.953473,4168
071355003002,Alflen,,56828,Cochem-Zell,Rheinland-Pfalz,50.177082,7.040537,820
033575403002,Alfstedt,,27432,Rotenburg (Wümme),Niedersachsen,53.548503,9.067399,859
053820004004,Alfter,,53347,Rhein-Sieg-Kreis,Nordrhein-Westfalen,50.736995,7.013472,23719
032540003003,Algermissen,,31191,Hildesheim,Niedersachsen,52.253687,9.970613,7658
066320001001,Alheim,,36211,Hersfeld-Rotenburg,Hessen,51.024756,9.66857,4819
071375009201,Alken,,56332,Mayen-Koblenz,Rheinland-Pfalz,50.248557,7.448283,681
160705009001,Alkersleben,,99310,Ilm-Kreis,Thüringen,50.848169,11.04076,299
010545488005,Alkersum,,25938,Nordfriesland,Schleswig-Holstein,54.708245,8.511244,404
071345005003,Allenbach,,55758,Birkenfeld,Rheinland-Pfalz,49.755712,7.167563,649
071415011001,Allendorf,,56370,Rhein-Lahn-Kreis,Rheinland-Pfalz,50.26803,7.998345,585
160735054001,Allendorf,,07426,Saalfeld-Rudolstadt,Thüringen,50.655688,11.158647,334
066350001001,Allendorf (Eder),,35108,Waldeck-Frankenberg,Hessen,51.026336,8.670062,7518
065310001001,Allendorf (Lumda),Stadt,35469,Gießen,Hessen,50.677705,8.822783,3824
071335006002,Allenfeld,,55595,Bad Kreuznach,Rheinland-Pfalz,49.866829,7.668777,222
083355004002,Allensbach,,78476,Konstanz,Baden-Württemberg,47.715742,9.070194,7353
095760113113,Allersberg,M,90580,Roth,Bayern,49.251415,11.236588,8550
091785127113,Allershausen,,85391,Freising,Bayern,48.429879,11.598275,5980
084265001005,Alleshausen,,88422,Biberach,Baden-Württemberg,48.102679,9.621543,531
091790113113,Alling,,82239,Fürstenfeldbruck,Bayern,48.141556,11.299015,4105
097725706114,Allmannshofen,,86695,Augsburg,Bayern,48.612811,10.804495,965
084265001006,Allmannsweiler,,88348,Biberach,Baden-Württemberg,48.028386,9.593584,317
084255001002,Allmendingen,,89604,Alb-Donau-Kreis,Baden-Württemberg,48.330714,9.72429,4927
081195001003,Allmersbach im Tal,,71573,Rems-Murr-Kreis,Baden-Württemberg,48.906963,9.467228,4969
150870015015,Allstedt,Stadt,06542,Mansfeld-Südharz,Sachsen-Anhalt,51.404566,11.385673,7535
010545494006,Almdorf,,25821,Nordfriesland,Schleswig-Holstein,54.581075,9.015622,545
071325010001,Almersbach,,57610,Altenkirchen (Westerwald),Rheinland-Pfalz,50.674542,7.628807,402
051700004004,Alpen,,46519,Wesel,Nordrhein-Westfalen,51.575134,6.511241,12515
071435002202,Alpenrod,,57642,Westerwaldkreis,Rheinland-Pfalz,50.631178,7.869988,1630
160685012001,Alperstedt,,99195,Sömmerda,Thüringen,51.093519,11.046054,732
082370002002,Alpirsbach,Stadt,72275,Freudenstadt,Baden-Württemberg,48.345111,8.402938,6114
071435005001,Alsbach,,56237,Westerwaldkreis,Rheinland-Pfalz,50.464108,7.662053,640
064320001001,Alsbach-Hähnlein,,64665,Darmstadt-Dieburg,Hessen,49.739626,8.61793,9273
053340004004,Alsdorf,Stadt,52477,Städteregion Aachen,Nordrhein-Westfalen,50.874052,6.161607,48810
071325009002,Alsdorf,,57518,Altenkirchen (Westerwald),Rheinland-Pfalz,50.77617,7.882849,1479
072325005002,Alsdorf,,54668,Eifelkreis Bitburg-Prüm,Rheinland-Pfalz,49.887732,6.465431,477
073335007003,Alsenz,,67821,Donnersbergkreis,Rheinland-Pfalz,49.724272,7.8152,1576
065350001001,Alsfeld,Stadt,36304,Vogelsbergkreis,Hessen,50.751031,9.271415,15307
073315002002,Alsheim,,67577,Alzey-Worms,Rheinland-Pfalz,49.767929,8.341322,2680
150895052005,Alsleben (Saale),Stadt,06425,Salzlandkreis,Sachsen-Anhalt,51.700463,11.67745,2526
010595996001,Alt Bennebek,,24848,Schleswig-Flensburg,Schleswig-Holstein,54.377593,9.43094,323
130725259002,Alt Bukow,,18233,Landkreis Rostock,Mecklenburg-Vorpommern,53.997533,11.60964,512
010585833003,Alt Duvenstedt,,24791,Rendsburg-Eckernförde,Schleswig-Holstein,54.359629,9.645213,1912
130765659001,Alt Krenzlin,,19288,Ludwigslust-Parchim,Mecklenburg-Vorpommern,53.3174,11.309672,741
130745455001,Alt Meteln,,19069,Nordwestmecklenburg,Mecklenburg-Vorpommern,53.746405,11.340119,1190
130715154001,Alt Schwerin,,17214,Mecklenburgische Seenplatte,Mecklenburg-Vorpommern,53.512197,12.351571,535
130725258003,Alt Sührkow,,17166,Landkreis Rostock,Mecklenburg-Vorpommern,53.802405,12.650883,389
130755554002,Alt Tellin,,17129,Vorpommern-Greifswald,Mecklenburg-Vorpommern,53.845954,13.244725,366
120645404009,Alt Tucheband,,15328,Märkisch-Oderland,Brandenburg,52.536635,14.511961,829
130765658002,Alt Zachun,,19230,Ludwigslust-Parchim,Mecklenburg-Vorpommern,53.494331,11.337504,354
120615113005,Alt Zauche-Wußwerk/Stara Niwa-Wózwjerch,,15913,Dahme-Spreewald,Brandenburg,51.917765,14.016045,475
010535313002,Alt-Mölln,,23881,Herzogtum Lauenburg,Schleswig-Holstein,53.622775,10.658165,845
081165006004,Altbach,,73776,Esslingen,Baden-Württemberg,48.723629,9.380166,6047
073375003002,Altdorf,,67482,Südliche Weinstraße,Rheinland-Pfalz,49.286213,8.215757,962
081155004002,Altdorf,,71155,Böblingen,Baden-Württemberg,48.630941,8.995571,4529
081165003005,Altdorf,,72655,Esslingen,Baden-Württemberg,48.594688,9.271505,1713
092740113113,Altdorf,M,84032,Landshut,Bayern,48.556884,12.109369,11300
095740112112,Altdorf b.Nürnberg,St,90518,Nürnberger Land,Bayern,49.385516,11.354924,15478
120665601008,Altdöbern,,03229,Oberspreewald-Lausitz,Brandenburg,51.651872,14.035029,2325
130735362003,Altefähr,,18573,Vorpommern-Rügen,Mecklenburg-Vorpommern,54.330671,13.126612,1300
093755337113,Alteglofsheim,,93087,Regensburg,Bayern,48.919919,12.203745,3171
059620004004,Altena,Stadt,58762,Märkischer Kreis,Nordrhein-Westfalen,51.298662,7.67459,16621
071315002003,Altenahr,,53505,Ahrweiler,Rheinland-Pfalz,50.517326,6.991859,1605
071335001003,Altenbamberg,,55585,Bad Kreuznach,Rheinland-Pfalz,49.785381,7.83272,829
057740004004,Altenbeken,,33184,Paderborn,Nordrhein-Westfalen,51.760981,8.944689,9161
146285201010,Altenberg,Stadt,01773,Sächsische Schweiz-Osterzgebirge,Sachsen,50.766607,13.757485,7462
160745011002,Altenberga,,07768,Saale-Holzland-Kreis,Thüringen,50.830629,11.540544,791
055660004004,Altenberge,,48341,Steinfurt,Nordrhein-Westfalen,52.045876,7.465557,10278
160735051002,Altenbeuthen,,07338,Saalfeld-Rudolstadt,Thüringen,50.592223,11.600825,197
096765632111,Altenbuch,,97901,Miltenberg,Bayern,49.827992,9.401534,1223
160770001001,Altenburg,Stadt,04600,Altenburger Land,Thüringen,50.987493,12.438124,31093
071415003002,Altendiez,,65624,Rhein-Lahn-Kreis,Rheinland-Pfalz,50.370944,7.98331,2175
093765341112,Altendorf,,92540,Schwandorf,Bayern,49.404846,12.28001,882
094710111111,Altendorf,,96146,Bamberg,Bayern,49.797254,11.010627,2160
073365010003,Altenglan,,66885,Kusel,Rheinland-Pfalz,49.552743,7.463616,2754
130715163002,Altenhagen,,17091,Mecklenburgische Seenplatte,Mecklenburg-Vorpommern,53.761062,13.104795,305
150835052020,Altenhausen,,39343,Börde,Sachsen-Anhalt,52.261877,11.253666,967
010585893004,Altenhof,,24340,Rendsburg-Eckernförde,Schleswig-Holstein,54.434745,9.875234,312
130715159003,Altenhof,,17209,Mecklenburgische Seenplatte,Mecklenburg-Vorpommern,53.355473,12.357289,301
010580005005,Altenholz,,24161,Rendsburg-Eckernförde,Schleswig-Holstein,54.402998,10.120656,9865
073365009004,Altenkirchen,,66903,Kusel,Rheinland-Pfalz,49.442401,7.320514,1302
130735359004,Altenkirchen,,18556,Vorpommern-Rügen,Mecklenburg-Vorpommern,54.635674,13.341959,879
071325010501,Altenkirchen (Westerwald),Stadt,57610,Altenkirchen (Westerwald),Rheinland-Pfalz,50.687851,7.645362,6758
010555591002,Altenkrempe,,23730,Ostholstein,Schleswig-Holstein,54.13298,10.825665,1089
094780111111,Altenkunstadt,,96264,Lichtenfels,Bayern,50.124993,11.249572,5502
091890111111,Altenmarkt a.d.Alz,,83352,Traunstein,Bayern,48.000956,12.534485,4141
033605407001,Altenmedingen,,29575,Uelzen,Niedersachsen,53.131093,10.602557,1429
010615134004,Altenmoor,,25335,Steinburg,Schleswig-Holstein,53.764193,9.57688,238
097720115115,Altenmünster,,86450,Augsburg,Bayern,48.464837,10.590476,4776
130735351005,Altenpleen,,18445,Vorpommern-Rügen,Mecklenburg-Vorpommern,54.354376,12.956614,963
081165003006,Altenriet,,72657,Esslingen,Baden-Württemberg,48.591482,9.221764,1942
064400001001,Altenstadt,,63674,Wetteraukreis,Hessen,50.285831,8.945024,12764
091905174111,Altenstadt,,86972,Weilheim-Schongau,Bayern,47.82328,10.872239,3294
097755740111,Altenstadt,M,89281,Neu-Ulm,Bayern,48.159753,10.11339,5416
093740111111,Altenstadt a.d.Waldnaab,,92665,Neustadt a.d.Waldnaab,Bayern,49.723289,12.159855,4687
082355001006,Altensteig,Stadt,72213,Calw,Baden-Württemberg,48.584389,8.601974,10798
093755335114,Altenthann,,93177,Regensburg,Bayern,49.092609,12.303802,1515
130715163004,Altentreptow,Stadt,17087,Mecklenburgische Seenplatte,Mecklenburg-Vorpommern,53.692774,13.250181,4992
071405003001,Alterkülz,,56288,Rhein-Hunsrück-Kreis,Rheinland-Pfalz,50.031246,7.465531,373
096795651165,Altertheim,,97237,Würzburg,Bayern,49.727574,9.763603,1972
092745226114,Altfraunhofen,,84169,Landshut,Bayern,48.449443,12.171848,2559
091795131114,Althegnenberg,,82278,Fürstenfeldbruck,Bayern,48.233116,11.064455,2056
084255001004,Altheim,,89605,Alb-Donau-Kreis,Baden-Württemberg,48.327677,9.770679,582
084265007008,Altheim,,88499,Biberach,Baden-Württemberg,48.145555,9.448855,2160
084255008005,Altheim (Alb),,89174,Alb-Donau-Kreis,Baden-Württemberg,48.581738,10.025037,1757
082355002007,Althengstett,,75382,Calw,Baden-Württemberg,48.723525,8.795915,7886
073405008201,Althornbach,,66484,Südwestpfalz,Rheinland-Pfalz,49.20325,7.37523,649
081195001004,Althütte,,71566,Rems-Murr-Kreis,Baden-Württemberg,48.913413,9.575989,4184
120605006012,Althüttendorf,,16247,Barnim,Brandenburg,52.962341,13.806665,675
130725254004,Altkalen,,17179,Landkreis Rostock,Mecklenburg-Vorpommern,53.898718,12.738972,790
120640029029,Altlandsberg,Stadt,15345,Märkisch-Oderland,Brandenburg,52.566902,13.728164,9630
071355005003,Altlay,,56858,Cochem-Zell,Rheinland-Pfalz,49.988472,7.270413,449
073325007001,Altleiningen,,67317,Bad Dürkheim,Rheinland-Pfalz,49.508098,8.074275,1712
082265004003,Altlußheim,,68804,Rhein-Neckar-Kreis,Baden-Württemberg,49.301347,8.498339,6317
091760112112,Altmannstein,M,93336,Eichstätt,Bayern,48.896112,11.649929,7150
145225119010,Altmittweida,,09648,Mittelsachsen,Sachsen,50.967479,12.956935,1876
150905053007,Altmärkische Höhe,,39606,Stendal,Sachsen-Anhalt,52.841586,11.630284,1737
150905053008,Altmärkische Wische,,39615,Stendal,Sachsen-Anhalt,52.857082,11.876835,831
091740111111,Altomünster,M,85250,Dachau,Bayern,48.387627,11.256047,7818
072315008001,Altrich,,54518,Bernkastel-Wittlich,Rheinland-Pfalz,49.956432,6.910954,1693
073385008001,Altrip,,67122,Rhein-Pfalz-Kreis,Rheinland-Pfalz,49.431382,8.494911,7648
072325005003,Altscheid,,54636,Eifelkreis Bitburg-Prüm,Rheinland-Pfalz,50.018904,6.393899,92
084365001005,Altshausen,,88361,Ravensburg,Baden-Württemberg,47.93449,9.538271,3999
071355005004,Altstrimmig,,56858,Cochem-Zell,Rheinland-Pfalz,50.092718,7.292913,330
097800112112,Altusried,M,87452,Oberallgäu,Bayern,47.803647,10.215024,10289
130755552003,Altwarp,Fischerdorf,17375,Vorpommern-Greifswald,Mecklenburg-Vorpommern,53.743961,14.262179,406
071405008002,Altweidelbach,,55469,Rhein-Hunsrück-Kreis,Rheinland-Pfalz,49.994498,7.567389,291
130755559004,Altwigshagen,,17379,Vorpommern-Greifswald,Mecklenburg-Vorpommern,53.703845,13.835809,365
091710111111,Altötting,St,84503,Altötting,Bayern,48.227986,12.67892,13138
010605043002,Alveslohe,,25486,Segeberg,Schleswig-Holstein,53.786906,9.913813,2878
096710111111,Alzenau,St,63755,Aschaffenburg,Bayern,50.08681,9.071865,18034
073310003003,Alzey,Stadt,55232,Alzey-Worms,Rheinland-Pfalz,49.745225,8.112469,19468
160715053102,Am Ettersberg,,99439,Weimarer Land,Thüringen,51.062223,11.244444,7010
150835054025,Am Großen Bruch,,39393,Börde,Sachsen-Anhalt,52.06203,11.087054,2043
031589501501,Am Großen Rhode,gemfr. Gebiet,,Wolfenbüttel,Niedersachsen,52.194913,10.792837,0
120720002002,Am Mellensee,,15838,Teltow-Fläming,Brandenburg,52.156432,13.405535,7224
160610116116,Am Ohmberg,,37345,Eichsfeld,Thüringen,51.476954,10.479179,3577
130725259005,Am Salzhaff,,18233,Landkreis Rostock,Mecklenburg-Vorpommern,54.039444,11.621001,512
093610000000,Amberg,,92224,Amberg,Bayern,49.445278,11.856142,42553
097785764111,Amberg,,86854,Unterallgäu,Bayern,48.06153,10.680351,1508
033555401002,Amelinghausen,,21385,Lüneburg,Niedersachsen,53.125153,10.212483,3767
091870113113,Amerang,,83123,Rosenheim,Bayern,47.990939,12.308485,3739
097795722112,Amerdingen,,86735,Donau-Ries,Bayern,48.725457,10.486326,863
072325005004,Ammeldingen an der Our,,54675,Eifelkreis Bitburg-Prüm,Rheinland-Pfalz,49.889676,6.255549,20
072325005005,Ammeldingen bei Neuerburg,,54673,Eifelkreis Bitburg-Prüm,Rheinland-Pfalz,50.049123,6.275565,243
084160048048,Ammerbuch,,72119,Tübingen,Baden-Württemberg,48.554229,8.965685,11522
095730111111,Ammerndorf,M,90614,Fürth,Bayern,49.421097,10.853041,1998
010620090090,Ammersbek,,22949,Stormarn,Schleswig-Holstein,53.691174,10.167763,9991
091819451451,Ammersee,,,Landsberg am Lech,Bayern,48.002198,11.124783,0
093710111111,Ammerthal,,92260,Amberg-Sulzbach,Bayern,49.439533,11.759473,2051
096760112112,Amorbach,St,63916,Miltenberg,Bayern,49.644565,9.21813,3907
091830112112,Ampfing,,84539,Mühldorf a.Inn,Bayern,48.25513,12.418033,7234
084255009008,Amstetten,,73340,Alb-Donau-Kreis,Baden-Württemberg,48.577697,9.876125,4208
160635006104,Amt Creuzburg,Stadt,99831,Wartburgkreis,Thüringen,51.051684,10.242324,4910
033550049049,Amt Neuhaus,,19273,Lüneburg,Niedersachsen,53.285751,10.928994,4592
160700028028,Amt Wachsenburg,,99334,Ilm-Kreis,Thüringen,50.875842,10.970255,8041
145210010010,Amtsberg,,09439,Erzgebirgskreis,Sachsen,50.747579,12.987465,3590
084365007006,Amtzell,,88279,Ravensburg,Baden-Württemberg,47.70628,9.747974,4223
065340001001,Amöneburg,Stadt,35287,Marburg-Biedenkopf,Hessen,50.796985,8.924741,4972
150845051012,An der Poststraße,,06647,Burgenlandkreis,Sachsen-Anhalt,51.14347,11.478438,1571
160655056088,An der Schmücke,Stadt,06577,Kyffhäuserkreis,Thüringen,51.299629,11.215397,5881
091880117117,Andechs,,82346,Starnberg,Bayern,47.966991,11.184792,3830
033575404003,Anderlingen,,27446,Rotenburg (Wümme),Niedersachsen,53.372365,9.302152,823
071370003003,Andernach,Stadt,56626,Mayen-Koblenz,Rheinland-Pfalz,50.439583,7.398566,30039
034545402001,Andervenne,,49832,Emsland,Niedersachsen,52.508973,7.570871,926
160685002002,Andisleben,,99189,Sömmerda,Thüringen,51.082589,10.926862,600
082265008102,Angelbachtal,,74918,Rhein-Neckar-Kreis,Baden-Württemberg,49.233855,8.773413,5299
065340002002,Angelburg,,35719,Marburg-Biedenkopf,Hessen,50.824158,8.449582,3410
091720112112,Anger,,83454,Berchtesgadener Land,Bayern,47.802378,12.859411,4260
120730008008,Angermünde,Stadt,16278,Uckermark,Brandenburg,53.017304,14.003142,14233
150835051030,Angern,,39326,Börde,Sachsen-Anhalt,52.358478,11.734487,1881
071385009002,Anhausen,,56584,Neuwied,Rheinland-Pfalz,50.499676,7.55307,1401
130715158005,Ankershagen,Schliemanngemeinde,17219,Mecklenburgische Seenplatte,Mecklenburg-Vorpommern,53.484206,12.95775,488
130750005005,Anklam,Hansestadt,17389,Vorpommern-Greifswald,Mecklenburg-Vorpommern,53.855297,13.693003,11917
034595402002,Ankum,,49577,Osnabrück,Niedersachsen,52.541026,7.871286,8085
145210020020,Annaberg-Buchholz,Stadt,09456,Erzgebirgskreis,Sachsen,50.580572,13.003162,18815
150910010010,Annaburg,Stadt,06925,Wittenberg,Sachsen-Anhalt,51.731338,13.046683,6309
092729451451,Annathaler Wald,,,Freyung-Grafenau,Bayern,48.892841,13.626976,0
073375001501,Annweiler am Trifels,Stadt,76855,Südliche Weinstraße,Rheinland-Pfalz,49.203001,7.966259,7160
059740004004,Anröchte,,59609,Soest,Nordrhein-Westfalen,51.561271,8.327462,10304
095610000000,Ansbach,,91522,Ansbach,Bayern,49.303682,10.577254,40742
071375003004,Anschau,,56729,Mayen-Koblenz,Rheinland-Pfalz,50.299019,7.091844,286
091905176113,Antdorf,,82387,Weilheim-Schongau,Bayern,47.749411,11.308407,1356
065350002002,Antrifttal,,36326,Vogelsbergkreis,Hessen,50.795858,9.184625,1754
071315001004,Antweiler,,53533,Ahrweiler,Rheinland-Pfalz,50.403755,6.830811,476
091750111111,Anzing,,85646,Ebersberg,Bayern,48.151444,11.853441,4388
091759451451,Anzinger Forst,,,Ebersberg,Bayern,48.131765,11.908355,0
032575406002,Apelern,,31552,Schaumburg,Niedersachsen,52.289576,9.336445,2411
034510001001,Apen,,26689,Ammerland,Niedersachsen,53.218179,7.80595,12118
150815051026,Apenburg-Winterfeld,Flecken,38486,Altmarkkreis Salzwedel,Sachsen-Anhalt,52.708386,11.203595,1652
033595401003,Apensen,,21641,Stade,Niedersachsen,53.433183,9.613698,4431
091815142111,Apfeldorf,,86974,Landsberg am Lech,Bayern,47.895579,10.92837,1208
097785766113,Apfeltrach,,87742,Unterallgäu,Bayern,48.020061,10.494802,974
160710001001,Apolda,Stadt,99510,Weimarer Land,Thüringen,51.025292,11.517678,22787
033535403001,Appel,,21279,Harburg,Niedersachsen,53.390684,9.744968,2104
010565690001,Appen,,25482,Pinneberg,Schleswig-Holstein,53.659806,9.742691,4821
073395003001,Appenheim,,55437,Mainz-Bingen,Rheinland-Pfalz,49.929855,8.033495,1413
083170005005,Appenweier,,77767,Ortenaukreis,Baden-Württemberg,48.537224,7.978133,10374
072335004201,Arbach,,56769,Vulkaneifel,Rheinland-Pfalz,50.283528,7.044341,124
095710113113,Arberg,M,91722,Ansbach,Bayern,49.144689,10.617586,2233
071315001005,Aremberg,,53533,Ahrweiler,Rheinland-Pfalz,50.415251,6.806381,196
150810030030,Arendsee (Altmark),Stadt,39619,Altmarkkreis Salzwedel,Sachsen-Anhalt,52.881825,11.489149,6232
072315008003,Arenrath,,54518,Bernkastel-Wittlich,Rheinland-Pfalz,49.952722,6.741783,364
160615008001,Arenshausen,,37318,Eichsfeld,Thüringen,51.377339,9.969598,1025
091850113113,Aresing,,86561,Neuburg-Schrobenhausen,Bayern,48.531075,11.297536,3059
071375003006,Arft,,56729,Mayen-Koblenz,Rheinland-Pfalz,50.382822,7.082764,231
084360094094,Argenbühl,,88260,Ravensburg,Baden-Württemberg,47.688159,9.959372,6726
071335006004,Argenschwang,,55595,Bad Kreuznach,Rheinland-Pfalz,49.881134,7.699568,348
071405008003,Argenthal,,55496,Rhein-Hunsrück-Kreis,Rheinland-Pfalz,49.975997,7.596954,1720
032555409001,Arholzen,,37627,Holzminden,Niedersachsen,51.866505,9.569322,327
010515175002,Arkebek,,25767,Dithmarschen,Schleswig-Holstein,54.160197,9.250362,225
010545492007,Arlewatt,,25860,Nordfriesland,Schleswig-Holstein,54.539223,9.083426,348
073315006004,Armsheim,,55288,Alzey-Worms,Rheinland-Pfalz,49.808643,8.056736,2466
010605005003,Armstedt,,24616,Segeberg,Schleswig-Holstein,53.971225,9.847056,392
033525404002,Armstorf,,21769,Cuxhaven,Niedersachsen,53.597506,9.073937,689
092760113113,Arnbruck,,93471,Regen,Bayern,49.128784,12.99795,2031
150905051010,Arneburg,Stadt,39596,Stendal,Sachsen-Anhalt,52.675249,12.002138,1402
010595920002,Arnis,Stadt,24399,Schleswig-Flensburg,Schleswig-Holstein,54.630563,9.932332,251
059580004004,Arnsberg,Stadt,59759,Hochsauerlandkreis,Nordrhein-Westfalen,51.395795,8.064801,74879
093720112112,Arnschwang,,93473,Cham,Bayern,49.273377,12.815584,2005
146250010010,Arnsdorf,,01477,Bautzen,Sachsen,51.097715,13.992798,4960
071435008203,Arnshöfen,,56244,Westerwaldkreis,Rheinland-Pfalz,50.540299,7.867673,179
160700004004,Arnstadt,Stadt,99310,Ilm-Kreis,Thüringen,50.8333,10.946529,28615
096770114114,Arnstein,St,97450,Main-Spessart,Bayern,49.978736,9.966942,8281
150870031031,Arnstein,Stadt,06456,Mansfeld-Südharz,Sachsen-Anhalt,51.696038,11.456885,6123
092770111111,Arnstorf,M,94424,Rottal-Inn,Bayern,48.561081,12.8175,6495
010585895007,Arpsdorf,,24634,Rendsburg-Eckernförde,Schleswig-Holstein,54.039492,9.858885,312
093720113113,Arrach,,93474,Cham,Bayern,49.193549,13.002538,2314
160655055086,Artern,Stadt,06556,Kyffhäuserkreis,Thüringen,51.366252,11.292898,6462
033555407003,Artlenburg,Flecken,21380,Lüneburg,Niedersachsen,53.37287,10.486159,1769
071415010201,Arzbach,,56337,Rhein-Lahn-Kreis,Rheinland-Pfalz,50.379222,7.747792,1726
094790112112,Arzberg,St,95659,Wunsiedel i.Fichtelgebirge,Bayern,50.057171,12.185347,4908
147305302010,Arzberg,,04886,Nordsachsen,Sachsen,51.527348,13.124527,1815
072325001201,Arzfeld,,54687,Eifelkreis Bitburg-Prüm,Rheinland-Pfalz,50.088456,6.273505,1488
071345005004,Asbach,,55758,Birkenfeld,Rheinland-Pfalz,49.812309,7.279572,135
071385001003,Asbach,,53567,Neuwied,Rheinland-Pfalz,50.66519,7.423951,7807
097790115115,Asbach-Bäumenheim,,86663,Donau-Ries,Bayern,48.682934,10.818019,4750
160615051002,Asbach-Sickenberg,,37318,Eichsfeld,Thüringen,51.280007,10.030568,98
092785248116,Ascha,,94347,Straubing-Bogen,Bayern,48.997577,12.637381,1592
096610000000,Aschaffenburg,,63701,Aschaffenburg,Bayern,49.973506,9.147832,73091
091830113113,Aschau a.Inn,,84544,Mühldorf a.Inn,Bayern,48.197933,12.348732,3245
091870114114,Aschau i.Chiemgau,,83229,Rosenheim,Bayern,47.777656,12.324478,5471
073365008005,Aschbach,,67753,Kusel,Rheinland-Pfalz,49.600926,7.575961,304
055580004004,Ascheberg,,59387,Coesfeld,Nordrhein-Westfalen,51.79173,7.624004,15831
010570001001,Ascheberg (Holstein),,24326,Plön,Schleswig-Holstein,54.151075,10.341108,3196
010585890008,Ascheffel,,24358,Rendsburg-Eckernförde,Schleswig-Holstein,54.430871,9.69823,974
150890015015,Aschersleben,Stadt,06449,Salzlandkreis,Sachsen-Anhalt,51.756034,11.455041,25647
091840112112,Aschheim,,85609,München,Bayern,48.171014,11.71681,9149
032515403002,Asendorf,,27330,Diepholz,Niedersachsen,52.771317,9.004551,2840
033535402002,Asendorf,,21271,Harburg,Niedersachsen,53.289989,9.979301,2181
081195001087,Aspach,,71546,Rems-Murr-Kreis,Baden-Württemberg,48.96663,9.397127,8178
081180003003,Asperg,Stadt,71679,Ludwigsburg,Baden-Württemberg,48.905309,9.135236,13650
073395008002,Aspisheim,,55459,Mainz-Bingen,Rheinland-Pfalz,49.906281,7.980973,845
081285001006,Assamstadt,,97959,Main-Tauber-Kreis,Baden-Württemberg,49.427324,9.686743,2236
084255008011,Asselfingen,,89176,Alb-Donau-Kreis,Baden-Württemberg,48.529714,10.1914,1030
065320001001,Aßlar,Stadt,35614,Lahn-Dill-Kreis,Hessen,50.5893,8.464722,14482
091755112112,Aßling,,85617,Ebersberg,Bayern,47.992086,12.005281,4545
071435002204,Astert,,57627,Westerwaldkreis,Rheinland-Pfalz,50.691957,7.779931,260
059660004004,Attendorn,Hansestadt,57439,Olpe,Nordrhein-Westfalen,51.125217,7.905217,23554
071415010003,Attenhausen,,56370,Rhein-Lahn-Kreis,Rheinland-Pfalz,50.291971,7.877157,414
092735219115,Attenhofen,,84091,Kelheim,Bayern,48.649208,11.846593,1459
091785130115,Attenkirchen,,85395,Freising,Bayern,48.506366,11.758765,2760
084265003011,Attenweiler,,88448,Biberach,Baden-Württemberg,48.136819,9.698617,1905
092785250117,Atting,,94348,Straubing-Bogen,Bayern,48.895756,12.4873,1673
071435002205,Atzelgift,,57629,Westerwaldkreis,Rheinland-Pfalz,50.696325,7.824783,639
083155007003,Au,,79280,Breisgau-Hochschwarzwald,Baden-Württemberg,47.955421,7.828914,1501
082165003002,Au am Rhein,,76474,Rastatt,Baden-Württemberg,48.951487,8.236454,3368
091780116116,Au i.d.Hallertau,M,84072,Freising,Bayern,48.557539,11.742716,6290
096795644114,Aub,St,97239,Würzburg,Bayern,49.552013,10.06413,1370
096735634113,Aubstadt,,97633,Rhön-Grabfeld,Bayern,50.334541,10.434479,731
071355003005,Auderath,,56766,Cochem-Zell,Rheinland-Pfalz,50.186485,7.002278,665
145210035035,Aue-Bad Schlema,Stadt,08280,Erzgebirgskreis,Sachsen,50.585486,12.700986,18868
071415009004,Auel,,56357,Rhein-Lahn-Kreis,Rheinland-Pfalz,50.170904,7.765895,177
071335010005,Auen,,55569,Bad Kreuznach,Rheinland-Pfalz,49.831246,7.597484,185
160695051058,Auengrund,,98673,Hildburghausen,Thüringen,50.451865,10.886439,2765
081195001006,Auenwald,,71549,Rems-Murr-Kreis,Baden-Württemberg,48.937414,9.499196,6833
092710113113,Auerbach,,94530,Deggendorf,Bayern,48.803259,13.099909,2125
145215103040,Auerbach,,09392,Erzgebirgskreis,Sachsen,50.685786,12.914707,2296
093710113113,Auerbach i.d.OPf.,St,91275,Amberg-Sulzbach,Bayern,49.691728,11.6291,8846
145230020020,Auerbach/Vogtl.,Stadt,08209,Vogtlandkreis,Sachsen,50.508726,12.402307,17314
032570003003,Auetal,,31749,Schaumburg,Niedersachsen,52.234338,9.232853,6001
093755338115,Aufhausen,,93089,Regensburg,Bayern,48.872913,12.280959,1954
094725412115,Aufseß,,91347,Bayreuth,Bayern,49.8843,11.228675,1263
083155012004,Auggen,,79424,Breisgau-Hochschwarzwald,Baden-Württemberg,47.787301,7.596879,2797
097610000000,Augsburg,,86150,Augsburg,Bayern,48.368384,10.897594,301105
057660004004,Augustdorf,,32832,Lippe,Nordrhein-Westfalen,51.909123,8.74464,9774
145220020020,Augustusburg,Stadt,09573,Mittelsachsen,Sachsen,50.810614,13.10168,4379
032575407004,Auhagen,,31553,Schaumburg,Niedersachsen,52.398326,9.294945,1271
097795721117,Auhausen,,86736,Donau-Ries,Bayern,49.008065,10.621651,1052
010585895009,Aukrug,,24613,Rendsburg-Eckernförde,Schleswig-Holstein,54.083601,9.786793,3794
084360008008,Aulendorf,Stadt,88326,Ravensburg,Baden-Württemberg,47.951301,9.638492,10417
071415003005,Aull,,65582,Rhein-Lahn-Kreis,Rheinland-Pfalz,50.385738,8.001978,390
160760092092,Auma-Weidatal,Stadt,07955,Greiz,Thüringen,50.699794,11.900885,3324
010535323003,Aumühle,,21521,Herzogtum Lauenburg,Schleswig-Holstein,53.528598,10.313492,3254
096725608111,Aura a.d.Saale,,97717,Bad Kissingen,Bayern,50.164483,10.00738,857
096775622116,Aura i.Sinngrund,,97773,Main-Spessart,Bayern,50.174553,9.574579,929
095710114114,Aurach,,91589,Ansbach,Bayern,49.244603,10.412619,3104
095725512114,Aurachtal,,91086,Erlangen-Höchstadt,Bayern,49.575073,10.822529,3105
034520001001,Aurich,Stadt,26603,Aurich,Niedersachsen,53.469895,7.482377,42612
010595919103,Ausacker,,24975,Schleswig-Flensburg,Schleswig-Holstein,54.73908,9.574858,508
150835054035,Ausleben,,39393,Börde,Sachsen-Anhalt,52.089985,11.114198,1576
092715206114,Außernzell,,94532,Deggendorf,Bayern,48.724086,13.204294,1535
010615104005,Auufer,,25548,Steinburg,Schleswig-Holstein,53.924664,9.685543,132
072325007006,Auw an der Kyll,,54664,Eifelkreis Bitburg-Prüm,Rheinland-Pfalz,49.900735,6.615837,114
072325006202,Auw bei Prüm,,54597,Eifelkreis Bitburg-Prüm,Rheinland-Pfalz,50.300214,6.338534,601
097759451451,Auwald,,,Neu-Ulm,Bayern,48.228288,10.074248,0
010545489009,Aventoft,,25927,Nordfriesland,Schleswig-Holstein,54.901249,8.822142,409
010515163003,Averlak,,25715,Dithmarschen,Schleswig-Holstein,53.941154,9.182663,608
033565401001,Axstedt,,27729,Osterholz,Niedersachsen,53.35533,8.77323,1192
091840137137,Aying,,85653,München,Bayern,47.970734,11.777479,5581
072355008002,Ayl,,54441,Trier-Saarburg,Rheinland-Pfalz,49.630723,6.554472,1606
097720117117,Aystetten,,86482,Augsburg,Bayern,48.404945,10.775351,3095
130735357006,Baabe,Ostseebad,18586,Vorpommern-Rügen,Mecklenburg-Vorpommern,54.359106,13.702333,957
071375003007,Baar,,56729,Mayen-Koblenz,Rheinland-Pfalz,50.353598,7.048848,728
097715771176,Baar (Schwaben),,86674,Aichach-Friedberg,Bayern,48.588885,10.960289,1282
091860113113,Baar-Ebenhausen,,85107,Pfaffenhofen a.d.Ilm,Bayern,48.677642,11.47636,5488
064320002002,Babenhausen,Stadt,64832,Darmstadt-Dieburg,Hessen,49.962864,8.95236,17695
097785758115,Babenhausen,M,87727,Unterallgäu,Bayern,48.143052,10.253448,5669
091870116116,Babensham,,83547,Rosenheim,Bayern,48.083672,12.264331,3122
093755335116,Bach a.d.Donau,,93090,Regensburg,Bayern,49.020714,12.303994,1932
073395001003,Bacharach,Stadt,55422,Mainz-Bingen,Rheinland-Pfalz,50.060158,7.765023,1575
071325010004,Bachenberg,,57610,Altenkirchen (Westerwald),Rheinland-Pfalz,50.714447,7.646728,94
097735714112,Bachhagel,,89429,Dillingen a.d.Donau,Bayern,48.632815,10.321505,2289
081195001008,Backnang,Stadt,71522,Rems-Murr-Kreis,Baden-Württemberg,48.94691,9.424452,38818
092730116116,Bad Abbach,M,93077,Kelheim,Bayern,48.9363,12.041619,12545
091870117117,Bad Aibling,St,83043,Rosenheim,Bayern,47.863583,12.010474,18497
094795444111,Bad Alexandersbad,,95680,Wunsiedel i.Fichtelgebirge,Bayern,50.015409,12.015655,914
066350002002,Bad Arolsen,Stadt,34454,Waldeck-Frankenberg,Hessen,51.38002,9.017086,16050
091805133113,Bad Bayersoien,,82435,Garmisch-Partenkirchen,Bayern,47.690984,10.996604,1278
083365005006,Bad Bellingen,,79415,Lörrach,Baden-Württemberg,47.731696,7.556809,5134
120690020020,Bad Belzig,Stadt,14806,Potsdam-Mittelmark,Brandenburg,52.140642,12.586743,11118
034560001001,Bad Bentheim,Stadt,48455,Grafschaft Bentheim,Niedersachsen,52.302515,7.159614,16798
073375002005,Bad Bergzabern,Stadt,76887,Südliche Weinstraße,Rheinland-Pfalz,49.100366,7.999155,8724
160710003003,Bad Berka,Stadt,99438,Weimarer Land,Thüringen,50.899497,11.283174,7389
059700004004,Bad Berleburg,Stadt,57319,Siegen-Wittgenstein,Nordrhein-Westfalen,51.049858,8.392854,18400
094720116116,Bad Berneck i.Fichtelgebirge,St,95460,Bayreuth,Bayern,50.043667,11.667129,4373
071355003501,Bad Bertrich,,56864,Cochem-Zell,Rheinland-Pfalz,50.071005,7.035498,1020
033605407002,Bad Bevensen,Stadt,29549,Uelzen,Niedersachsen,53.080198,10.575419,9466
150845051015,Bad Bibra,Stadt,06647,Burgenlandkreis,Sachsen-Anhalt,51.207902,11.586191,2515
092775241113,Bad Birnbach,M,84364,Rottal-Inn,Bayern,48.444071,13.089951,5833
160730005005,Bad Blankenburg,Stadt,07422,Saalfeld-Rudolstadt,Thüringen,50.68475,11.261585,5843
096720112112,Bad Bocklet,M,97708,Bad Kissingen,Bayern,50.265699,10.080311,4734
033605408005,Bad Bodenteich,Flecken,29389,Uelzen,Niedersachsen,52.834094,10.678449,4609
081175009012,Bad Boll,,73087,Göppingen,Baden-Württemberg,48.639235,9.616604,5116
145230030030,Bad Brambach,,08648,Vogtlandkreis,Sachsen,50.223255,12.312457,1558
010600004004,Bad Bramstedt,Stadt,24576,Segeberg,Schleswig-Holstein,53.918819,9.882266,15439
071315003006,Bad Breisig,Stadt,53498,Ahrweiler,Rheinland-Pfalz,50.508995,7.299476,9623
096720113113,Bad Brückenau,St,97769,Bad Kissingen,Bayern,50.309455,9.786819,6470
084265001013,Bad Buchau,Stadt,88422,Biberach,Baden-Württemberg,48.063926,9.611773,4651
065330003003,Bad Camberg,Stadt,65520,Limburg-Weilburg,Hessen,50.29812,8.265932,14268
081175001006,Bad Ditzenbach,,73342,Göppingen,Baden-Württemberg,48.58863,9.704166,3840
130720006006,Bad Doberan,Stadt,18209,Landkreis Rostock,Mecklenburg-Vorpommern,54.106684,11.89935,13079
057620004004,Bad Driburg,Stadt,33014,Höxter,Nordrhein-Westfalen,51.736124,9.017025,19080
147300020020,Bad Düben,Stadt,04849,Nordsachsen,Sachsen,51.592198,12.585782,7713
073320002002,Bad Dürkheim,Stadt,67098,Bad Dürkheim,Rheinland-Pfalz,49.460397,8.169191,19159
150880020020,Bad Dürrenberg,Solestadt,06231,Saalekreis,Sachsen-Anhalt,51.292022,12.068592,11521
083260003003,Bad Dürrheim,Stadt,78073,Schwarzwald-Baar-Kreis,Baden-Württemberg,48.022026,8.530554,13149
032575401005,Bad Eilsen,,31707,Schaumburg,Niedersachsen,52.2407,9.105939,2494
145230040040,Bad Elster,Stadt,08645,Vogtlandkreis,Sachsen,50.282643,12.238262,3552
071415010006,Bad Ems,Stadt,56130,Rhein-Lahn-Kreis,Rheinland-Pfalz,50.33497,7.712321,10030
066330006006,Bad Emstal,,34308,Kassel,Hessen,51.243864,9.260599,5566
065340003003,Bad Endbach,,35080,Marburg-Biedenkopf,Hessen,50.753161,8.495525,7933
091870128128,Bad Endorf,M,83093,Rosenheim,Bayern,47.908862,12.298542,8117
034590003003,Bad Essen,,49152,Osnabrück,Niedersachsen,52.319617,8.343951,16265
033580008008,Bad Fallingbostel,Stadt,29683,Heidekreis,Niedersachsen,52.865924,9.693984,12783
091870129129,Bad Feilnbach,,83075,Rosenheim,Bayern,47.773292,12.008173,8198
160650003003,Bad Frankenhausen/Kyffhäuser,Stadt,06567,Kyffhäuserkreis,Thüringen,51.357318,11.100746,9715
120640044044,Bad Freienwalde (Oder),Stadt,16259,Märkisch-Oderland,Brandenburg,52.788194,14.031047,11877
081255001005,Bad Friedrichshall,Stadt,74177,Heilbronn,Baden-Württemberg,49.229477,9.215882,19853
092750116116,Bad Füssing,,94072,Passau,Bayern,48.351663,13.310922,7981
031550001001,Bad Gandersheim,Stadt,37581,Northeim,Niedersachsen,51.870567,10.024463,8983
146285202020,Bad Gottleuba-Berggießhübel,Stadt,01816,Sächsische Schweiz-Osterzgebirge,Sachsen,50.851891,13.943289,5367
092750124124,Bad Griesbach i.Rottal,St,94086,Passau,Bayern,48.451913,13.192962,8952
031590002002,Bad Grund (Harz),,37539,Göttingen,Niedersachsen,51.809721,10.239461,7738
097785768144,Bad Grönenbach,M,87730,Unterallgäu,Bayern,47.875068,10.221332,5780
031530002002,Bad Harzburg,Stadt,38667,Goslar,Niedersachsen,51.880275,10.560048,19489
091730111111,Bad Heilbrunn,,83670,Bad Tölz-Wolfratshausen,Bayern,47.746023,11.462626,3855
082355003033,Bad Herrenalb,Stadt,76332,Calw,Baden-Württemberg,48.797568,8.438156,7694
066320002002,Bad Hersfeld,Kreisstadt,36251,Hersfeld-Rotenburg,Hessen,50.867805,9.706008,30846
097800123123,Bad Hindelang,M,87541,Oberallgäu,Bayern,47.506738,10.370607,5058
064340001001,Bad Homburg v. d. Höhe,Stadt,61343,Hochtaunuskreis,Hessen,50.228406,8.61299,56688
053820008008,Bad Honnef,Stadt,53604,Rhein-Sieg-Kreis,Nordrhein-Westfalen,50.643591,7.229126,25061
071385002004,Bad Hönningen,Stadt,53557,Neuwied,Rheinland-Pfalz,50.515502,7.306432,6355
034590004004,Bad Iburg,Stadt,49186,Osnabrück,Niedersachsen,52.156471,8.045253,10652
066330002002,Bad Karlshafen,Stadt,34385,Kassel,Hessen,51.643844,9.453624,3373
096720114114,Bad Kissingen,GKSt,97688,Bad Kissingen,Bayern,50.200795,10.077888,23223
130745451002,Bad Kleinen,,23996,Nordwestmecklenburg,Mecklenburg-Vorpommern,53.770508,11.47265,3704
160745053003,Bad Klosterlausnitz,,07639,Saale-Holzland-Kreis,Thüringen,50.916409,11.867278,3399
091800112112,Bad Kohlgrub,,82433,Garmisch-Partenkirchen,Bayern,47.66653,11.051047,2875
071330006006,Bad Kreuznach,Stadt,55545,Bad Kreuznach,Rheinland-Pfalz,49.844515,7.861839,54168
083155001006,Bad Krozingen,Stadt,79189,Breisgau-Hochschwarzwald,Baden-Württemberg,47.916377,7.699949,21755
064370001001,Bad König,Stadt,64732,Odenwaldkreis,Hessen,49.743868,9.005106,9508
096730141141,Bad Königshofen i.Grabfeld,St,97631,Rhön-Grabfeld,Bayern,50.299384,10.467271,6034
160765051003,Bad Köstritz,Stadt,07586,Greiz,Thüringen,50.930222,12.010908,3651
093720137137,Bad Kötzting,St,93444,Cham,Bayern,49.174806,12.854868,7494
059700028028,Bad Laasphe,Stadt,57334,Siegen-Wittgenstein,Nordrhein-Westfalen,50.927285,8.41223,13148
034590005005,Bad Laer,,49196,Osnabrück,Niedersachsen,52.100739,8.08725,8895
160640003003,Bad Langensalza,Stadt,99947,Unstrut-Hainich-Kreis,Thüringen,51.106785,10.649839,16717
150880025025,Bad Lauchstädt,Goethestadt,06246,Saalekreis,Sachsen-Anhalt,51.387158,11.867012,8883
147295301010,Bad Lausick,Stadt,04651,Leipzig,Sachsen,51.144619,12.640283,8043
031590003003,Bad Lauterberg im Harz,Stadt,37431,Göttingen,Niedersachsen,51.626737,10.46544,10164
160630099099,Bad Liebenstein,Stadt,36448,Wartburgkreis,Thüringen,50.816027,10.348493,7662
120625031024,Bad Liebenwerda,Stadt,04924,Elbe-Elster,Brandenburg,51.515956,13.394139,8899
082355004008,Bad Liebenzell,Stadt,75378,Calw,Baden-Württemberg,48.771372,8.73361,9301
057740008008,Bad Lippspringe,Stadt,33175,Paderborn,Nordrhein-Westfalen,51.782341,8.818502,17252
160750062062,Bad Lobenstein,Stadt,07356,Saale-Orla-Kreis,Thüringen,50.450309,11.640388,5523
071435001206,Bad Marienberg (Westerwald),Stadt,56470,Westerwaldkreis,Rheinland-Pfalz,50.651469,7.950685,6096
081285001007,Bad Mergentheim,Stadt,97980,Main-Tauber-Kreis,Baden-Württemberg,49.490973,9.773085,24023
146265203010,Bad Muskau / Mužakow,Stadt,02953,Görlitz,Sachsen,51.545194,14.721746,3577
032520002002,Bad Münder am Deister,Stadt,31848,Hameln-Pyrmont,Niedersachsen,52.197773,9.463755,17261
053660004004,Bad Münstereifel,Stadt,53902,Euskirchen,Nordrhein-Westfalen,50.556858,6.765111,18297
064400002002,Bad Nauheim,Stadt,61231,Wetteraukreis,Hessen,50.363379,8.734962,32894
032575403006,Bad Nenndorf,Stadt,31542,Schaumburg,Niedersachsen,52.339433,9.374996,11686
093770142142,Bad Neualbenreuth,M,95698,Tirschenreuth,Bayern,49.978772,12.444028,1412
071310007007,Bad Neuenahr-Ahrweiler,Stadt,53474,Ahrweiler,Rheinland-Pfalz,50.545218,7.120457,27961
096730114114,Bad Neustadt a.d.Saale,St,97616,Rhön-Grabfeld,Bayern,50.329758,10.206512,15434
057700004004,Bad Oeynhausen,Stadt,32545,Minden-Lübbecke,Nordrhein-Westfalen,52.205258,8.805514,50620
010620004004,Bad Oldesloe,Stadt,23843,Stormarn,Schleswig-Holstein,53.810046,10.373196,24846
064350001001,Bad Orb,Stadt,63619,Main-Kinzig-Kreis,Hessen,50.227786,9.348206,9934
083175008008,Bad Peterstal-Griesbach,,77740,Ortenaukreis,Baden-Württemberg,48.428963,8.205832,2583
032520003003,Bad Pyrmont,Stadt,31812,Hameln-Pyrmont,Niedersachsen,51.985333,9.263703,19722
081255002006,Bad Rappenau,Stadt,74906,Heilbronn,Baden-Württemberg,49.240303,9.103117,22703
091720114114,Bad Reichenhall,GKSt,83435,Berchtesgadener Land,Bayern,47.725886,12.876699,18288
082375002075,Bad Rippoldsau-Schapbach,,77776,Freudenstadt,Baden-Württemberg,48.378284,8.291422,2035
094730158158,Bad Rodach,St,96476,Coburg,Bayern,50.341213,10.778713,6179
034590006006,Bad Rothenfelde,,49214,Osnabrück,Niedersachsen,52.108228,8.160649,8385
120675707024,Bad Saarow,,15526,Oder-Spree,Brandenburg,52.292978,14.062758,6340
031590004004,Bad Sachsa,Stadt,37441,Göttingen,Niedersachsen,51.594452,10.552027,7193
032540005005,Bad Salzdetfurth,Stadt,31162,Hildesheim,Niedersachsen,52.063403,10.007627,13037
066310001001,Bad Salzschlirf,,36364,Fulda,Hessen,50.623014,9.509294,3629
057660008008,Bad Salzuflen,Stadt,32105,Lippe,Nordrhein-Westfalen,52.084998,8.741876,53958
160635051003,Bad Salzungen,Stadt,36433,Wartburgkreis,Thüringen,50.810471,10.232333,22557
059740008008,Bad Sassendorf,,59505,Soest,Nordrhein-Westfalen,51.585642,8.164329,12194
084375005100,Bad Saulgau,Stadt,88348,Sigmaringen,Baden-Württemberg,48.013864,9.499183,17889
146285204030,Bad Schandau,Stadt,01814,Sächsische Schweiz-Osterzgebirge,Sachsen,50.917397,14.154659,3346
150910020020,Bad Schmiedeberg,Stadt,06905,Wittenberg,Sachsen-Anhalt,51.683602,12.73142,7941
084265002014,Bad Schussenried,Stadt,88427,Biberach,Baden-Württemberg,48.004849,9.657495,9044
064390002002,Bad Schwalbach,Kreisstadt,65307,Rheingau-Taunus-Kreis,Hessen,50.140276,8.069825,11532
010550004004,Bad Schwartau,Stadt,23611,Ostholstein,Schleswig-Holstein,53.920431,10.695909,19954
082155001100,Bad Schönborn,,76669,Karlsruhe,Baden-Württemberg,49.219375,8.652877,13583
010600005005,Bad Segeberg,Stadt,23795,Segeberg,Schleswig-Holstein,53.937059,10.304193,18399
071335010501,Bad Sobernheim,Stadt,55566,Bad Kreuznach,Rheinland-Pfalz,49.7838,7.654164,6564
064360001001,Bad Soden am Taunus,Stadt,65812,Main-Taunus-Kreis,Hessen,50.143796,8.5018,23103
064350002002,Bad Soden-Salmünster,Stadt,63628,Main-Kinzig-Kreis,Hessen,50.275248,9.372421,13719
066360001001,Bad Sooden-Allendorf,Stadt,37242,Werra-Meißner-Kreis,Hessen,51.272411,9.980802,8141
094780165165,Bad Staffelstein,St,96231,Lichtenfels,Bayern,50.10147,10.999853,10821
094750112112,Bad Steben,M,95138,Hof,Bayern,50.365393,11.643502,3240
160715051004,Bad Sulza,Stadt,99518,Weimarer Land,Thüringen,51.086787,11.623826,8001
083375005096,Bad Säckingen,Stadt,79713,Waldshut,Baden-Württemberg,47.552535,7.948758,17767
130735360007,Bad Sülze,Stadt,18334,Vorpommern-Rügen,Mecklenburg-Vorpommern,54.109956,12.65907,1659
160670064064,Bad Tabarz,,99891,Gotha,Thüringen,50.876113,10.516205,3973
082355005084,Bad Teinach-Zavelstein,Stadt,75385,Calw,Baden-Württemberg,48.688772,8.688173,3220
160645001004,Bad Tennstedt,Stadt,99955,Unstrut-Hainich-Kreis,Thüringen,51.153642,10.838775,2399
091730112112,Bad Tölz,St,83646,Bad Tölz-Wolfratshausen,Bayern,47.759148,11.563912,19826
084155005078,Bad Urach,Stadt,72574,Reutlingen,Baden-Württemberg,48.493051,9.400021,12751
064400003003,Bad Vilbel,Stadt,61118,Wetteraukreis,Hessen,50.180878,8.741149,35961
084365002009,Bad Waldsee,Stadt,88339,Ravensburg,Baden-Württemberg,47.92251,9.751276,20838
094790166166,Bad Weißenstadt,St,95163,Wunsiedel i.Fichtelgebirge,Bayern,50.101234,11.885088,2880
091820111111,Bad Wiessee,,83707,Miesbach,Bayern,47.712577,11.725573,4820
082355008079,Bad Wildbad,Stadt,75323,Calw,Baden-Württemberg,48.752251,8.549762,10388
066350003003,Bad Wildungen,Stadt,34537,Waldeck-Frankenberg,Hessen,51.119966,9.124808,17364
120705001008,Bad Wilsnack,Stadt,19336,Prignitz,Brandenburg,52.954958,11.948256,2512
081250007007,Bad Wimpfen,Stadt,74206,Heilbronn,Baden-Württemberg,49.228198,9.163305,7686
095750112112,Bad Windsheim,St,91438,Neustadt a.d.Aisch-Bad Windsheim,Bayern,49.502758,10.4192,12446
084360010010,Bad Wurzach,Stadt,88410,Ravensburg,Baden-Württemberg,47.908416,9.896525,14942
097780116116,Bad Wörishofen,St,86825,Unterallgäu,Bayern,48.002989,10.592777,16933
057740040040,Bad Wünnenberg,Stadt,33181,Paderborn,Nordrhein-Westfalen,51.517257,8.697601,12418
066340027027,Bad Zwesten,,34596,Schwalm-Eder-Kreis,Hessen,51.052069,9.175326,3941
034510002002,Bad Zwischenahn,,26160,Ammerland,Niedersachsen,53.180788,8.008329,29698
081175004007,Bad Überkingen,,73337,Göppingen,Baden-Württemberg,48.602392,9.799193,3788
034595401007,Badbergen,,49635,Osnabrück,Niedersachsen,52.633175,7.981071,4297
031585402002,Baddeckenstedt,,38271,Wolfenbüttel,Niedersachsen,52.083951,10.231504,2933
072325008007,Badem,,54657,Eifelkreis Bitburg-Prüm,Rheinland-Pfalz,50.004334,6.607855,1304
082110000000,Baden-Baden,Stadt,76530,Baden-Baden,Baden-Württemberg,48.761794,8.239951,56881
010625244003,Badendorf,,23619,Stormarn,Schleswig-Holstein,53.869606,10.583066,938
071405009005,Badenhard,,56291,Rhein-Hunsrück-Kreis,Rheinland-Pfalz,50.122608,7.633533,157
073395008004,Badenheim,,55576,Mainz-Bingen,Rheinland-Pfalz,49.841585,7.968923,643
083155012007,Badenweiler,,79410,Breisgau-Hochschwarzwald,Baden-Württemberg,47.801935,7.672322,4629
053340008008,Baesweiler,Stadt,52499,Städteregion Aachen,Nordrhein-Westfalen,50.906664,6.181166,29206
083165005002,Bahlingen am Kaiserstuhl,,79353,Emmendingen,Baden-Württemberg,48.1229,7.738996,4538
031545404001,Bahrdorf,,38459,Helmstedt,Niedersachsen,52.387587,11.004207,1742
032515404003,Bahrenborstel,,27245,Diepholz,Niedersachsen,52.57221,8.815121,1080
010615153006,Bahrenfleth,,25569,Steinburg,Schleswig-Holstein,53.864318,9.42837,564
010605086006,Bahrenhof,,23845,Segeberg,Schleswig-Holstein,53.878604,10.379518,210
146285202040,Bahretal,,01819,Sächsische Schweiz-Osterzgebirge,Sachsen,50.880306,13.907963,2082
084365005011,Baienfurt,,88255,Ravensburg,Baden-Württemberg,47.826982,9.651432,7382
092745226118,Baierbach,,84171,Landshut,Bayern,48.415797,12.207176,732
091840113113,Baierbrunn,,82065,München,Bayern,48.019582,11.486944,3376
091755114113,Baiern,,85625,Ebersberg,Bayern,47.957257,11.898056,1488
082370004004,Baiersbronn,,72270,Freudenstadt,Baden-Württemberg,48.505528,8.371955,15465
095720115115,Baiersdorf,St,91083,Erlangen-Höchstadt,Bayern,49.655938,11.029029,7890
084365005012,Baindt,,88255,Ravensburg,Baden-Württemberg,47.84186,9.661164,5269
097775753114,Baisweil,,87650,Ostallgäu,Bayern,47.943787,10.541831,1367
034600001001,Bakum,,49456,Vechta,Niedersachsen,52.741658,8.195485,6872
097805742113,Balderschwang,,87538,Oberallgäu,Bayern,47.465751,10.103847,354
072355008003,Baldringen,,54314,Trier-Saarburg,Rheinland-Pfalz,49.612664,6.683988,264
071415003503,Balduinstein,,65558,Rhein-Lahn-Kreis,Rheinland-Pfalz,50.343768,7.973636,577
072325008203,Balesfeld,,54597,Eifelkreis Bitburg-Prüm,Rheinland-Pfalz,50.104036,6.531377,194
032565411001,Balge,,31609,Nienburg (Weser),Niedersachsen,52.718245,9.184785,1632
083275004005,Balgheim,,78582,Tuttlingen,Baden-Württemberg,48.066254,8.763938,1317
150845053025,Balgstädt,,06632,Burgenlandkreis,Sachsen-Anhalt,51.204907,11.732025,1057
084175002002,Balingen,Stadt,72336,Zollernalbkreis,Baden-Württemberg,48.274036,8.851588,35623
033595407004,Balje,,21730,Stade,Niedersachsen,53.831601,9.131287,870
084255008013,Ballendorf,,89177,Alb-Donau-Kreis,Baden-Württemberg,48.554937,10.07723,696
150850040040,Ballenstedt,Stadt,06493,Harz,Sachsen-Anhalt,51.72028,11.237514,8422
160645001005,Ballhausen,,99955,Unstrut-Hainich-Kreis,Thüringen,51.155055,10.88678,821
083155006008,Ballrechten-Dottingen,,79282,Breisgau-Hochschwarzwald,Baden-Württemberg,47.85776,7.691108,2485
160715053005,Ballstedt,,99439,Weimarer Land,Thüringen,51.051754,11.210999,285
130765657003,Balow,,19300,Ludwigslust-Parchim,Mecklenburg-Vorpommern,53.262969,11.717229,315
081165007007,Baltmannsweiler,,73666,Esslingen,Baden-Württemberg,48.742625,9.448403,5525
034520002002,Baltrum,,26579,Aurich,Niedersachsen,53.727447,7.369884,471
059620008008,Balve,Stadt,58802,Märkischer Kreis,Nordrhein-Westfalen,51.330545,7.864187,11240
097745732115,Balzhausen,,86483,Günzburg,Bayern,48.242055,10.493311,1247
084255003140,Balzheim,,88481,Alb-Donau-Kreis,Baden-Württemberg,48.180798,10.076078,2137
094610000000,Bamberg,,96031,Bamberg,Bayern,49.893387,10.886786,77150
082265005006,Bammental,,69245,Rhein-Neckar-Kreis,Baden-Württemberg,49.357303,8.77808,6278
130755563006,Bandelin,,17506,Vorpommern-Greifswald,Mecklenburg-Vorpommern,53.964782,13.378573,561
130765658004,Bandenitz,,19230,Ludwigslust-Parchim,Mecklenburg-Vorpommern,53.494516,11.28473,531
073355011002,Bann,,66851,Kaiserslautern,Rheinland-Pfalz,49.390185,7.611963,2204
071435010003,Bannberscheid,,56424,Westerwaldkreis,Rheinland-Pfalz,50.472029,7.837632,696
146280050050,Bannewitz,,01728,Sächsische Schweiz-Osterzgebirge,Sachsen,50.994696,13.722216,11122
130765668005,Banzkow,,19079,Ludwigslust-Parchim,Mecklenburg-Vorpommern,53.523242,11.515283,2620
073375002006,Barbelroth,,76889,Südliche Weinstraße,Rheinland-Pfalz,49.101569,8.07179,664
093750117117,Barbing,,93092,Regensburg,Bayern,49.003328,12.197586,5861
150890026026,Barby,Stadt,39249,Salzlandkreis,Sachsen-Anhalt,51.966471,11.880764,7813
160630004004,Barchfeld-Immelborn,,36456,Wartburgkreis,Thüringen,50.799712,10.298592,4268
033555402004,Bardowick,Flecken,21357,Lüneburg,Niedersachsen,53.292328,10.388067,6604
032515404004,Barenburg,Flecken,27245,Diepholz,Niedersachsen,52.621324,8.798729,1222
033555406005,Barendorf,,21397,Lüneburg,Niedersachsen,53.228804,10.521495,2436
010515175004,Bargenstedt,,25704,Dithmarschen,Schleswig-Holstein,54.095594,9.144199,956
010625218005,Bargfeld-Stegen,,23863,Stormarn,Schleswig-Holstein,53.766521,10.186613,2984
130755553007,Bargischow,,17398,Vorpommern-Greifswald,Mecklenburg-Vorpommern,53.832798,13.755535,298
010585847010,Bargstall,,24806,Rendsburg-Eckernförde,Schleswig-Holstein,54.260388,9.46575,163
010585864011,Bargstedt,,24793,Rendsburg-Eckernförde,Schleswig-Holstein,54.162433,9.769024,780
033595403005,Bargstedt,,21698,Stade,Niedersachsen,53.460043,9.448787,2137
010620006006,Bargteheide,Stadt,22941,Stormarn,Schleswig-Holstein,53.730088,10.261922,16245
010545494010,Bargum,,25842,Nordfriesland,Schleswig-Holstein,54.704209,8.947267,659
010605053007,Bark,,23826,Segeberg,Schleswig-Holstein,53.910575,10.18504,1049
010585893012,Barkelsby,,24360,Rendsburg-Eckernförde,Schleswig-Holstein,54.501518,9.839569,1569
010515169005,Barkenholm,,25791,Dithmarschen,Schleswig-Holstein,54.237387,9.174339,169
130765663006,Barkhagen,,19395,Ludwigslust-Parchim,Mecklenburg-Vorpommern,53.496939,12.210565,572
150830040040,Barleben,,39179,Börde,Sachsen-Anhalt,52.199761,11.620091,9137
010515175006,Barlt,,25719,Dithmarschen,Schleswig-Holstein,54.012444,9.058002,726
010575747002,Barmissen,,24245,Plön,Schleswig-Holstein,54.204995,10.175384,171
010560002002,Barmstedt,Stadt,25355,Pinneberg,Schleswig-Holstein,53.790385,9.768595,10470
130745451003,Barnekow,,23968,Nordwestmecklenburg,Mecklenburg-Vorpommern,53.867101,11.372593,577
130765668007,Barnin,,19089,Ludwigslust-Parchim,Mecklenburg-Vorpommern,53.59356,11.695487,466
010625244008,Barnitz,,23858,Stormarn,Schleswig-Holstein,53.805978,10.500288,849
033555405006,Barnstedt,,21406,Lüneburg,Niedersachsen,53.135816,10.372485,769
032515402005,Barnstorf,Flecken,49406,Diepholz,Niedersachsen,52.70951,8.505122,6685
031589502502,Barnstorf-Warle,gemfr. Gebiet,,Wolfenbüttel,Niedersachsen,52.172407,10.838907,0
150885051030,Barnstädt,,06268,Saalekreis,Sachsen-Anhalt,51.344942,11.643646,911
057660012012,Barntrup,Stadt,32683,Lippe,Nordrhein-Westfalen,51.990496,9.116339,8297
010575755003,Barsbek,,24217,Plön,Schleswig-Holstein,54.404132,10.320134,587
010620009009,Barsbüttel,,22885,Stormarn,Schleswig-Holstein,53.569015,10.169264,13302
032410002002,Barsinghausen,Stadt,30890,Region Hannover,Niedersachsen,52.301868,9.465004,33941
034530001001,Barßel,,26676,Cloppenburg,Niedersachsen,53.168704,7.745157,13780
130725251007,Bartenshagen-Parkentin,,18209,Landkreis Rostock,Mecklenburg-Vorpommern,54.078304,11.978504,1310
130735352009,Barth,Stadt,18356,Vorpommern-Rügen,Mecklenburg-Vorpommern,54.36871,12.72658,7568
081365006007,Bartholomä,,73566,Ostalbkreis,Baden-Württemberg,48.752118,9.987345,2042
130715163006,Bartow,,17089,Mecklenburgische Seenplatte,Mecklenburg-Vorpommern,53.816358,13.345022,509
033555402007,Barum,,21357,Lüneburg,Niedersachsen,53.351294,10.408796,2033
033605407003,Barum,,29576,Uelzen,Niedersachsen,53.052039,10.516724,764
120720014014,Baruth/Mark,Stadt,15837,Teltow-Fläming,Brandenburg,52.049327,13.504113,4168
032515405006,Barver,,49453,Diepholz,Niedersachsen,52.620672,8.593598,1039
031515401002,Barwedel,,38476,Gifhorn,Niedersachsen,52.522997,10.777346,978
071315001008,Barweiler,,53534,Ahrweiler,Rheinland-Pfalz,50.357219,6.867479,389
072335006002,Basberg,,54578,Vulkaneifel,Rheinland-Pfalz,50.294238,6.606283,78
033575403004,Basdahl,,27432,Rotenburg (Wümme),Niedersachsen,53.443117,8.997025,1475
010535343006,Basedow,,21483,Herzogtum Lauenburg,Schleswig-Holstein,53.416151,10.583592,614
130715153007,Basedow,,17139,Mecklenburgische Seenplatte,Mecklenburg-Vorpommern,53.696842,12.68118,674
071375008202,Bassenheim,,56220,Mayen-Koblenz,Rheinland-Pfalz,50.358978,7.457078,2985
032510007007,Bassum,Stadt,27211,Diepholz,Niedersachsen,52.847957,8.725552,16604
096735633116,Bastheim,,97654,Rhön-Grabfeld,Bayern,50.402048,10.203209,1960
010535373007,Basthorst,,21493,Herzogtum Lauenburg,Schleswig-Holstein,53.576616,10.47139,450
130725259008,Bastorf,,18230,Landkreis Rostock,Mecklenburg-Vorpommern,54.125959,11.697671,1096
066350004004,Battenberg (Eder),Stadt,35088,Waldeck-Frankenberg,Hessen,51.013769,8.647673,5450
073325007003,Battenberg (Pfalz),,67271,Bad Dürkheim,Rheinland-Pfalz,49.532039,8.138375,374
073405008202,Battweiler,,66484,Südwestpfalz,Rheinland-Pfalz,49.277614,7.461753,631
095755521113,Baudenbach,M,91460,Neustadt a.d.Aisch-Bad Windsheim,Bayern,49.62386,10.536675,1251
071315001009,Bauler,,53534,Ahrweiler,Rheinland-Pfalz,50.323094,6.874294,47
072325005008,Bauler,,54673,Eifelkreis Bitburg-Prüm,Rheinland-Pfalz,49.964867,6.20706,83
130725252009,Baumgarten,,18246,Landkreis Rostock,Mecklenburg-Vorpommern,53.812379,11.878243,810
071345001005,Baumholder,Stadt,55774,Birkenfeld,Rheinland-Pfalz,49.615797,7.336809,4265
094715401115,Baunach,St,96148,Bamberg,Bayern,49.988184,10.850053,4109
066330003003,Baunatal,Stadt,34225,Kassel,Hessen,51.254184,9.415659,27929
072315009004,Bausendorf,,54538,Bernkastel-Wittlich,Rheinland-Pfalz,50.013688,6.99676,1420
072325008009,Baustert,,54636,Eifelkreis Bitburg-Prüm,Rheinland-Pfalz,49.978488,6.392135,425
146250020020,"Bautzen / Budyšin, Stadt",Hochschulstadt / Wysokošulske město,02625,Bautzen,Sachsen,51.180868,14.427688,37566
034545405002,Bawinkel,,49844,Emsland,Niedersachsen,52.600378,7.411492,2630
092775241112,Bayerbach,,94137,Rottal-Inn,Bayern,48.410085,13.143962,1674
092745220119,Bayerbach b.Ergoldsbach,,84092,Landshut,Bayern,48.704471,12.295097,1993
073335007004,Bayerfeld-Steckweiler,,67808,Donnersbergkreis,Rheinland-Pfalz,49.67877,7.797604,389
092760115115,Bayerisch Eisenstein,,94252,Regen,Bayern,49.121947,13.20204,965
091720115115,Bayerisch Gmain,,83457,Berchtesgadener Land,Bayern,47.720923,12.892608,3014
094620000000,Bayreuth,,95410,Bayreuth,Bayern,49.943752,11.575301,72940
091820112112,Bayrischzell,,83735,Miesbach,Bayern,47.673874,12.013715,1607
010605053008,Bebensee,,23816,Segeberg,Schleswig-Holstein,53.875193,10.298549,628
066320003003,Bebra,Stadt,36179,Hersfeld-Rotenburg,Hessen,50.970041,9.794171,12945
071415010008,Becheln,,56132,Rhein-Lahn-Kreis,Rheinland-Pfalz,50.293057,7.71838,656
073315001005,Bechenheim,,55234,Alzey-Worms,Rheinland-Pfalz,49.729069,8.002618,411
071335010011,Becherbach,,67827,Bad Kreuznach,Rheinland-Pfalz,49.654089,7.680746,844
071335009010,Becherbach bei Kirn,,55608,Bad Kreuznach,Rheinland-Pfalz,49.740977,7.499688,409
073405008203,Bechhofen,,66894,Südwestpfalz,Rheinland-Pfalz,49.351317,7.40316,2048
095710115115,Bechhofen,M,91572,Ansbach,Bayern,49.159901,10.553146,6365
160735054006,Bechstedt,,07426,Saalfeld-Rudolstadt,Thüringen,50.660745,11.177305,143
073315007006,Bechtheim,,67595,Alzey-Worms,Rheinland-Pfalz,49.727031,8.293205,1842
073315001007,Bechtolsheim,,55234,Alzey-Worms,Rheinland-Pfalz,49.804318,8.194786,1798
093745329170,Bechtsrieth,,92699,Neustadt a.d.Waldnaab,Bayern,49.64646,12.211688,1073
033595401006,Beckdorf,,21643,Stade,Niedersachsen,53.413131,9.610546,2811
032575402007,Beckedorf,,31699,Schaumburg,Niedersachsen,52.342837,9.313716,1422
034585401001,Beckeln,,27243,Oldenburg,Niedersachsen,52.861461,8.582048,776
100420111111,Beckingen,,66701,Merzig-Wadern,Saarland,49.394177,6.69679,15442
055700008008,Beckum,Stadt,59269,Warendorf,Nordrhein-Westfalen,51.75574,8.042672,37133
053620004004,Bedburg,Stadt,50181,Rhein-Erft-Kreis,Nordrhein-Westfalen,50.994862,6.575238,25316
051540004004,Bedburg-Hau,,47551,Kleve,Nordrhein-Westfalen,51.760594,6.187561,13599
073365010106,Bedesbach,,66885,Kusel,Rheinland-Pfalz,49.567802,7.459448,765
033515403003,Beedenbostel,,29355,Celle,Niedersachsen,52.64426,10.256786,961
055700012012,Beelen,,48361,Warendorf,Nordrhein-Westfalen,51.930124,8.118191,6002
120690017017,Beelitz,Stadt,14547,Potsdam-Mittelmark,Brandenburg,52.232322,12.977691,13879
150835052060,Beendorf,,39343,Börde,Sachsen-Anhalt,52.242316,11.085883,803
120670036036,Beeskow,Stadt,15848,Oder-Spree,Brandenburg,52.172338,14.24693,7998
034545402003,Beesten,,49832,Emsland,Niedersachsen,52.43596,7.497701,1736
150815051045,Beetzendorf,,38489,Altmarkkreis Salzwedel,Sachsen-Anhalt,52.7,11.089028,2913
120695902018,Beetzsee,,14778,Potsdam-Mittelmark,Brandenburg,52.461693,12.537066,2696
120695902019,Beetzseeheide,,14778,Potsdam-Mittelmark,Brandenburg,52.494945,12.629564,762
130715151008,Beggerow,,17111,Mecklenburgische Seenplatte,Mecklenburg-Vorpommern,53.828397,13.053886,473
010535308008,Behlendorf,,23919,Herzogtum Lauenburg,Schleswig-Holstein,53.699475,10.667846,395
130725254010,Behren-Lübchin,,17179,Landkreis Rostock,Mecklenburg-Vorpommern,54.02899,12.664874,940
010545453011,Behrendorf,,25850,Nordfriesland,Schleswig-Holstein,54.565192,9.223509,574
130755555008,Behrenhoff,,17498,Vorpommern-Greifswald,Mecklenburg-Vorpommern,54.005771,13.391812,872
010575727004,Behrensdorf (Ostsee),,24321,Plön,Schleswig-Holstein,54.346515,10.603736,626
095749451451,Behringersdorfer Forst,,,Nürnberger Land,Bayern,49.498324,11.200164,0
010615179007,Beidenfleth,,25573,Steinburg,Schleswig-Holstein,53.87951,9.40975,830
146265228020,Beiersdorf,,02736,Görlitz,Sachsen,51.075898,14.541944,1038
120645403053,Beiersdorf-Freudenberg,,16259,Märkisch-Oderland,Brandenburg,52.69905,13.816021,627
031545402002,Beierstedt,,38382,Helmstedt,Niedersachsen,52.073819,10.858806,363
072325007010,Beilingen,,54662,Eifelkreis Bitburg-Prüm,Rheinland-Pfalz,49.953427,6.662445,386
091760114114,Beilngries,St,92339,Eichstätt,Bayern,49.03653,11.471047,10218
147305302030,Beilrode,,04886,Nordsachsen,Sachsen,51.569501,13.067067,4161
071355001007,Beilstein,,56814,Cochem-Zell,Rheinland-Pfalz,50.110347,7.241189,138
081255012008,Beilstein,Stadt,71717,Heilbronn,Baden-Württemberg,49.040994,9.313798,6412
084255004014,Beimerstetten,,89179,Alb-Donau-Kreis,Baden-Württemberg,48.481886,9.98581,2479
073385006002,Beindersheim,,67259,Rhein-Pfalz-Kreis,Rheinland-Pfalz,49.561101,8.319653,3451
160695002003,Beinerstadt,,98660,Hildburghausen,Thüringen,50.472586,10.596773,283
072335004003,Beinhausen,,54552,Vulkaneifel,Rheinland-Pfalz,50.265257,6.883019,88
010615138008,Bekdorf,,25554,Steinburg,Schleswig-Holstein,53.938255,9.423362,92
010615138010,Bekmünde,,25524,Steinburg,Schleswig-Holstein,53.925343,9.446057,156
072355006004,Bekond,,54340,Trier-Saarburg,Rheinland-Pfalz,49.850106,6.800506,962
010575785005,Belau,,24601,Plön,Schleswig-Holstein,54.097544,10.259724,368
010585895013,Beldorf,,25557,Rendsburg-Eckernförde,Schleswig-Holstein,54.133279,9.352138,272
071405004007,Belg,,56858,Rhein-Hunsrück-Kreis,Rheinland-Pfalz,49.98358,7.308065,122
147300045045,Belgern-Schildau,Stadt,04874,Nordsachsen,Sachsen,51.456594,12.927299,7363
147295307020,Belgershain,,04683,Leipzig,Sachsen,51.23412,12.549364,3470
071405008008,Belgweiler,,55469,Rhein-Hunsrück-Kreis,Rheinland-Pfalz,49.943965,7.485534,189
071375004008,Bell,,56745,Mayen-Koblenz,Rheinland-Pfalz,50.387486,7.232896,1305
071405003009,Bell (Hunsrück),,56288,Rhein-Hunsrück-Kreis,Rheinland-Pfalz,50.060855,7.415111,1482
097750115115,Bellenberg,,89287,Neu-Ulm,Bayern,48.25525,10.093865,4694
073345001001,Bellheim,,76756,Germersheim,Rheinland-Pfalz,49.190542,8.284042,8706
071435009207,Bellingen,,56459,Westerwaldkreis,Rheinland-Pfalz,50.592051,7.905495,628
160655052005,Bellstedt,,99713,Kyffhäuserkreis,Thüringen,51.273175,10.787921,161
034590008008,Belm,,49191,Osnabrück,Niedersachsen,52.302111,8.140643,13905
160665014005,Belrieth,,98617,Schmalkalden-Meiningen,Thüringen,50.527206,10.495864,325
130765658008,Belsch,,19230,Ludwigslust-Parchim,Mecklenburg-Vorpommern,53.327314,11.204687,216
071405003010,Beltheim,,56290,Rhein-Hunsrück-Kreis,Rheinland-Pfalz,50.105877,7.461682,1935
033525411004,Belum,,21785,Cuxhaven,Niedersachsen,53.816223,8.994205,782
081165003008,Bempflingen,,72658,Esslingen,Baden-Württemberg,48.573217,9.26546,3301
033535404003,Bendestorf,,21227,Harburg,Niedersachsen,53.339859,9.965791,2349
010575755006,Bendfeld,,24217,Plön,Schleswig-Holstein,54.364157,10.419437,213
010585895014,Bendorf,,25557,Rendsburg-Eckernförde,Schleswig-Holstein,54.087214,9.382283,461
071370203203,Bendorf,Stadt,56170,Mayen-Koblenz,Rheinland-Pfalz,50.423567,7.575608,17726
091735107113,Benediktbeuern,,83671,Bad Tölz-Wolfratshausen,Bayern,47.707913,11.411896,3679
072315009005,Bengel,,54538,Bernkastel-Wittlich,Rheinland-Pfalz,50.016289,7.064797,839
130765652009,Bengerstorf,,19258,Ludwigslust-Parchim,Mecklenburg-Vorpommern,53.416733,10.846982,482
130725261011,Benitz,,18258,Landkreis Rostock,Mecklenburg-Vorpommern,53.976706,12.104643,405
150875052045,Benndorf,,06308,Mansfeld-Südharz,Sachsen-Anhalt,51.571135,11.493373,1911
147290030030,Bennewitz,,04828,Leipzig,Sachsen,51.360574,12.710898,5135
073335004005,Bennhausen,,67808,Donnersbergkreis,Rheinland-Pfalz,49.622926,7.978061,153
097785765118,Benningen,,87734,Unterallgäu,Bayern,47.967567,10.211963,2101
081185005006,Benningen am Neckar,,71726,Ludwigsburg,Baden-Württemberg,48.947824,9.242498,6323
120695917028,Bensdorf,,14789,Potsdam-Mittelmark,Brandenburg,52.420493,12.343381,1232
064310002002,Bensheim,Stadt,64625,Bergstraße,Hessen,49.680002,8.622171,41124
130725260012,Bentwisch,,18182,Landkreis Rostock,Mecklenburg-Vorpommern,54.113684,12.203506,3582
130755554009,Bentzin,,17129,Vorpommern-Greifswald,Mecklenburg-Vorpommern,53.945787,13.272797,870
130745456004,Benz,,23970,Nordwestmecklenburg,Mecklenburg-Vorpommern,53.911201,11.584457,642
130755562010,Benz,,17429,Vorpommern-Greifswald,Mecklenburg-Vorpommern,53.940693,14.07031,1072
071405008011,Benzweiler,,55494,Rhein-Hunsrück-Kreis,Rheinland-Pfalz,50.021632,7.605169,205
093750118118,Beratzhausen,M,93176,Regensburg,Bayern,49.095306,11.809964,5594
093730112112,Berching,St,92334,Neumarkt i.d.OPf.,Bayern,49.104465,11.444396,9008
091720116116,Berchtesgaden,M,83471,Berchtesgadener Land,Bayern,47.632843,13.002514,7697
072335004202,Bereborn,,56769,Vulkaneifel,Rheinland-Pfalz,50.280708,6.969497,130
072335004203,Berenbach,,56766,Vulkaneifel,Rheinland-Pfalz,50.233574,6.955333,166
071315002011,Berg,,53505,Ahrweiler,Rheinland-Pfalz,50.556432,6.948799,1289
071415007009,Berg,,56357,Rhein-Lahn-Kreis,Rheinland-Pfalz,50.253667,7.814358,254
084365005013,Berg,,88276,Ravensburg,Baden-Württemberg,47.816128,9.595867,4408
091880113113,Berg,,82335,Starnberg,Bayern,47.966594,11.356187,8009
094750113113,Berg,,95180,Hof,Bayern,50.374512,11.779046,1970
073345002002,Berg (Pfalz),,76768,Germersheim,Rheinland-Pfalz,48.982445,8.205367,1969
093730113113,Berg b.Neumarkt i.d.OPf.,,92348,Neumarkt i.d.OPf.,Bayern,49.331628,11.439721,8048
091855155116,Berg im Gau,,86562,Neuburg-Schrobenhausen,Bayern,48.636107,11.244861,1373
150875051055,Berga,,06536,Mansfeld-Südharz,Sachsen-Anhalt,51.456642,11.007196,1664
160760094094,Berga-Wünschendorf,Stadt,07980,Greiz,Thüringen,50.752198,12.16193,5840
084365002014,Bergatreute,,88368,Ravensburg,Baden-Württemberg,47.849665,9.748012,3181
034595403009,Berge,,49626,Osnabrück,Niedersachsen,52.620689,7.742676,3436
120705009028,Berge,,19348,Prignitz,Brandenburg,53.239045,11.873277,715
033510004004,Bergen,Stadt,29303,Celle,Niedersachsen,52.809523,9.962303,12991
071345005006,Bergen,,55608,Birkenfeld,Rheinland-Pfalz,49.78091,7.418004,487
091895166113,Bergen,,83346,Traunstein,Bayern,47.80697,12.590133,4592
095775535115,Bergen,,91790,Weißenburg-Gunzenhausen,Bayern,49.073504,11.113882,1157
145235402050,Bergen,,08239,Vogtlandkreis,Sachsen,50.47149,12.27564,891
033545407001,Bergen an der Dumme,Flecken,29468,Lüchow-Dannenberg,Niedersachsen,52.890829,10.956207,1387
130735353010,Bergen auf Rügen,Stadt,18528,Vorpommern-Rügen,Mecklenburg-Vorpommern,54.417301,13.430633,13457
071405008012,Bergenhausen,,55469,Rhein-Hunsrück-Kreis,Rheinland-Pfalz,50.024473,7.572221,114
010595996005,Bergenhusen,,24861,Schleswig-Flensburg,Schleswig-Holstein,54.376351,9.316107,723
010515169008,Bergewöhrden,,25779,Dithmarschen,Schleswig-Holstein,54.318469,9.209426,37
031515402003,Bergfeld,,38467,Gifhorn,Niedersachsen,52.546012,10.845843,864
083175003009,Berghaupten,,77791,Ortenaukreis,Baden-Württemberg,48.407309,7.987138,2539
071415011010,Berghausen,,56368,Rhein-Lahn-Kreis,Rheinland-Pfalz,50.258747,8.00614,289
053620008008,Bergheim,Stadt,50126,Rhein-Erft-Kreis,Nordrhein-Westfalen,50.955113,6.640252,61611
091855154118,Bergheim,,86673,Neuburg-Schrobenhausen,Bayern,48.761568,11.256281,1995
130755556011,Bergholz,,17321,Vorpommern-Greifswald,Mecklenburg-Vorpommern,53.442023,14.168876,307
084255002017,Berghülen,,89180,Alb-Donau-Kreis,Baden-Württemberg,48.464015,9.761209,2051
053780004004,Bergisch Gladbach,Stadt,51465,Rheinisch-Bergischer Kreis,Nordrhein-Westfalen,50.992244,7.130608,111361
059780004004,Bergkamen,Stadt,59192,Unna,Nordrhein-Westfalen,51.615888,7.643344,49143
091740113113,Bergkirchen,,85232,Dachau,Bayern,48.259031,11.366061,7630
071345001007,Berglangenbach,,55776,Birkenfeld,Rheinland-Pfalz,49.5995,7.253626,465
081190089089,Berglen,,73663,Rems-Murr-Kreis,Baden-Württemberg,48.861445,9.469424,6860
091775126112,Berglern,,85459,Erding,Bayern,48.383368,11.929916,2945
072315006006,Berglicht,,54426,Bernkastel-Wittlich,Rheinland-Pfalz,49.788148,6.96824,463
053740004004,Bergneustadt,Stadt,51702,Oberbergischer Kreis,Nordrhein-Westfalen,51.021118,7.648337,18628
096780115115,Bergrheinfeld,,97493,Schweinfurt,Bayern,50.006556,10.180496,5276
096795645117,Bergtheim,,97241,Würzburg,Bayern,49.898712,10.067369,3740
072315008007,Bergweiler,,54518,Bernkastel-Wittlich,Rheinland-Pfalz,49.965864,6.82427,869
010585895015,Beringstedt,,25575,Rendsburg-Eckernförde,Schleswig-Holstein,54.110562,9.534981,724
160635006006,Berka v. d. Hainich,,99826,Wartburgkreis,Thüringen,51.043968,10.385777,703
066360002002,Berkatal,,37297,Werra-Meißner-Kreis,Hessen,51.236421,9.921125,1474
120675706040,Berkenbrück,,15518,Oder-Spree,Brandenburg,52.352247,14.148048,1071
010535308009,Berkenthin,,23919,Herzogtum Lauenburg,Schleswig-Holstein,53.734488,10.638221,2201
084265004019,Berkheim,,88450,Biberach,Baden-Württemberg,48.043327,10.08179,3275
072325005011,Berkoth,,54673,Eifelkreis Bitburg-Prüm,Rheinland-Pfalz,50.043915,6.340079,82
110000000000,Berlin,Stadt,10178,Berlin,Berlin,52.51767,13.405538,3685265
072335006004,Berlingen,,54570,Vulkaneifel,Rheinland-Pfalz,50.238788,6.719442,217
160615001003,Berlingerode,,37339,Eichsfeld,Thüringen,51.458578,10.238458,1192
084355003005,Bermatingen,,88697,Bodenseekreis,Baden-Württemberg,47.731114,9.348092,4160
071375003011,Bermel,,56729,Mayen-Koblenz,Rheinland-Pfalz,50.284258,7.085532,357
073315007009,Bermersheim,,67593,Alzey-Worms,Rheinland-Pfalz,49.681724,8.223253,329
073315001008,Bermersheim vor der Höhe,,55234,Alzey-Worms,Rheinland-Pfalz,49.778293,8.098662,386
091870118118,Bernau a.Chiemsee,,83233,Rosenheim,Bayern,47.811654,12.374087,6855
120600020020,Bernau bei Berlin,Stadt,16321,Barnim,Brandenburg,52.678368,13.587912,44597
083375006013,Bernau im Schwarzwald,,79872,Waldshut,Baden-Württemberg,47.80166,8.036108,1806
091905175114,Bernbeuren,,86975,Weilheim-Schongau,Bayern,47.737853,10.77807,2433
150890030030,Bernburg (Saale),Stadt,06406,Salzlandkreis,Sachsen-Anhalt,51.794389,11.737192,30992
072335006005,Berndorf,,54578,Vulkaneifel,Rheinland-Pfalz,50.304821,6.697495,510
071415011011,Berndroth,,56370,Rhein-Lahn-Kreis,Rheinland-Pfalz,50.236854,7.967617,398
034610001001,Berne,,27804,Wesermarsch,Niedersachsen,53.184901,8.477527,7053
093735321114,Berngau,,92361,Neumarkt i.d.OPf.,Bayern,49.251932,11.396328,2654
093750119119,Bernhardswald,,93170,Regensburg,Bayern,49.09054,12.248395,5366
130725252013,Bernitt,,18249,Landkreis Rostock,Mecklenburg-Vorpommern,53.9023,11.890659,1564
072315001008,Bernkastel-Kues,Stadt,54470,Bernkastel-Wittlich,Rheinland-Pfalz,49.915468,7.075291,6727
092710116116,Bernried,,94505,Deggendorf,Bayern,48.917177,12.882786,4736
091900115115,Bernried am Starnberger See,,82347,Weilheim-Schongau,Bayern,47.867336,11.292575,2420
145245128010,Bernsdorf,,09337,Zwickau,Sachsen,50.768683,12.663915,2083
146250030030,Bernsdorf,Stadt,02994,Bautzen,Sachsen,51.376325,14.0695,6242
084255008019,Bernstadt,,89182,Alb-Donau-Kreis,Baden-Württemberg,48.500014,10.023964,2318
146265206030,Bernstadt a. d. Eigen,Stadt,02748,Görlitz,Sachsen,51.047102,14.826935,3117
130745453005,Bernstorf,,23936,Nordwestmecklenburg,Mecklenburg-Vorpommern,53.828021,11.116733,368
071325010201,Berod bei Hachenburg,,57614,Altenkirchen (Westerwald),Rheinland-Pfalz,50.648152,7.691746,616
071435008208,Berod bei Wallmerod,,56414,Westerwaldkreis,Rheinland-Pfalz,50.480168,7.936828,554
072325005012,Berscheid,,54673,Eifelkreis Bitburg-Prüm,Rheinland-Pfalz,49.982924,6.231406,62
071345001008,Berschweiler bei Baumholder,,55777,Birkenfeld,Rheinland-Pfalz,49.577998,7.29281,540
071345005009,Berschweiler bei Kirn,,55608,Birkenfeld,Rheinland-Pfalz,49.770948,7.39183,268
034595402010,Bersenbrück,Stadt,49593,Osnabrück,Niedersachsen,52.555167,7.947724,8221
120615114017,Bersteland,,15910,Dahme-Spreewald,Brandenburg,51.96523,13.744925,846
146265227050,Bertsdorf-Hörnitz,,02763,Görlitz,Sachsen,50.880546,14.722028,1998
034525403003,Berumbur,,26524,Aurich,Niedersachsen,53.599722,7.308371,2688
071435009209,Berzhahn,,56459,Westerwaldkreis,Rheinland-Pfalz,50.538756,8.004398,504
071325010005,Berzhausen,,57632,Altenkirchen (Westerwald),Rheinland-Pfalz,50.65506,7.569231,196
072355001005,Bescheid,,54413,Trier-Saarburg,Rheinland-Pfalz,49.75249,6.890462,395
010555546006,Beschendorf,,23738,Ostholstein,Schleswig-Holstein,54.182743,10.873043,567
010615168011,Besdorf,,25584,Steinburg,Schleswig-Holstein,54.050223,9.360112,227
065330001001,Beselich,,65614,Limburg-Weilburg,Hessen,50.456832,8.122274,5835
010535318010,Besenthal,,23899,Herzogtum Lauenburg,Schleswig-Holstein,53.530139,10.743239,98
130715157009,Beseritz,,17039,Mecklenburgische Seenplatte,Mecklenburg-Vorpommern,53.701932,13.459646,120
081185001007,Besigheim,Stadt,74354,Ludwigsburg,Baden-Württemberg,49.000174,9.140825,12267
130765652010,Besitz,,19258,Ludwigslust-Parchim,Mecklenburg-Vorpommern,53.341635,10.859512,443
096710112112,Bessenbach,,63856,Aschaffenburg,Bayern,49.961041,9.246066,5425
120610020020,Bestensee,,15741,Dahme-Spreewald,Brandenburg,52.243008,13.632815,9171
059580008008,Bestwig,,59909,Hochsauerlandkreis,Nordrhein-Westfalen,51.36108,8.398158,10147
160765008006,Bethenhausen,,07554,Greiz,Thüringen,50.929179,12.197497,210
072335001006,Betteldorf,,54570,Vulkaneifel,Rheinland-Pfalz,50.252573,6.753708,236
071415007012,Bettendorf,,56355,Rhein-Lahn-Kreis,Rheinland-Pfalz,50.233054,7.869656,332
072315008009,Bettenfeld,,54533,Bernkastel-Wittlich,Rheinland-Pfalz,50.085477,6.759889,679
072325008013,Bettingen,,54646,Eifelkreis Bitburg-Prüm,Rheinland-Pfalz,49.940984,6.398135,1055
071325009006,Betzdorf,Stadt,57518,Altenkirchen (Westerwald),Rheinland-Pfalz,50.785546,7.873843,10363
033555401008,Betzendorf,,21386,Lüneburg,Niedersachsen,53.137255,10.311162,1094
094725417118,Betzenstein,St,91282,Bayreuth,Bayern,49.682387,11.418135,2491
084265001020,Betzenweiler,,88422,Biberach,Baden-Württemberg,48.117754,9.574404,747
097800114114,Betzigau,,87488,Oberallgäu,Bayern,47.736057,10.380666,2877
071405009201,Beulich,,56283,Rhein-Hunsrück-Kreis,Rheinland-Pfalz,50.173525,7.451943,487
071355003008,Beuren,,56825,Cochem-Zell,Rheinland-Pfalz,50.094449,7.07939,436
081165004011,Beuren,,72660,Esslingen,Baden-Württemberg,48.570156,9.400911,3591
072355001008,Beuren (Hochwald),,54413,Trier-Saarburg,Rheinland-Pfalz,49.727301,6.916159,939
084375006005,Beuron,,88631,Sigmaringen,Baden-Württemberg,48.050828,8.970068,657
092755232117,Beutelsbach,,94501,Passau,Bayern,48.551651,13.113604,1215
010565660003,Bevern,,25355,Pinneberg,Schleswig-Holstein,53.755719,9.771042,616
032555401002,Bevern,Flecken,37639,Holzminden,Niedersachsen,51.857475,9.494465,3714
033520059059,Beverstedt,,27616,Cuxhaven,Niedersachsen,53.434238,8.819169,13354
057620008008,Beverungen,Stadt,37688,Höxter,Nordrhein-Westfalen,51.662804,9.372651,12669
100450111111,Bexbach,Stadt,66450,Saarpfalz-Kreis,Saarland,49.347836,7.257578,17793
083175014011,Biberach,,77781,Ortenaukreis,Baden-Württemberg,48.338696,8.028167,3799
084265003021,Biberach an der Riß,Stadt,88400,Biberach,Baden-Württemberg,48.097465,9.79203,34576
097720121121,Biberbach,M,86485,Augsburg,Bayern,48.518491,10.811551,3513
097740119119,Bibertal,,89346,Günzburg,Bayern,48.417306,10.18502,4892
064310003003,Biblis,,68647,Bergstraße,Hessen,49.683253,8.450353,9076
130745457006,Bibow,,19417,Nordwestmecklenburg,Mecklenburg-Vorpommern,53.784795,11.643285,346
160745011004,Bibra,,07768,Saale-Holzland-Kreis,Thüringen,50.804571,11.545147,273
092735218119,Biburg,,93354,Kelheim,Bayern,48.790495,11.852586,1401
091735107115,Bichl,,83673,Bad Tölz-Wolfratshausen,Bayern,47.720533,11.412308,2329
064320003003,Bickenbach,,64404,Darmstadt-Dieburg,Hessen,49.754423,8.611025,6031
071405009014,Bickenbach,,56291,Rhein-Hunsrück-Kreis,Rheinland-Pfalz,50.126047,7.526694,363
072325008014,Bickendorf,,54636,Eifelkreis Bitburg-Prüm,Rheinland-Pfalz,50.033869,6.499815,559
097775752118,Bidingen,,87651,Ostallgäu,Bayern,47.829747,10.726827,1870
073315001010,Biebelnheim,,55234,Alzey-Worms,Rheinland-Pfalz,49.796214,8.170386,670
096755617113,Biebelried,,97318,Kitzingen,Bayern,49.764669,10.08231,1250
071335001012,Biebelsheim,,55546,Bad Kreuznach,Rheinland-Pfalz,49.87331,7.938844,730
096795654118,Bieberehren,,97243,Würzburg,Bayern,49.514836,10.008247,845
064350003003,Biebergemünd,,63599,Main-Kinzig-Kreis,Hessen,50.20755,9.276363,8240
071405008015,Biebern,,55471,Rhein-Hunsrück-Kreis,Rheinland-Pfalz,49.993064,7.444808,313
065310002002,Biebertal,,35444,Gießen,Hessen,50.619052,8.597507,9893
064330001001,Biebesheim am Rhein,,64584,Groß-Gerau,Hessen,49.779852,8.464971,6515
071415011013,Biebrich,,56370,Rhein-Lahn-Kreis,Rheinland-Pfalz,50.303093,7.954252,329
065340004004,Biedenkopf,Stadt,35216,Marburg-Biedenkopf,Hessen,50.910424,8.531086,12969
083165002003,Biederbach,,79215,Emmendingen,Baden-Württemberg,48.193856,8.034739,1751
150860005005,Biederitz,,39175,Jerichower Land,Sachsen-Anhalt,52.159249,11.716439,8508
073405009204,Biedershausen,,66917,Südwestpfalz,Rheinland-Pfalz,49.320705,7.487395,178
073335003006,Biedesheim,,67308,Donnersbergkreis,Rheinland-Pfalz,49.604788,8.106913,621
057110000000,Bielefeld,Stadt,33602,Bielefeld,Nordrhein-Westfalen,52.021995,8.534049,331605
130725259014,Biendorf,,18230,Landkreis Rostock,Mecklenburg-Vorpommern,54.074807,11.700348,1328
033600004004,Bienenbüttel,,29553,Uelzen,Niedersachsen,53.141716,10.491733,6597
160675007004,Bienstädt,,99100,Gotha,Thüringen,51.016531,10.847944,677
072325008015,Biersdorf am See,,54636,Eifelkreis Bitburg-Prüm,Rheinland-Pfalz,50.015772,6.451954,553
072325005016,Biesdorf,,54675,Eifelkreis Bitburg-Prüm,Rheinland-Pfalz,49.886504,6.30336,231
120605003024,Biesenthal,Stadt,16359,Barnim,Brandenburg,52.765802,13.63123,6295
097775752112,Biessenhofen,,87640,Ostallgäu,Bayern,47.833183,10.639856,4254
082165003005,Bietigheim,,76467,Rastatt,Baden-Württemberg,48.91379,8.246052,6468
081185002079,Bietigheim-Bissingen,Stadt,74321,Ludwigsburg,Baden-Württemberg,48.948358,9.132652,43556
071435008210,Bilkheim,,56414,Westerwaldkreis,Rheinland-Pfalz,50.49721,7.948266,465
055580008008,Billerbeck,Stadt,48727,Coesfeld,Nordrhein-Westfalen,51.977524,7.290998,11945
082255008009,Billigheim,,74842,Neckar-Odenwald-Kreis,Baden-Württemberg,49.347877,9.254676,6063
073375005007,Billigheim-Ingenheim,,76831,Südliche Weinstraße,Rheinland-Pfalz,49.137881,8.097229,3833
010565660004,Bilsen,,25485,Pinneberg,Schleswig-Holstein,53.769901,9.87625,822
031595402005,Bilshausen,,37434,Göttingen,Niedersachsen,51.630495,10.158692,2201
010605005009,Bimöhlen,,24576,Segeberg,Schleswig-Holstein,53.935914,9.953588,1061
082255006010,Binau,,74862,Neckar-Odenwald-Kreis,Baden-Württemberg,49.367567,9.059764,1323
094720119119,Bindlach,,95463,Bayreuth,Bayern,49.980901,11.611595,7156
084375006008,Bingen,,72511,Sigmaringen,Baden-Württemberg,48.110738,9.272341,2699
073390005005,Bingen am Rhein,Stadt,55411,Mainz-Bingen,Rheinland-Pfalz,49.96663,7.895132,25384
032565411002,Binnen,,31619,Nienburg (Weser),Niedersachsen,52.618382,9.135239,966
071355002009,Binningen,,56754,Cochem-Zell,Rheinland-Pfalz,50.204897,7.244584,688
072315008010,Binsfeld,,54518,Bernkastel-Wittlich,Rheinland-Pfalz,49.964485,6.706661,1264
097735718116,Binswangen,,86637,Dillingen a.d.Donau,Bayern,48.557831,10.640403,1368
130730011011,Binz,Ostseebad,18609,Vorpommern-Rügen,Mecklenburg-Vorpommern,54.401814,13.605285,5049
083365008008,Binzen,,79589,Lörrach,Baden-Württemberg,47.631528,7.627773,2988
034595403011,Bippen,,49626,Osnabrück,Niedersachsen,52.582613,7.740175,2938
081175008009,Birenbach,,73102,Göppingen,Baden-Württemberg,48.745909,9.660006,1905
072335006007,Birgel,,54587,Vulkaneifel,Rheinland-Pfalz,50.321503,6.620407,432
093715304116,Birgland,,92262,Amberg-Sulzbach,Bayern,49.438224,11.616384,1828
095729451451,Birkach,,,Erlangen-Höchstadt,Bayern,49.728689,10.767373,0
071325008008,Birken-Honigsessen,,57587,Altenkirchen (Westerwald),Rheinland-Pfalz,50.818171,7.739895,2521
064310004004,Birkenau,,69488,Bergstraße,Hessen,49.562425,8.705575,9565
071325006007,Birkenbeul,,57589,Altenkirchen (Westerwald),Rheinland-Pfalz,50.739507,7.623469,430
071345002010,Birkenfeld,Stadt,55765,Birkenfeld,Rheinland-Pfalz,49.650147,7.168182,7062
082360004004,Birkenfeld,,75217,Enzkreis,Baden-Württemberg,48.870121,8.636435,10224
096775621119,Birkenfeld,,97834,Main-Spessart,Bayern,49.858627,9.694672,2176
073385004003,Birkenheide,,67134,Rhein-Pfalz-Kreis,Rheinland-Pfalz,49.479592,8.258775,3146
073375002008,Birkenhördt,,76889,Südliche Weinstraße,Rheinland-Pfalz,49.114678,7.931301,649
120650036036,Birkenwerder,,16547,Oberhavel,Brandenburg,52.688528,13.282792,7935
071405009016,Birkheim,,56291,Rhein-Hunsrück-Kreis,Rheinland-Pfalz,50.116391,7.621209,137
073375005009,Birkweiler,,76831,Südliche Weinstraße,Rheinland-Pfalz,49.204087,8.038079,738
071415003014,Birlenbach,,65626,Rhein-Lahn-Kreis,Rheinland-Pfalz,50.357272,8.004067,1648
071325010009,Birnbach,,57612,Altenkirchen (Westerwald),Rheinland-Pfalz,50.703364,7.585002,661
094769451451,Birnbaum,,,Kronach,Bayern,50.361467,11.443527,0
072335006204,Birresborn,,54574,Vulkaneifel,Rheinland-Pfalz,50.175582,6.625574,1050
064350004004,Birstein,,63633,Main-Kinzig-Kreis,Hessen,50.353303,9.310281,6094
072325008017,Birtlingen,,54634,Eifelkreis Bitburg-Prüm,Rheinland-Pfalz,49.94561,6.483445,44
160665005012,Birx,,98634,Schmalkalden-Meiningen,Thüringen,50.529421,10.047106,168
094710117117,Bischberg,,96120,Bamberg,Bayern,49.909767,10.831656,6056
096775621120,Bischbrunn,,97836,Main-Spessart,Bayern,49.868565,9.492085,1798
073335004007,Bischheim,,67294,Donnersbergkreis,Rheinland-Pfalz,49.670622,8.03307,758
065320002002,Bischoffen,,35649,Lahn-Dill-Kreis,Hessen,50.705583,8.448298,3196
160695002004,Bischofrod,,98553,Hildburghausen,Thüringen,50.537511,10.662614,157
160635006008,Bischofroda,,99826,Wartburgkreis,Thüringen,51.057658,10.363591,602
094720121121,Bischofsgrün,,95493,Bayreuth,Bayern,50.051153,11.798834,1939
094729451451,Bischofsgrüner Forst,,,Bayreuth,Bayern,50.036261,11.785677,0
064330002002,Bischofsheim,,65474,Groß-Gerau,Hessen,49.989065,8.355011,12979
096730117117,Bischofsheim i.d.Rhön,St,97653,Rhön-Grabfeld,Bayern,50.400975,10.008969,4755
092760116116,Bischofsmais,,94253,Regen,Bayern,48.918187,13.081593,3331
146255207040,Bischofswerda,Stadt,01877,Bautzen,Sachsen,51.127691,14.179644,10576
091720117117,Bischofswiesen,,83483,Berchtesgadener Land,Bayern,47.647463,12.970308,7055
082165001006,Bischweier,,76476,Rastatt,Baden-Württemberg,48.838747,8.28315,3003
084175003008,Bisingen,,72406,Zollernalbkreis,Baden-Württemberg,48.310155,8.917087,9506
150900070070,Bismark (Altmark),Stadt,39629,Stendal,Sachsen-Anhalt,52.661431,11.555013,7660
033580002002,Bispingen,,29646,Heidekreis,Niedersachsen,53.082077,9.996078,6572
010585889016,Bissee,,24582,Rendsburg-Eckernförde,Schleswig-Holstein,54.190703,10.110473,161
034590012012,Bissendorf,,49143,Osnabrück,Niedersachsen,52.235466,8.16853,14614
073325007004,Bissersheim,,67281,Bad Dürkheim,Rheinland-Pfalz,49.536556,8.203761,468
097730117117,Bissingen,M,86657,Dillingen a.d.Donau,Bayern,48.714739,10.617074,3682
081165008012,Bissingen an der Teck,,73266,Esslingen,Baden-Württemberg,48.599972,9.491179,3406
073335007008,Bisterschied,,67806,Donnersbergkreis,Rheinland-Pfalz,49.646631,7.749041,233
072320018018,Bitburg,Stadt,54634,Eifelkreis Bitburg-Prüm,Rheinland-Pfalz,49.975769,6.524756,15554
150820015015,Bitterfeld-Wolfen,Stadt,06766,Anhalt-Bitterfeld,Sachsen-Anhalt,51.625079,12.325417,36592
084175001010,Bitz,,72475,Zollernalbkreis,Baden-Württemberg,48.244285,9.092414,3812
071325006010,Bitzen,,57539,Altenkirchen (Westerwald),Rheinland-Pfalz,50.794206,7.691484,787
093720115115,Blaibach,,93476,Cham,Bayern,49.168092,12.806862,1891
097800115115,Blaichach,,87544,Oberallgäu,Bayern,47.542493,10.257416,5518
096715604113,Blankenbach,,63825,Aschaffenburg,Bayern,50.063453,9.232669,1485
130765664011,Blankenberg,,19412,Ludwigslust-Parchim,Mecklenburg-Vorpommern,53.770686,11.709013,379
160645001007,Blankenburg,,99955,Unstrut-Hainich-Kreis,Thüringen,51.203901,10.748044,161
150850055055,Blankenburg (Harz),Stadt,38889,Harz,Sachsen-Anhalt,51.791278,10.952601,18970
120720017017,Blankenfelde-Mahlow,,15827,Teltow-Fläming,Brandenburg,52.335583,13.411951,29129
130725260015,Blankenhagen,,18182,Landkreis Rostock,Mecklenburg-Vorpommern,54.170657,12.340619,1100
160710008008,Blankenhain,Stadt,99444,Weimarer Land,Thüringen,50.85964,11.343135,6543
053660008008,Blankenheim,,53945,Euskirchen,Nordrhein-Westfalen,50.438414,6.648417,8434
150875052070,Blankenheim,,06528,Mansfeld-Südharz,Sachsen-Anhalt,51.505695,11.428946,1138
130715157010,Blankenhof,,17039,Mecklenburgische Seenplatte,Mecklenburg-Vorpommern,53.576937,13.131115,707
071355005010,Blankenrath,,56865,Cochem-Zell,Rheinland-Pfalz,50.038494,7.302544,1678
130715156011,Blankensee,,17237,Mecklenburgische Seenplatte,Mecklenburg-Vorpommern,53.407049,13.264528,1494
130755556012,Blankensee,,17322,Vorpommern-Greifswald,Mecklenburg-Vorpommern,53.511812,14.307369,570
073365010006,Blaubach,,66869,Kusel,Rheinland-Pfalz,49.557294,7.396821,418
084255002020,Blaubeuren,Stadt,89143,Alb-Donau-Kreis,Baden-Württemberg,48.412587,9.783757,12719
081270008008,Blaufelden,,74572,Schwäbisch Hall,Baden-Württemberg,49.297785,9.974402,5439
084250141141,Blaustein,Stadt,89134,Alb-Donau-Kreis,Baden-Württemberg,48.416145,9.921863,16581
033550009009,Bleckede,Stadt,21354,Lüneburg,Niedersachsen,53.291349,10.732726,9154
072335001008,Bleckhausen,,54570,Vulkaneifel,Rheinland-Pfalz,50.126199,6.776773,285
072325006206,Bleialf,,54608,Eifelkreis Bitburg-Prüm,Rheinland-Pfalz,50.239368,6.287268,1350
160625054066,Bleicherode,Stadt,99752,Nordhausen,Thüringen,51.440357,10.574512,9920
010575727007,Blekendorf,,24327,Plön,Schleswig-Holstein,54.276459,10.650894,1699
033615401002,Blender,,27337,Verden,Niedersachsen,52.926727,9.133699,2850
130755553013,Blesewitz,,17392,Vorpommern-Greifswald,Mecklenburg-Vorpommern,53.826103,13.616904,239
120645404057,Bleyen-Genschmar,,15328,Märkisch-Oderland,Brandenburg,52.613691,14.511907,415
033595405007,Bliedersdorf,,21640,Stade,Niedersachsen,53.481478,9.569528,1861
120645414061,Bliesdorf,,16269,Märkisch-Oderland,Brandenburg,52.693135,14.160301,1306
100450112112,Blieskastel,Stadt,66440,Saarpfalz-Kreis,Saarland,49.23727,7.252923,20197
010535308011,Bliestorf,,23847,Herzogtum Lauenburg,Schleswig-Holstein,53.768797,10.602527,627
130765660012,Blievenstorf,,19306,Ludwigslust-Parchim,Mecklenburg-Vorpommern,53.362153,11.660515,428
097735716119,Blindheim,,89434,Dillingen a.d.Donau,Bayern,48.631656,10.618163,1792
034625402001,Blomberg,,26487,Wittmund,Niedersachsen,53.575775,7.558372,1843
057660016016,Blomberg,Stadt,32825,Lippe,Nordrhein-Westfalen,51.943469,9.091039,15485
010615134012,Blomesche Wildnis,,25348,Steinburg,Schleswig-Holstein,53.80577,9.45082,588
130745456007,Blowatz,,23974,Nordwestmecklenburg,Mecklenburg-Vorpommern,53.99425,11.537112,1111
083260005005,Blumberg,Stadt,78176,Schwarzwald-Baar-Kreis,Baden-Württemberg,47.839705,8.534256,10003
130715156012,Blumenholz,,17237,Mecklenburgische Seenplatte,Mecklenburg-Vorpommern,53.414065,13.122289,772
010585896018,Blumenthal,,24241,Rendsburg-Eckernförde,Schleswig-Holstein,54.226064,10.003257,610
010605086010,Blunk,,23813,Segeberg,Schleswig-Holstein,54.007567,10.315789,555
160745053005,Bobeck,,07646,Saale-Holzland-Kreis,Thüringen,50.903186,11.792353,262
073325002005,Bobenheim am Berg,,67273,Bad Dürkheim,Rheinland-Pfalz,49.524001,8.152156,797
073380004004,Bobenheim-Roxheim,,67240,Rhein-Pfalz-Kreis,Rheinland-Pfalz,49.578035,8.364735,10045
073405001001,Bobenthal,,76891,Südwestpfalz,Rheinland-Pfalz,49.063515,7.856817,259
097720125125,Bobingen,St,86399,Augsburg,Bayern,48.271966,10.835456,17905
130745451008,Bobitz,,23996,Nordwestmecklenburg,Mecklenburg-Vorpommern,53.803679,11.360712,2514
145220035035,Bobritzsch-Hilbersdorf,,09627,Mittelsachsen,Sachsen,50.898373,13.436285,5647
130765658013,Bobzin,,19230,Ludwigslust-Parchim,Mecklenburg-Vorpommern,53.478907,11.146894,261
055540008008,Bocholt,Stadt,46395,Borken,Nordrhein-Westfalen,51.837931,6.61564,73257
059110000000,Bochum,Stadt,44787,Bochum,Nordrhein-Westfalen,51.482699,7.217177,358676
160765006007,Bocka,,07589,Greiz,Thüringen,50.820323,11.966612,481
145215139080,Bockau,,08324,Erzgebirgskreis,Sachsen,50.543067,12.685351,2075
071335006013,Bockenau,,55595,Bad Kreuznach,Rheinland-Pfalz,49.837509,7.680669,1185
032540008008,Bockenem,Stadt,31167,Hildesheim,Niedersachsen,52.009625,10.128926,9465
073325007006,Bockenheim an der Weinstraße,,67278,Bad Dürkheim,Rheinland-Pfalz,49.606505,8.181535,2366
034550025025,Bockhorn,,26345,Friesland,Niedersachsen,53.393237,8.013199,8851
091770113113,Bockhorn,,85461,Erding,Bayern,48.314723,11.986998,4031
034545406004,Bockhorst,,26897,Emsland,Niedersachsen,53.035299,7.573971,1015
084165002006,Bodelshausen,,72411,Tübingen,Baden-Württemberg,48.392533,8.9735,5805
160755005006,Bodelwitz,,07381,Saale-Orla-Kreis,Thüringen,50.686955,11.622875,561
071435004005,Boden,,56412,Westerwaldkreis,Rheinland-Pfalz,50.472876,7.856785,668
072335004205,Bodenbach,,53539,Vulkaneifel,Rheinland-Pfalz,50.312293,6.848721,201
031550002002,Bodenfelde,Flecken,37194,Northeim,Niedersachsen,51.639951,9.553109,2909
073395002006,Bodenheim,,55294,Mainz-Bingen,Rheinland-Pfalz,49.928263,8.306769,7651
092740120120,Bodenkirchen,,84155,Landshut,Bayern,48.3835,12.386451,5262
092760117117,Bodenmais,M,94249,Regen,Bayern,49.067305,13.103614,3641
160615009012,Bodenrode-Westhausen,,37308,Eichsfeld,Thüringen,51.393262,10.192262,1036
031595402006,Bodensee,,37434,Göttingen,Niedersachsen,51.604298,10.1319,766
032555408003,Bodenwerder,Münchhausenstadt,37619,Holzminden,Niedersachsen,51.977346,9.515591,4672
093760116116,Bodenwöhr,,92439,Schwandorf,Bayern,49.270013,12.304076,4221
083355006098,Bodman-Ludwigshafen,,78351,Konstanz,Baden-Württemberg,47.821518,9.05777,4838
084365003018,Bodnegg,,88285,Ravensburg,Baden-Württemberg,47.709876,9.690491,3235
097760111111,Bodolz,,88131,Lindau (Bodensee),Bayern,47.571583,9.661948,2962
032555403004,Boffzen,,37691,Holzminden,Niedersachsen,51.750619,9.394051,2430
032559501501,Boffzen,gemfr. Gebiet,,Holzminden,Niedersachsen,51.735765,9.436335,0
071415007015,Bogel,,56357,Rhein-Lahn-Kreis,Rheinland-Pfalz,50.190492,7.799119,821
092780118118,Bogen,St,94327,Straubing-Bogen,Bayern,48.909881,12.689145,10453
010545494012,Bohmstedt,,25853,Nordfriesland,Schleswig-Holstein,54.581229,9.043841,820
034590013013,Bohmte,,49163,Osnabrück,Niedersachsen,52.367543,8.313498,13083
130745456009,Boiensdorf,,23974,Nordwestmecklenburg,Mecklenburg-Vorpommern,54.017033,11.562368,493
033555403010,Boitze,,21368,Lüneburg,Niedersachsen,53.148663,10.748691,336
120730069069,Boitzenburger Land,,17268,Uckermark,Brandenburg,53.264349,13.607102,2944
130760014014,Boizenburg/ Elbe,Stadt,19258,Ludwigslust-Parchim,Mecklenburg-Vorpommern,53.374248,10.722631,11048
010565636006,Bokel,,25364,Pinneberg,Schleswig-Holstein,53.864194,9.733886,555
010585864021,Bokel,,24802,Rendsburg-Eckernförde,Schleswig-Holstein,54.215588,9.794093,598
010615168013,Bokelrehm,,25596,Steinburg,Schleswig-Holstein,54.037619,9.385822,132
031515401004,Bokensdorf,,38556,Gifhorn,Niedersachsen,52.501433,10.716047,1240
010565660008,Bokholt-Hanredder,,25335,Pinneberg,Schleswig-Holstein,53.787955,9.735213,1344
010615168014,Bokhorst,,25560,Steinburg,Schleswig-Holstein,54.057305,9.400735,136
010575747010,Boksee,,24220,Plön,Schleswig-Holstein,54.242982,10.127708,461
073335004010,Bolanden,,67295,Donnersbergkreis,Rheinland-Pfalz,49.639149,8.011508,2333
130755553015,Boldekow,,17392,Vorpommern-Greifswald,Mecklenburg-Vorpommern,53.725082,13.593523,622
071345005012,Bollenbach,,55624,Birkenfeld,Rheinland-Pfalz,49.843462,7.352178,130
072325005019,Bollendorf,,54669,Eifelkreis Bitburg-Prüm,Rheinland-Pfalz,49.852389,6.358388,1627
130715159013,Bollewick,,17207,Mecklenburgische Seenplatte,Mecklenburg-Vorpommern,53.359038,12.579987,594
010595993010,Bollingstedt,,24855,Schleswig-Flensburg,Schleswig-Holstein,54.592885,9.412302,1410
083155004014,Bollschweil,,79283,Breisgau-Hochschwarzwald,Baden-Württemberg,47.91996,7.77976,2324
097805742116,Bolsterlang,,87538,Oberallgäu,Bayern,47.461085,10.232296,1071
130745454010,Boltenhagen,Ostseebad,23946,Nordwestmecklenburg,Mecklenburg-Vorpommern,53.989162,11.20109,2430
084365001019,Boms,,88361,Ravensburg,Baden-Württemberg,47.969713,9.508511,717
010545453013,Bondelum,,25850,Nordfriesland,Schleswig-Holstein,54.556555,9.26682,182
081155005004,Bondorf,,71149,Böblingen,Baden-Württemberg,48.521605,8.836174,6230
071385009005,Bonefeld,,56579,Neuwied,Rheinland-Pfalz,50.524773,7.490326,938
072355004010,Bonerath,,54316,Trier-Saarburg,Rheinland-Pfalz,49.68992,6.758464,226
072335004206,Bongard,,53539,Vulkaneifel,Rheinland-Pfalz,50.292807,6.836001,233
053140000000,Bonn,Stadt,53111,Bonn,Nordrhein-Westfalen,50.734245,7.099187,323336
083375001022,Bonndorf im Schwarzwald,Stadt,79848,Waldshut,Baden-Württemberg,47.819632,8.343011,6802
097725707126,Bonstetten,,86486,Augsburg,Bayern,48.439122,10.706286,1609
130755556016,Boock,,17322,Vorpommern-Greifswald,Mecklenburg-Vorpommern,53.49377,14.247195,594
071335006014,Boos,,55595,Bad Kreuznach,Rheinland-Pfalz,49.79297,7.716478,346
071375003014,Boos,,56729,Mayen-Koblenz,Rheinland-Pfalz,50.313123,7.016496,607
097785761120,Boos,,87737,Unterallgäu,Bayern,48.074953,10.194234,2365
010605063011,Boostedt,,24598,Segeberg,Schleswig-Holstein,54.010323,10.025785,5868
081365002010,Bopfingen,Stadt,73441,Ostalbkreis,Baden-Württemberg,48.857911,10.351593,11560
071400501501,Boppard,Stadt,56154,Rhein-Hunsrück-Kreis,Rheinland-Pfalz,50.231624,7.590758,15771
057740012012,Borchen,,33178,Paderborn,Nordrhein-Westfalen,51.668336,8.723332,13721
010545494014,Bordelum,,25852,Nordfriesland,Schleswig-Holstein,54.635913,8.924922,2040
010585889022,Bordesholm,,24582,Rendsburg-Eckernförde,Schleswig-Holstein,54.175613,10.026065,7855
010595974187,Boren,,24392,Schleswig-Flensburg,Schleswig-Holstein,54.614506,9.820225,1142
010585864023,Borgdorf-Seedorf,,24589,Rendsburg-Eckernförde,Schleswig-Holstein,54.178086,9.878799,427
057620012012,Borgentreich,Orgelstadt,34434,Höxter,Nordrhein-Westfalen,51.571529,9.240386,8632
057540004004,Borgholzhausen,Stadt,33829,Gütersloh,Nordrhein-Westfalen,52.101931,8.300771,8847
010585890024,Borgstedt,,24794,Rendsburg-Eckernförde,Schleswig-Holstein,54.33299,9.710012,1767
010545488015,Borgsum,,25938,Nordfriesland,Schleswig-Holstein,54.699989,8.460009,315
010595915012,Borgwedel,,24857,Schleswig-Flensburg,Schleswig-Holstein,54.500272,9.666821,710
055540012012,Borken,Stadt,46325,Borken,Nordrhein-Westfalen,51.843222,6.858415,43035
066340001001,Borken (Hessen),Stadt,34582,Schwalm-Eder-Kreis,Hessen,51.046041,9.287087,12268
120695904052,Borkheide,,14822,Potsdam-Mittelmark,Brandenburg,52.225651,12.857467,2201
130765664015,Borkow,,19406,Ludwigslust-Parchim,Mecklenburg-Vorpommern,53.663979,11.951301,415
034570002002,Borkum,Stadt,26757,Leer,Niedersachsen,53.588001,6.664597,4325
120695904056,Borkwalde,,14822,Potsdam-Mittelmark,Brandenburg,52.253011,12.835251,2195
072335004207,Borler,,53539,Vulkaneifel,Rheinland-Pfalz,50.312946,6.827962,75
130735354012,Born a. Darß,Seebad,18375,Vorpommern-Rügen,Mecklenburg-Vorpommern,54.383318,12.527162,1013
147290050050,Borna,Stadt,04552,Leipzig,Sachsen,51.123285,12.49747,20131
150895051045,Borne,,39435,Salzlandkreis,Sachsen-Anhalt,51.949545,11.555993,1149
160615008014,Bornhagen,,37318,Eichsfeld,Thüringen,51.342586,9.942934,236
053820012012,Bornheim,Stadt,53332,Rhein-Sieg-Kreis,Nordrhein-Westfalen,50.762547,6.990342,48203
073315001012,Bornheim,,55237,Alzey-Worms,Rheinland-Pfalz,49.781158,8.063722,875
073375007014,Bornheim,,76879,Südliche Weinstraße,Rheinland-Pfalz,49.222241,8.164013,1533
010585895025,Bornholt,,25557,Rendsburg-Eckernförde,Schleswig-Holstein,54.101535,9.335437,174
010605024012,Bornhöved,,24619,Segeberg,Schleswig-Holstein,54.068565,10.225454,3412
071415009016,Bornich,,56348,Rhein-Lahn-Kreis,Rheinland-Pfalz,50.126919,7.766158,925
150875052075,Bornstedt,,06295,Mansfeld-Südharz,Sachsen-Anhalt,51.482251,11.482934,773
071435002212,Borod,,57614,Westerwaldkreis,Rheinland-Pfalz,50.666359,7.708861,552
130715151014,Borrentin,,17111,Mecklenburgische Seenplatte,Mecklenburg-Vorpommern,53.808779,12.967709,734
147290060060,Borsdorf,,04451,Leipzig,Sachsen,51.347926,12.538822,8229
010615134015,Borsfleth,,25376,Steinburg,Schleswig-Holstein,53.825372,9.430284,770
010605005013,Borstel,,24616,Segeberg,Schleswig-Holstein,53.969545,9.79743,133
032515407008,Borstel,,27246,Diepholz,Niedersachsen,52.669312,8.971999,1184
010565687009,Borstel-Hohenraden,,25494,Pinneberg,Schleswig-Holstein,53.697872,9.824303,2432
010535313013,Borstorf,,23881,Herzogtum Lauenburg,Schleswig-Holstein,53.613074,10.564234,306
160655055008,Borxleben,,06556,Kyffhäuserkreis,Thüringen,51.396425,11.228178,261
010550007007,Bosau,,23715,Ostholstein,Schleswig-Holstein,54.104439,10.429901,3373
010545489016,Bosbüll,,25899,Nordfriesland,Schleswig-Holstein,54.822786,8.860437,277
073365010009,Bosenbach,,66887,Kusel,Rheinland-Pfalz,49.539629,7.529129,745
033575401006,Bothel,,27386,Rotenburg (Wümme),Niedersachsen,53.07374,9.503907,2430
010575747011,Bothkamp,,24250,Plön,Schleswig-Holstein,54.203356,10.134422,250
073405003205,Bottenbach,,66504,Südwestpfalz,Rheinland-Pfalz,49.182046,7.496015,710
055120000000,Bottrop,Stadt,46236,Bottrop,Nordrhein-Westfalen,51.521059,6.927126,118535
100440122122,Bous,,66359,Saarlouis,Saarland,49.276851,6.801916,7191
010585888026,Bovenau,,24796,Rendsburg-Eckernförde,Schleswig-Holstein,54.330579,9.829983,1118
031590007007,Bovenden,Flecken,37120,Göttingen,Niedersachsen,51.586919,9.921447,14078
072335004010,Boxberg,,54552,Vulkaneifel,Rheinland-Pfalz,50.273084,6.874981,199
081285002014,Boxberg,Stadt,97944,Main-Tauber-Kreis,Baden-Württemberg,49.481118,9.641258,6709
146260060060,Boxberg/O.L. / Hamor,,02943,Görlitz,Sachsen,51.404654,14.575506,4303
010625262011,Braak,,22145,Stormarn,Schleswig-Holstein,53.610248,10.244579,946
071325007012,Brachbach,,57555,Altenkirchen (Westerwald),Rheinland-Pfalz,50.817543,7.937399,2346
071355002011,Brachtendorf,,56761,Cochem-Zell,Rheinland-Pfalz,50.232399,7.234266,243
064350005005,Brachttal,,63636,Main-Kinzig-Kreis,Hessen,50.302588,9.298776,4844
033535402004,Brackel,,21438,Harburg,Niedersachsen,53.296894,10.040623,1926
081255003013,Brackenheim,Stadt,74336,Heilbronn,Baden-Württemberg,49.078235,9.064886,16774
010545489017,Braderup,,25923,Nordfriesland,Schleswig-Holstein,54.835624,8.890308,674
130765652016,Brahlstorf,,19273,Ludwigslust-Parchim,Mecklenburg-Vorpommern,53.365236,10.954396,679
160765008008,Brahmenau,,07554,Greiz,Thüringen,50.921512,12.157549,904
034610002002,Brake (Unterweser),Stadt,26919,Wesermarsch,Niedersachsen,53.326342,8.478138,15200
057620016016,Brakel,Stadt,33034,Höxter,Nordrhein-Westfalen,51.716841,9.184377,16193
010585864027,Brammer,,24793,Rendsburg-Eckernförde,Schleswig-Holstein,54.200192,9.765228,347
034590014014,Bramsche,Stadt,49565,Osnabrück,Niedersachsen,52.406729,7.97915,28220
010545489018,Bramstedtlund,,25926,Nordfriesland,Schleswig-Holstein,54.840025,9.08724,214
093775349113,Brand,,95682,Tirschenreuth,Bayern,49.959052,11.908038,1139
145220050050,Brand-Erbisdorf,Stadt,09618,Mittelsachsen,Sachsen,50.869411,13.32197,8797
010565636010,Brande-Hörnerkirchen,,25364,Pinneberg,Schleswig-Holstein,53.855084,9.705145,1754
120510000000,Brandenburg an der Havel,Stadt,14770,Brandenburg an der Havel,Brandenburg,52.408651,12.563364,74113
147290070070,Brandis,Stadt,04821,Leipzig,Sachsen,51.333915,12.609467,9654
071435009213,Brandscheid,,56459,Westerwaldkreis,Rheinland-Pfalz,50.55899,7.919086,496
072325006207,Brandscheid,,54608,Eifelkreis Bitburg-Prüm,Rheinland-Pfalz,50.221349,6.30926,304
091870120120,Brannenburg,,83098,Rosenheim,Bayern,47.741567,12.103075,6658
071415009501,Braubach,Stadt,56338,Rhein-Lahn-Kreis,Rheinland-Pfalz,50.274481,7.648315,3002
072315001012,Brauneberg,,54472,Bernkastel-Wittlich,Rheinland-Pfalz,49.909304,6.989195,1142
065320003003,Braunfels,Stadt,35619,Lahn-Dill-Kreis,Hessen,50.514702,8.38959,11045
160765004009,Braunichswalde,,07580,Greiz,Thüringen,50.799928,12.222768,611
031530016016,Braunlage,Stadt,38700,Goslar,Niedersachsen,51.728022,10.610704,4839
081275001009,Braunsbach,,74542,Schwäbisch Hall,Baden-Württemberg,49.198935,9.791297,2472
150880065065,Braunsbedra,Stadt,06242,Saalekreis,Sachsen-Anhalt,51.283795,11.883678,10352
031010000000,Braunschweig,Stadt,38100,Braunschweig,Niedersachsen,52.26249,10.520525,252962
071405003018,Braunshorn,,56288,Rhein-Hunsrück-Kreis,Rheinland-Pfalz,50.090905,7.516629,670
071335006015,Braunweiler,,55595,Bad Kreuznach,Rheinland-Pfalz,49.866836,7.747306,628
071335009016,Brauweiler,,55606,Bad Kreuznach,Rheinland-Pfalz,49.824015,7.499054,63
065330002002,Brechen,,65611,Limburg-Weilburg,Hessen,50.36549,8.164031,6321
072325008020,Brecht,,54636,Eifelkreis Bitburg-Prüm,Rheinland-Pfalz,49.981047,6.435582,188
059540004004,Breckerfeld,Hansestadt,58339,Ennepe-Ruhr-Kreis,Nordrhein-Westfalen,51.261435,7.46522,8816
034545406006,Breddenberg,,26897,Emsland,Niedersachsen,52.953742,7.607868,830
120685805052,Breddin,,16845,Ostprignitz-Ruppin,Brandenburg,52.884617,12.22172,890
033575407007,Breddorf,,27412,Rotenburg (Wümme),Niedersachsen,53.291695,9.081513,1011
010585803028,Bredenbek,,24796,Rendsburg-Eckernförde,Schleswig-Holstein,54.324946,9.871054,1524
130715162015,Bredenfelde,,17153,Mecklenburgische Seenplatte,Mecklenburg-Vorpommern,53.600889,12.955089,181
010545494019,Bredstedt,Stadt,25821,Nordfriesland,Schleswig-Holstein,54.618658,8.963468,5790
130735359013,Breege,,18556,Vorpommern-Rügen,Mecklenburg-Vorpommern,54.616185,13.366538,572
120705001052,Breese,,19322,Prignitz,Brandenburg,53.00232,11.791215,1526
130715163016,Breesen,,17091,Mecklenburgische Seenplatte,Mecklenburg-Vorpommern,53.629945,13.163388,484
160615001015,Brehme,,37339,Eichsfeld,Thüringen,51.492631,10.361156,1078
065340005005,Breidenbach,,35236,Marburg-Biedenkopf,Hessen,50.88686,8.454202,6734
010585847029,Breiholz,,24797,Rendsburg-Eckernförde,Schleswig-Holstein,54.206128,9.521979,1333
083155002015,Breisach am Rhein,Stadt,79206,Breisgau-Hochschwarzwald,Baden-Württemberg,48.031142,7.583227,16487
072315006202,Breit,,54426,Bernkastel-Wittlich,Rheinland-Pfalz,49.776095,6.906239,325
096745610118,Breitbrunn,,96151,Haßberge,Bayern,50.018072,10.70173,1019
091875160121,Breitbrunn a.Chiemsee,,83254,Rosenheim,Bayern,47.889886,12.40036,1453
071435005006,Breitenau,,56237,Westerwaldkreis,Rheinland-Pfalz,50.497404,7.689527,737
073365009010,Breitenbach,,66916,Kusel,Rheinland-Pfalz,49.433957,7.271826,1768
066320004004,Breitenbach a. Herzberg,,36287,Hersfeld-Rotenburg,Hessen,50.7763,9.514424,1675
010615104016,Breitenberg,,25597,Steinburg,Schleswig-Holstein,53.924364,9.634796,312
092750118118,Breitenberg,,94139,Passau,Bayern,48.703074,13.794403,1972
093730115115,Breitenbrunn,M,92363,Neumarkt i.d.OPf.,Bayern,49.083449,11.623311,3702
097785759121,Breitenbrunn,,87739,Unterallgäu,Bayern,48.137046,10.40141,2280
145210110110,Breitenbrunn/Erzgeb.,Hochschulort,08359,Erzgebirgskreis,Sachsen,50.474623,12.768669,4793
010615104017,Breitenburg,,25524,Steinburg,Schleswig-Holstein,53.904698,9.572387,1241
010535313014,Breitenfelde,,23881,Herzogtum Lauenburg,Schleswig-Holstein,53.605112,10.632977,2136
094710119119,Breitengüßbach,,96149,Bamberg,Bayern,49.971308,10.885557,4481
094789451451,Breitengüßbacher Forst,,,Lichtenfels,Bayern,50.044996,10.909203,0
071335010017,Breitenheim,,55592,Bad Kreuznach,Rheinland-Pfalz,49.697264,7.630341,393
071345005013,Breitenthal,,55758,Birkenfeld,Rheinland-Pfalz,49.800795,7.335186,347
097745731117,Breitenthal,,86488,Günzburg,Bayern,48.23717,10.297763,1255
160615006017,Breitenworbis,,37339,Eichsfeld,Thüringen,51.410272,10.426213,3140
084255008024,Breitingen,,89183,Alb-Donau-Kreis,Baden-Württemberg,48.517286,9.991461,354
083155008016,Breitnau,,79874,Breisgau-Hochschwarzwald,Baden-Württemberg,47.940646,8.075349,1850
065320004004,Breitscheid,,35767,Lahn-Dill-Kreis,Hessen,50.684661,8.188855,4539
071385009006,Breitscheid,,53547,Neuwied,Rheinland-Pfalz,50.582244,7.442685,2254
073395001007,Breitscheid,,55422,Mainz-Bingen,Rheinland-Pfalz,50.056082,7.70967,152
071325006013,Breitscheidt,,57539,Altenkirchen (Westerwald),Rheinland-Pfalz,50.75426,7.661594,1020
160665051013,Breitungen/Werra,,98597,Schmalkalden-Meiningen,Thüringen,50.757018,10.330302,4394
010585890030,Brekendorf,,24811,Rendsburg-Eckernförde,Schleswig-Holstein,54.420681,9.630366,1014
010545494020,Breklum,,25821,Nordfriesland,Schleswig-Holstein,54.605121,8.982127,2357
071415011018,Bremberg,,56370,Rhein-Lahn-Kreis,Rheinland-Pfalz,50.305995,7.921078,265
040110000000,Bremen,Stadt,28195,Bremen,Bremen,53.075606,8.809338,586271
040120000000,Bremerhaven,Stadt,27576,Bremerhaven,Bremen,53.543032,8.578068,118610
033570008008,Bremervörde,Stadt,27432,Rotenburg (Wümme),Niedersachsen,53.485106,9.146245,18564
071355001012,Bremm,,56814,Cochem-Zell,Rheinland-Pfalz,50.10033,7.115357,690
160745007007,Bremsnitz,,07646,Saale-Holzland-Kreis,Thüringen,50.799841,11.773768,141
071315004201,Brenk,,56651,Ahrweiler,Rheinland-Pfalz,50.431445,7.172828,183
093755336120,Brennberg,,93179,Regensburg,Bayern,49.070349,12.39657,2082
064370003003,Brensbach,,64395,Odenwaldkreis,Hessen,49.772941,8.878516,4860
130765660017,Brenz,,19306,Ludwigslust-Parchim,Mecklenburg-Vorpommern,53.380452,11.663717,488
130765659018,Bresegard bei Eldena,,19294,Ludwigslust-Parchim,Mecklenburg-Vorpommern,53.247208,11.368941,191
130765658019,Bresegard bei Picher,,19230,Ludwigslust-Parchim,Mecklenburg-Vorpommern,53.351837,11.298714,285
033595403008,Brest,,21698,Stade,Niedersachsen,53.450913,9.382623,779
082155002007,Bretten,Stadt,75015,Karlsruhe,Baden-Württemberg,49.036665,8.707641,30274
071435006214,Bretthausen,,56479,Westerwaldkreis,Rheinland-Pfalz,50.672136,8.07441,211
071335011018,Bretzenheim,,55559,Bad Kreuznach,Rheinland-Pfalz,49.87924,7.897906,2752
081260011011,Bretzfeld,,74626,Hohenlohekreis,Baden-Württemberg,49.177232,9.440237,12713
064370004004,Breuberg,Stadt,64747,Odenwaldkreis,Hessen,49.819229,9.018078,7196
066330004004,Breuna,,34479,Kassel,Hessen,51.41625,9.185123,3386
073335006011,Breunigweiler,,67725,Donnersbergkreis,Rheinland-Pfalz,49.569415,7.96332,461
032555408005,Brevörde,,37647,Holzminden,Niedersachsen,51.912233,9.427301,543
071375009204,Brey,,56321,Mayen-Koblenz,Rheinland-Pfalz,50.272043,7.626757,1494
120605003034,Breydin,,16230,Barnim,Brandenburg,52.777824,13.836028,807
010515163010,Brickeln,,25712,Dithmarschen,Schleswig-Holstein,54.00849,9.221166,186
071355005013,Briedel,,56867,Cochem-Zell,Rheinland-Pfalz,50.022096,7.145792,860
071355002014,Brieden,,56829,Cochem-Zell,Rheinland-Pfalz,50.188859,7.262348,154
071355001015,Briedern,,56820,Cochem-Zell,Rheinland-Pfalz,50.110353,7.208648,345
120630036036,Brieselang,,14656,Havelland,Brandenburg,52.581603,12.997668,13187
120675706072,Briesen (Mark),,15518,Oder-Spree,Brandenburg,52.344886,14.277635,2928
120715101028,Briesen/Brjazyna,,03096,Spree-Neiße,Brandenburg,51.814903,14.244488,776
120675701076,Brieskow-Finkenheerd,,15295,Oder-Spree,Brandenburg,52.251075,14.576398,2282
033555407011,Brietlingen,,21382,Lüneburg,Niedersachsen,53.332246,10.447601,3278
130755560017,Brietzig,,17309,Vorpommern-Greifswald,Mecklenburg-Vorpommern,53.477016,13.904164,163
083265004075,Brigachtal,,78086,Schwarzwald-Baar-Kreis,Baden-Württemberg,48.016006,8.470163,5059
130715162018,Briggow,,17153,Mecklenburgische Seenplatte,Mecklenburg-Vorpommern,53.620765,12.986438,310
059580012012,Brilon,Stadt,59929,Hochsauerlandkreis,Nordrhein-Westfalen,51.395499,8.568121,25424
072325008502,Brimingen,,54646,Eifelkreis Bitburg-Prüm,Rheinland-Pfalz,49.970878,6.365103,97
010585853031,Brinjahe,,24816,Rendsburg-Eckernförde,Schleswig-Holstein,54.168528,9.632102,107
034575402003,Brinkum,,26835,Leer,Niedersachsen,53.267565,7.558982,819
120605011036,Britz,,16230,Barnim,Brandenburg,52.887165,13.81107,2100
033575401009,Brockel,,27386,Rotenburg (Wümme),Niedersachsen,53.095016,9.520542,1359
072335001011,Brockscheid,,54552,Vulkaneifel,Rheinland-Pfalz,50.13236,6.845128,193
032515401009,Brockum,,49448,Diepholz,Niedersachsen,52.46665,8.41884,1086
071375009205,Brodenbach,,56332,Mayen-Koblenz,Rheinland-Pfalz,50.226302,7.446804,703
010585893032,Brodersby,,24398,Rendsburg-Eckernförde,Schleswig-Holstein,54.634629,9.979854,686
010595987189,Brodersby-Goltoft,,24864,Schleswig-Flensburg,Schleswig-Holstein,54.538183,9.714558,669
010575755012,Brodersdorf,,24235,Plön,Schleswig-Holstein,54.385481,10.249254,420
130725253019,Broderstorf,,18184,Landkreis Rostock,Mecklenburg-Vorpommern,54.081385,12.258335,3743
071355002016,Brohl,,56754,Cochem-Zell,Rheinland-Pfalz,50.22055,7.278237,347
071315003014,Brohl-Lützing,,56656,Ahrweiler,Rheinland-Pfalz,50.484747,7.324554,2553
010615179018,Brokdorf,,25576,Steinburg,Schleswig-Holstein,53.862201,9.329129,1000
010615189019,Brokstedt,,24616,Steinburg,Schleswig-Holstein,53.990426,9.821297,2263
064370005005,Brombachtal,,64753,Odenwaldkreis,Hessen,49.73555,8.950526,3416
031515402005,Brome,Flecken,38465,Gifhorn,Niedersachsen,52.601479,10.942137,3102
120665601041,Bronkow,,03205,Oberspreewald-Lausitz,Brandenburg,51.670289,13.916569,527
160660074074,Brotterode-Trusetal,Stadt,98596,Schmalkalden-Meiningen,Thüringen,50.786201,10.40787,5571
072315008013,Bruch,,54518,Bernkastel-Wittlich,Rheinland-Pfalz,49.956465,6.785289,482
071325006014,Bruchertseifen,,57539,Altenkirchen (Westerwald),Rheinland-Pfalz,50.747563,7.713945,794
071385007008,Bruchhausen,,53572,Neuwied,Rheinland-Pfalz,50.602142,7.251595,976
032515403049,Bruchhausen-Vilsen,Flecken,27305,Diepholz,Niedersachsen,52.822285,8.986762,8970
064350006006,Bruchköbel,Stadt,63486,Main-Kinzig-Kreis,Hessen,50.178773,8.920577,20509
073355001003,Bruchmühlbach-Miesau,,66892,Kaiserslautern,Rheinland-Pfalz,49.387344,7.46112,8049
082155003009,Bruchsal,Stadt,76646,Karlsruhe,Baden-Württemberg,49.125785,8.5977,47784
160645001009,Bruchstedt,,99955,Unstrut-Hainich-Kreis,Thüringen,51.183733,10.786972,268
071345005014,Bruchweiler,,55758,Birkenfeld,Rheinland-Pfalz,49.798781,7.225235,533
073405001501,Bruchweiler-Bärenbach,,76891,Südwestpfalz,Rheinland-Pfalz,49.113006,7.80391,1533
091755114114,Bruck,,85567,Ebersberg,Bayern,48.021043,11.907755,1326
093760117117,Bruck i.d.OPf.,M,92436,Schwandorf,Bayern,49.250185,12.308227,4167
092740194194,Bruckberg,,84079,Landshut,Bayern,48.522561,11.992656,5700
095715504122,Bruckberg,,91590,Ansbach,Bayern,49.358083,10.697953,1252
091870122122,Bruckmühl,M,83052,Rosenheim,Bayern,47.882922,11.914526,16735
093755333122,Brunn,,93164,Regensburg,Bayern,49.095952,11.900091,1660
095749452452,Brunn,,,Nürnberger Land,Bayern,49.444058,11.251194,0
130715157019,Brunn,,17039,Mecklenburgische Seenplatte,Mecklenburg-Vorpommern,53.670242,13.372319,1018
091855155123,Brunnen,,86564,Neuburg-Schrobenhausen,Bayern,48.629701,11.307753,1818
091840114114,Brunnthal,,85649,München,Bayern,48.006711,11.684307,5451
130765657021,Brunow,,19372,Ludwigslust-Parchim,Mecklenburg-Vorpommern,53.262445,11.811652,296
010625262088,Brunsbek,,22946,Stormarn,Schleswig-Holstein,53.587558,10.291266,1801
010510011011,Brunsbüttel,Stadt,25541,Dithmarschen,Schleswig-Holstein,53.896932,9.13735,12692
031549501501,Brunsleberfeld,gemfr. Gebiet,,Helmstedt,Niedersachsen,52.186879,10.846607,0
010535358016,Brunsmark,,23883,Herzogtum Lauenburg,Schleswig-Holstein,53.617106,10.750236,157
010535373017,Brunstorf,,21524,Herzogtum Lauenburg,Schleswig-Holstein,53.491554,10.425938,783
071335009201,Bruschied,,55606,Bad Kreuznach,Rheinland-Pfalz,49.835446,7.407033,334
071355001017,Bruttig-Fankel,,56814,Cochem-Zell,Rheinland-Pfalz,50.129803,7.229003,1116
083265001006,Bräunlingen,Stadt,78199,Schwarzwald-Baar-Kreis,Baden-Württemberg,47.930249,8.448829,5784
130725261018,Bröbberow,,18258,Landkreis Rostock,Mecklenburg-Vorpommern,53.964527,12.05248,671
033515402005,Bröckel,,29356,Celle,Niedersachsen,52.518414,10.216108,2006
010535318015,Bröthen,,21514,Herzogtum Lauenburg,Schleswig-Holstein,53.480281,10.667034,320
120695904076,Brück,Stadt,14822,Potsdam-Mittelmark,Brandenburg,52.196813,12.762275,4258
071345002015,Brücken,,55767,Birkenfeld,Rheinland-Pfalz,49.637723,7.111323,1260
073365009011,Brücken (Pfalz),,66904,Kusel,Rheinland-Pfalz,49.432211,7.359882,2086
150875051101,Brücken-Hackpfüffel,,06528,Mansfeld-Südharz,Sachsen-Anhalt,51.444205,11.199536,972
072335004208,Brücktal,,53539,Vulkaneifel,Rheinland-Pfalz,50.317451,6.980048,80
130765664020,Brüel,Stadt,19412,Ludwigslust-Parchim,Mecklenburg-Vorpommern,53.73778,11.713735,2557
010585889033,Brügge,,24582,Rendsburg-Eckernförde,Schleswig-Holstein,54.174356,10.071067,1113
051660004004,Brüggen,Burggemeinde,41379,Viersen,Nordrhein-Westfalen,51.242067,6.185264,16198
053620012012,Brühl,Stadt,50321,Rhein-Erft-Kreis,Nordrhein-Westfalen,50.82949,6.902458,45555
082260009009,Brühl,,68782,Rhein-Neckar-Kreis,Baden-Württemberg,49.395199,8.534338,14328
160695051006,Brünn/Thür.,,98673,Hildburghausen,Thüringen,50.449347,10.85655,394
130755557018,Brünzow,,17509,Vorpommern-Greifswald,Mecklenburg-Vorpommern,54.104731,13.565365,703
130745455012,Brüsewitz,,19071,Nordwestmecklenburg,Mecklenburg-Vorpommern,53.676102,11.248981,1842
120735303085,Brüssow,Stadt,17326,Uckermark,Brandenburg,53.39961,14.126496,1842
071405008020,Bubach,,56288,Rhein-Hunsrück-Kreis,Rheinland-Pfalz,50.070994,7.555607,241
073335003012,Bubenheim,,67308,Donnersbergkreis,Rheinland-Pfalz,49.628173,8.11865,425
073395003008,Bubenheim,,55270,Mainz-Bingen,Rheinland-Pfalz,49.921709,8.080934,799
095720119119,Bubenreuth,,91088,Erlangen-Höchstadt,Bayern,49.628271,11.015911,4547
097745729118,Bubesheim,,89347,Günzburg,Bayern,48.43348,10.253443,1605
073365008012,Buborn,,67742,Kusel,Rheinland-Pfalz,49.636702,7.541333,123
083275002007,Bubsheim,,78585,Tuttlingen,Baden-Württemberg,48.120602,8.829637,1446
071405003021,Buch,,56290,Rhein-Hunsrück-Kreis,Rheinland-Pfalz,50.077143,7.387139,860
071415007019,Buch,,56357,Rhein-Lahn-Kreis,Rheinland-Pfalz,50.204749,7.87519,611
097755741118,Buch,M,89290,Neu-Ulm,Bayern,48.222374,10.178679,4337
091775120114,Buch a.Buchrain,,85656,Erding,Bayern,48.215089,11.994126,1653
092740121121,Buch a.Erlbach,,84172,Landshut,Bayern,48.449087,12.034551,3929
095715502125,Buch a.Wald,,91592,Ansbach,Bayern,49.330095,10.333667,986
160745011008,Bucha,,07751,Saale-Holzland-Kreis,Thüringen,50.882232,11.512163,1160
091830114114,Buchbach,M,84428,Mühldorf a.Inn,Bayern,48.30976,12.27153,3371
096755617114,Buchbrunn,,97320,Kitzingen,Bayern,49.759408,10.135227,1099
097795724126,Buchdorf,,86675,Donau-Ries,Bayern,48.78494,10.824739,2017
082250014014,Buchen (Odenwald),Stadt,74722,Neckar-Odenwald-Kreis,Baden-Württemberg,49.521795,9.323179,18226
083155003020,Buchenbach,,79256,Breisgau-Hochschwarzwald,Baden-Württemberg,47.960986,8.009933,3144
097800117117,Buchenberg,M,87474,Oberallgäu,Bayern,47.695984,10.239748,4110
072325006208,Buchet,,54608,Eifelkreis Bitburg-Prüm,Rheinland-Pfalz,50.243644,6.316609,246
160715008009,Buchfart,,99438,Weimarer Land,Thüringen,50.920934,11.331865,202
083275001008,Buchheim,,88637,Tuttlingen,Baden-Württemberg,48.010647,8.986749,777
092715205118,Buchhofen,,94533,Deggendorf,Bayern,48.697884,12.924025,991
010515163012,Buchholz,,25712,Dithmarschen,Schleswig-Holstein,53.987132,9.223774,992
010535358018,Buchholz,,23911,Herzogtum Lauenburg,Schleswig-Holstein,53.731393,10.745377,237
032575401008,Buchholz,,31710,Schaumburg,Niedersachsen,52.225073,9.118945,714
130715159020,Buchholz,,17209,Mecklenburgische Seenplatte,Mecklenburg-Vorpommern,53.277217,12.641406,119
033585403005,Buchholz (Aller),,29690,Heidekreis,Niedersachsen,52.676713,9.679791,2178
071385001080,Buchholz (Westerwald),,53567,Neuwied,Rheinland-Pfalz,50.687713,7.394951,4688
033530005005,Buchholz in der Nordheide,Stadt,21244,Harburg,Niedersachsen,53.329257,9.881469,41737
010535343019,Buchhorst,,21481,Herzogtum Lauenburg,Schleswig-Holstein,53.384993,10.568335,151
097775748121,Buchloe,St,86807,Ostallgäu,Bayern,48.036908,10.729643,13815
120695918089,Buckautal,,14793,Potsdam-Mittelmark,Brandenburg,52.222278,12.327259,476
095725514120,Buckenhof,,91054,Erlangen-Höchstadt,Bayern,49.593544,11.050613,3161
095729452452,Buckenhofer Forst,,,Erlangen-Höchstadt,Bayern,49.579298,11.071255,0
120645408084,Buckow (Märkische Schweiz),Stadt,15377,Märkisch-Oderland,Brandenburg,52.568175,14.073102,1513
071405008023,Budenbach,,55469,Rhein-Hunsrück-Kreis,Rheinland-Pfalz,50.037038,7.568172,198
073390009009,Budenheim,,55257,Mainz-Bingen,Rheinland-Pfalz,50.02422,8.172555,8104
130755553020,Bugewitz,,17398,Vorpommern-Greifswald,Mecklenburg-Vorpommern,53.790407,13.830724,238
130755551021,Buggenhagen,,17440,Vorpommern-Greifswald,Mecklenburg-Vorpommern,53.923399,13.862341,184
083155012022,Buggingen,,79426,Breisgau-Hochschwarzwald,Baden-Württemberg,47.847351,7.637582,4449
160615006019,Buhla,,37339,Eichsfeld,Thüringen,51.440258,10.487571,464
071345002016,Buhlenberg,,55767,Birkenfeld,Rheinland-Pfalz,49.654269,7.121037,471
071355005019,Bullay,,56859,Cochem-Zell,Rheinland-Pfalz,50.057025,7.13148,1648
010565660011,Bullenkuhlen,,25355,Pinneberg,Schleswig-Holstein,53.768586,9.751552,401
034570024024,Bunde,,26831,Leer,Niedersachsen,53.184408,7.269253,7463
071345005017,Bundenbach,,55626,Birkenfeld,Rheinland-Pfalz,49.842133,7.377149,876
073405001502,Bundenthal,,76891,Südwestpfalz,Rheinland-Pfalz,49.096101,7.807569,1025
096745612120,Bundorf,,97494,Haßberge,Bayern,50.214316,10.522238,932
096739451451,Bundorfer Forst,,,Rhön-Grabfeld,Bayern,50.220955,10.456075,0
010515175015,Bunsoh,,25767,Dithmarschen,Schleswig-Holstein,54.165522,9.320225,761
059700008008,Burbach,,57299,Siegen-Wittgenstein,Nordrhein-Westfalen,50.745639,8.080321,14553
072325008210,Burbach,,54597,Eifelkreis Bitburg-Prüm,Rheinland-Pfalz,50.106196,6.518362,708
072325005022,Burg,,54646,Eifelkreis Bitburg-Prüm,Rheinland-Pfalz,49.95919,6.352224,18
150860015015,Burg,Stadt,39288,Jerichower Land,Sachsen-Anhalt,52.269775,11.854736,22585
010515163016,Burg (Dithmarschen),,25712,Dithmarschen,Schleswig-Holstein,53.99748,9.26246,4070
072315009014,Burg (Mosel),,56843,Bernkastel-Wittlich,Rheinland-Pfalz,50.007697,7.125109,351
120715101032,Burg (Spreewald)/Bórkowy (Błota),,03096,Spree-Neiße,Brandenburg,51.834284,14.148064,4179
130715161021,Burg Stargard,Stadt,17094,Mecklenburgische Seenplatte,Mecklenburg-Vorpommern,53.495316,13.310132,5171
097740121121,Burgau,St,89331,Günzburg,Bayern,48.431944,10.406193,10670
097800118118,Burgberg i.Allgäu,,87545,Oberallgäu,Bayern,47.538563,10.285671,3057
095755524115,Burgbernheim,St,91593,Neustadt a.d.Aisch-Bad Windsheim,Bayern,49.450379,10.324447,3512
071315004202,Burgbrohl,,56659,Ahrweiler,Rheinland-Pfalz,50.456724,7.274953,3262
031585402004,Burgdorf,,38272,Wolfenbüttel,Niedersachsen,52.14603,10.219001,2088
032410003003,Burgdorf,Stadt,31303,Region Hannover,Niedersachsen,52.446741,10.008766,31051
094715408120,Burgebrach,M,96138,Bamberg,Bayern,49.826635,10.738231,7149
071375009206,Burgen,,56332,Mayen-Koblenz,Rheinland-Pfalz,50.210682,7.391389,763
072315001016,Burgen,,54472,Bernkastel-Wittlich,Rheinland-Pfalz,49.880668,7.000219,582
091905175118,Burggen,,86977,Weilheim-Schongau,Bayern,47.778049,10.817667,1708
095750116116,Burghaslach,M,96152,Neustadt a.d.Aisch-Bad Windsheim,Bayern,49.732278,10.599379,2702
066310002002,Burghaun,Marktgemeinde,36151,Fulda,Hessen,50.697783,9.726797,6404
091710112112,Burghausen,St,84489,Altötting,Bayern,48.168825,12.831282,19558
091850125125,Burgheim,M,86666,Neuburg-Schrobenhausen,Bayern,48.700562,11.016204,4678
096779452452,Burgjoß,,,Main-Spessart,Bayern,50.215206,9.532677,0
091710113113,Burgkirchen a.d.Alz,,84508,Altötting,Bayern,48.166556,12.731367,11006
094780116116,Burgkunstadt,St,96224,Lichtenfels,Bayern,50.142232,11.249566,6463
071325010016,Burglahr,,57632,Altenkirchen (Westerwald),Rheinland-Pfalz,50.617639,7.496733,493
096735635186,Burglauer,,97724,Rhön-Grabfeld,Bayern,50.276566,10.17997,1730
093760119119,Burglengenfeld,St,93133,Schwandorf,Bayern,49.2057,12.041577,14569
095710127127,Burgoberbach,,91595,Ansbach,Bayern,49.236891,10.592294,3754
096745612121,Burgpreppach,M,97496,Haßberge,Bayern,50.140945,10.648428,1338
084265005028,Burgrieden,,88483,Biberach,Baden-Württemberg,48.238255,9.93438,4291
095775535120,Burgsalach,,91790,Weißenburg-Gunzenhausen,Bayern,49.033186,11.097575,1153
071415011020,Burgschwalbach,,65558,Rhein-Lahn-Kreis,Rheinland-Pfalz,50.283316,8.078489,1080
096775622122,Burgsinn,M,97775,Main-Spessart,Bayern,50.147057,9.649037,2307
071335006019,Burgsponheim,,55595,Bad Kreuznach,Rheinland-Pfalz,49.833589,7.717036,217
150835051120,Burgstall,,39517,Börde,Sachsen-Anhalt,52.407425,11.697357,1480
081195001018,Burgstetten,,71576,Rems-Murr-Kreis,Baden-Württemberg,48.928176,9.372776,3681
145225102060,Burgstädt,Stadt,09217,Mittelsachsen,Sachsen,50.920143,12.805883,10413
095740117117,Burgthann,,90559,Nürnberger Land,Bayern,49.351392,11.315139,11466
066350006006,Burgwald,,35099,Waldeck-Frankenberg,Hessen,51.027298,8.81134,4932
160615008021,Burgwalde,,37318,Eichsfeld,Thüringen,51.38867,10.043847,230
096739452452,Burgwallbacher Forst,,,Rhön-Grabfeld,Bayern,50.359113,10.070776,0
032410004004,Burgwedel,Stadt,30938,Region Hannover,Niedersachsen,52.49202,9.856492,20379
094715407122,Burgwindheim,M,96154,Bamberg,Bayern,49.827259,10.595363,1288
095715507128,Burk,,91596,Ansbach,Bayern,49.132731,10.479999,1112
096720117117,Burkardroth,M,97705,Bad Kissingen,Bayern,50.267701,9.994594,7361
146250060060,Burkau / Porchow,,01906,Bautzen,Sachsen,51.175556,14.17238,2595
145215103120,Burkhardtsdorf,,09235,Erzgebirgskreis,Sachsen,50.734171,12.929936,5936
084170013013,Burladingen,Stadt,72393,Zollernalbkreis,Baden-Württemberg,48.28913,9.1153,12124
130715163022,Burow,,17089,Mecklenburgische Seenplatte,Mecklenburg-Vorpommern,53.772725,13.273035,865
073375003015,Burrweiler,,76835,Südliche Weinstraße,Rheinland-Pfalz,49.248524,8.075454,790
053780008008,Burscheid,Stadt,51399,Rheinisch-Bergischer Kreis,Nordrhein-Westfalen,51.085749,7.113704,19272
097740122122,Burtenbach,M,89349,Günzburg,Bayern,48.339553,10.448229,3562
072315006017,Burtscheid,,54424,Bernkastel-Wittlich,Rheinland-Pfalz,49.732126,6.956734,115
033595409009,Burweg,,21709,Stade,Niedersachsen,53.624639,9.26357,989
130735353014,Buschvitz,,18528,Vorpommern-Rügen,Mecklenburg-Vorpommern,54.429257,13.473218,217
010595915018,Busdorf,,24866,Schleswig-Flensburg,Schleswig-Holstein,54.493339,9.553156,2015
065310003003,Buseck,,35418,Gießen,Hessen,50.608968,8.788294,12527
073405001002,Busenberg,,76891,Südwestpfalz,Rheinland-Pfalz,49.130274,7.830034,1141
071325010017,Busenhausen,,57612,Altenkirchen (Westerwald),Rheinland-Pfalz,50.714829,7.634124,352
010515175017,Busenwurth,,25719,Dithmarschen,Schleswig-Holstein,54.041407,9.041298,324
034610003003,Butjadingen,,26969,Wesermarsch,Niedersachsen,53.574556,8.362601,5966
094710123123,Buttenheim,M,96155,Bamberg,Bayern,49.803616,11.033798,3719
097730122122,Buttenwiesen,,86647,Dillingen a.d.Donau,Bayern,48.604433,10.721337,6081
160635056011,Buttlar,,36419,Wartburgkreis,Thüringen,50.755501,9.951776,1134
160680063063,Buttstädt,,99628,Sömmerda,Thüringen,51.122402,11.419701,6470
064400005005,Butzbach,Friedrich-Ludwig-Weidig-Stadt,35510,Wetteraukreis,Hessen,50.433537,8.672123,27046
130755553022,Butzow,,17392,Vorpommern-Greifswald,Mecklenburg-Vorpommern,53.834881,13.647054,437
091760118118,Buxheim,,85114,Eichstätt,Bayern,48.804323,11.292008,3778
097780123123,Buxheim,,87740,Unterallgäu,Bayern,47.998886,10.134546,3108
033590010010,Buxtehude,Hansestadt,21614,Stade,Niedersachsen,53.475851,9.698611,40886
120615113061,Byhleguhre-Byhlen/Beła Góra-Bělin,,15913,Dahme-Spreewald,Brandenburg,51.879267,14.172163,741
097735713113,Bächingen a.d.Brenz,,89431,Dillingen a.d.Donau,Bayern,48.546161,10.312137,1335
010535358004,Bäk,,23909,Herzogtum Lauenburg,Schleswig-Holstein,53.716345,10.787081,908
010535313005,Bälau,,23881,Herzogtum Lauenburg,Schleswig-Holstein,53.616381,10.621739,224
071335009008,Bärenbach,,55758,Bad Kreuznach,Rheinland-Pfalz,49.748601,7.443275,490
071405004006,Bärenbach,,55483,Rhein-Hunsrück-Kreis,Rheinland-Pfalz,49.947223,7.302424,457
145215101060,Bärenstein,,09471,Erzgebirgskreis,Sachsen,50.497629,13.026565,2152
083275001004,Bärenthal,,78580,Tuttlingen,Baden-Württemberg,48.072882,8.926748,487
093770112112,Bärnau,St,95671,Tirschenreuth,Bayern,49.809434,12.429932,3007
071335010009,Bärweiler,,55606,Bad Kreuznach,Rheinland-Pfalz,49.742991,7.60239,203
091905178117,Böbing,,82389,Weilheim-Schongau,Bayern,47.755052,10.988146,1895
073375003011,Böbingen,,67482,Südliche Weinstraße,Rheinland-Pfalz,49.284163,8.237219,761
081365006009,Böbingen an der Rems,,73560,Ostalbkreis,Baden-Württemberg,48.82016,9.920981,4539
081150003003,Böblingen,Stadt,71032,Böblingen,Baden-Württemberg,48.685296,9.009663,51483
092760118118,Böbrach,,94255,Regen,Bayern,49.056009,13.035494,1564
073375005012,Böchingen,,76833,Südliche Weinstraße,Rheinland-Pfalz,49.2373,8.092554,717
010595974006,Böel,,24401,Schleswig-Flensburg,Schleswig-Holstein,54.647752,9.72216,698
097785757119,Böhen,,87736,Unterallgäu,Bayern,47.881258,10.300894,767
073380005005,Böhl-Iggelheim,,67459,Rhein-Pfalz-Kreis,Rheinland-Pfalz,49.365618,8.308577,10645
147290040040,Böhlen,Stadt,04564,Leipzig,Sachsen,51.202806,12.387241,6787
033585402003,Böhme,,29693,Heidekreis,Niedersachsen,52.790453,9.477413,940
081170010010,Böhmenkirch,,89558,Göppingen,Baden-Württemberg,48.684616,9.931883,5684
091765116116,Böhmfeld,,85113,Eichstätt,Bayern,48.861043,11.366858,1698
010585896019,Böhnhusen,,24220,Rendsburg-Eckernförde,Schleswig-Holstein,54.221123,10.068211,277
010595987008,Böklund,,24860,Schleswig-Flensburg,Schleswig-Holstein,54.603487,9.583662,1681
083365006010,Böllen,,79677,Lörrach,Baden-Württemberg,47.801742,7.839713,92
073375002013,Böllenborn,,76887,Südliche Weinstraße,Rheinland-Pfalz,49.097934,7.936235,228
071435001211,Bölsberg,,57648,Westerwaldkreis,Rheinland-Pfalz,50.668614,7.914729,228
010575785008,Bönebüttel,,24620,Plön,Schleswig-Holstein,54.079505,10.0593,2084
059780008008,Bönen,,59199,Unna,Nordrhein-Westfalen,51.598348,7.756717,17734
081185003010,Bönnigheim,Stadt,74357,Ludwigsburg,Baden-Württemberg,49.041614,9.093322,8123
010560005005,Bönningstedt,,25474,Pinneberg,Schleswig-Holstein,53.662295,9.906267,4559
150895051043,Börde-Hakel,,39448,Salzlandkreis,Sachsen-Anhalt,51.961656,11.390763,2893
150895051041,Bördeaue,,39435,Salzlandkreis,Sachsen-Anhalt,51.931964,11.512902,1762
150890042042,Bördeland,,39221,Salzlandkreis,Sachsen-Anhalt,52.003309,11.637674,7466
071345002011,Börfink,,54422,Birkenfeld,Rheinland-Pfalz,49.688572,7.081083,167
034545407005,Börger,,26904,Emsland,Niedersachsen,52.912037,7.533851,2916
130725251017,Börgerende-Rethwisch,Ostseebad,18211,Landkreis Rostock,Mecklenburg-Vorpommern,54.138999,11.93857,1621
010595996009,Börm,,24863,Schleswig-Flensburg,Schleswig-Holstein,54.4033,9.378249,740
145215405090,Börnichen/Erzgeb.,,09437,Erzgebirgskreis,Sachsen,50.7499,13.14174,950
010535323012,Börnsen,,21039,Herzogtum Lauenburg,Schleswig-Holstein,53.476743,10.285588,4702
073335006009,Börrstadt,,67725,Donnersbergkreis,Rheinland-Pfalz,49.576821,7.944003,887
073365009008,Börsborn,,66904,Kusel,Rheinland-Pfalz,49.440416,7.398232,435
084255008022,Börslingen,,89177,Alb-Donau-Kreis,Baden-Württemberg,48.538957,10.063069,168
031585403038,Börßum,,38312,Wolfenbüttel,Niedersachsen,52.069203,10.582434,2814
081175008011,Börtlingen,,73104,Göppingen,Baden-Württemberg,48.75464,9.631645,1709
010570009009,Bösdorf,,24306,Plön,Schleswig-Holstein,54.14153,10.490762,1246
034530002002,Bösel,,26219,Cloppenburg,Niedersachsen,53.00595,7.954296,8837
145235122060,Bösenbrunn,,08606,Vogtlandkreis,Sachsen,50.39717,12.100476,1054
083255007009,Bösingen,,78662,Rottweil,Baden-Württemberg,48.239368,8.558294,3428
160705009006,Bösleben-Wüllersleben,,99310,Ilm-Kreis,Thüringen,50.826083,11.0589,629
033575406005,Bötersen,,27367,Rotenburg (Wümme),Niedersachsen,53.13671,9.31564,1006
083275004006,Böttingen,,78583,Tuttlingen,Baden-Württemberg,48.100422,8.806575,1438
083155009013,Bötzingen,,79268,Breisgau-Hochschwarzwald,Baden-Württemberg,48.069628,7.720789,5544
010595952105,Böxlund,,24994,Schleswig-Flensburg,Schleswig-Holstein,54.840228,9.180687,123
071355003018,Büchel,,56823,Cochem-Zell,Rheinland-Pfalz,50.172678,7.082821,1240
160685005005,Büchel,,99638,Sömmerda,Thüringen,51.247609,11.154924,226
010535318020,Büchen,,21514,Herzogtum Lauenburg,Schleswig-Holstein,53.480926,10.616482,6733
095760117117,Büchenbach,,91186,Roth,Bayern,49.266782,11.052778,5514
071405004024,Büchenbeuren,,55491,Rhein-Hunsrück-Kreis,Rheinland-Pfalz,49.920772,7.279471,1823
092750119119,Büchlberg,,94124,Passau,Bayern,48.668268,13.517674,4371
032570009009,Bückeburg,Stadt,31675,Schaumburg,Niedersachsen,52.260372,9.050444,19221
032565409003,Bücken,Flecken,27333,Nienburg (Weser),Niedersachsen,52.780054,9.134546,2105
010580034034,Büdelsdorf,Stadt,24782,Rendsburg-Eckernförde,Schleswig-Holstein,54.315687,9.677817,10417
072325006209,Büdesheim,,54610,Eifelkreis Bitburg-Prüm,Rheinland-Pfalz,50.217364,6.556787,571
064400004004,Büdingen,Stadt,63654,Wetteraukreis,Hessen,50.292506,9.114105,22411
072315006203,Büdlich,,54426,Bernkastel-Wittlich,Rheinland-Pfalz,49.7809,6.903219,209
082165002007,Bühl,Stadt,77815,Rastatt,Baden-Württemberg,48.696265,8.136444,28608
082160008008,Bühlertal,,77830,Rastatt,Baden-Württemberg,48.682789,8.191679,7764
081275007012,Bühlertann,,74424,Schwäbisch Hall,Baden-Württemberg,49.041125,9.908566,3075
081275007013,Bühlerzell,,74426,Schwäbisch Hall,Baden-Württemberg,49.003231,9.918872,2090
010605086015,Bühnsdorf,,23845,Segeberg,Schleswig-Holstein,53.886944,10.374463,380
031595401008,Bühren,,37127,Göttingen,Niedersachsen,51.484852,9.677991,519
033525411008,Bülkau,,21782,Cuxhaven,Niedersachsen,53.747225,8.979034,824
130765668023,Bülow,,19089,Ludwigslust-Parchim,Mecklenburg-Vorpommern,53.59059,11.769151,315
033575407010,Bülstedt,,27412,Rotenburg (Wümme),Niedersachsen,53.210127,9.151253,762
150835052115,Bülstringen,,39345,Börde,Sachsen-Anhalt,52.320144,11.347652,879
057580004004,Bünde,Stadt,32257,Herford,Nordrhein-Westfalen,52.197547,8.58371,46365
010585890035,Bünsdorf,,24794,Rendsburg-Eckernförde,Schleswig-Holstein,54.369536,9.742555,517
071325010015,Bürdenbach,,56593,Altenkirchen (Westerwald),Rheinland-Pfalz,50.603625,7.515434,613
057740016016,Büren,Stadt,33142,Paderborn,Nordrhein-Westfalen,51.554935,8.559696,21593
160745051009,Bürgel,Stadt,07616,Saale-Holzland-Kreis,Thüringen,50.942522,11.75921,3099
096789451451,Bürgerwald,,,Schweinfurt,Bayern,49.887165,10.457912,0
096765626116,Bürgstadt,M,63927,Miltenberg,Bayern,49.715559,9.266927,4193
064310005005,Bürstadt,Stadt,68642,Bergstraße,Hessen,49.640458,8.45334,17804
083355002015,Büsingen am Hochrhein,,78266,Konstanz,Baden-Württemberg,47.697114,8.690368,1440
010515178013,Büsum,,25761,Dithmarschen,Schleswig-Holstein,54.130341,8.859577,5105
010515178014,Büsumer Deichhausen,,25761,Dithmarschen,Schleswig-Holstein,54.136175,8.890088,357
130715159023,Bütow,,17209,Mecklenburgische Seenplatte,Mecklenburg-Vorpommern,53.346298,12.483362,446
010615179020,Büttel,,25572,Steinburg,Schleswig-Holstein,53.899717,9.229071,24
064330003003,Büttelborn,,64572,Groß-Gerau,Hessen,49.902139,8.511859,14685
096795648122,Bütthard,M,97244,Würzburg,Bayern,49.599237,9.879553,1301
160615013018,Büttstedt,,37359,Eichsfeld,Thüringen,51.260418,10.306661,856
130725252020,Bützow,Stadt,18246,Landkreis Rostock,Mecklenburg-Vorpommern,53.847738,11.984565,7745
071435005007,Caan,,56237,Westerwaldkreis,Rheinland-Pfalz,50.472762,7.612809,669
160765051012,Caaschwitz,,07586,Greiz,Thüringen,50.947665,11.994737,610
033525411063,Cadenberge,,21781,Cuxhaven,Niedersachsen,53.771739,9.056553,3917
095730114114,Cadolzburg,M,90556,Fürth,Bayern,49.457442,10.853014,11250
120660052052,Calau/Kalawa,Stadt,03205,Oberspreewald-Lausitz,Brandenburg,51.74682,13.949411,7626
150890055055,Calbe (Saale),Stadt,39240,Salzlandkreis,Sachsen-Anhalt,51.902787,11.774788,8030
031515404006,Calberlah,,38547,Gifhorn,Niedersachsen,52.421337,10.623002,5288
066330005005,Calden,,34379,Kassel,Hessen,51.409628,9.400742,6956
071335010020,Callbach,,67829,Bad Kreuznach,Rheinland-Pfalz,49.704325,7.699882,330
145240020020,Callenberg,,09337,Zwickau,Sachsen,50.845071,12.637568,4669
094739452452,Callenberger Forst-West,,,Coburg,Bayern,50.285756,10.840855,0
150835052125,Calvörde,,39359,Börde,Sachsen-Anhalt,52.394996,11.293033,3185
082355006085,Calw,Stadt,75365,Calw,Baden-Württemberg,48.713372,8.741194,25001
130765668024,Cambs,,19067,Ludwigslust-Parchim,Mecklenburg-Vorpommern,53.696104,11.527133,619
130725262021,Cammin,,18195,Landkreis Rostock,Mecklenburg-Vorpommern,53.98997,12.357532,849
034530003003,Cappeln (Oldenburg),,49692,Cloppenburg,Niedersachsen,52.81131,8.113999,7504
130725259022,Carinerland,,18233,Landkreis Rostock,Mecklenburg-Vorpommern,54.012406,11.708623,1300
130745458013,Carlow,,19217,Nordwestmecklenburg,Mecklenburg-Vorpommern,53.758146,10.935979,1212
073325007007,Carlsberg,,67316,Bad Dürkheim,Rheinland-Pfalz,49.505112,8.038629,3533
120735303093,Carmzow-Wallmow,,17291,Uckermark,Brandenburg,53.342885,14.085626,570
130715156025,Carpin,,17237,Mecklenburgische Seenplatte,Mecklenburg-Vorpommern,53.356299,13.24319,793
120735304097,Casekow,,16306,Uckermark,Brandenburg,53.211419,14.208554,1743
096755614116,Castell,,97355,Kitzingen,Bayern,49.743044,10.34926,829
055620004004,Castrop-Rauxel,Stadt,44575,Recklinghausen,Nordrhein-Westfalen,51.548997,7.310311,73282
147300050050,Cavertitz,,04758,Nordsachsen,Sachsen,51.386506,13.127338,2147
033510006006,Celle,Stadt,29221,Celle,Niedersachsen,52.626307,10.08067,66834
093720116116,Cham,St,93413,Cham,Bayern,49.219124,12.667061,17433
093720117117,Chamerau,,93466,Cham,Bayern,49.196262,12.746154,2498
071415003021,Charlottenberg,,56379,Rhein-Lahn-Kreis,Rheinland-Pfalz,50.342965,7.880701,145
145110000000,Chemnitz,Stadt,09111,Chemnitz,Sachsen,50.833593,12.921602,245618
091890114114,Chieming,,83339,Traunstein,Bayern,47.893353,12.536018,4778
091875160123,Chiemsee,,83256,Rosenheim,Bayern,47.874132,12.426795,172
091899451451,Chiemsee (See),,,Traunstein,Bayern,47.877175,12.451653,0
120605011045,Chorin,,16230,Barnim,Brandenburg,52.90212,13.87165,2208
160665014015,Christes,,98547,Schmalkalden-Meiningen,Thüringen,50.66081,10.479588,524
010585847036,Christiansholm,,24799,Rendsburg-Eckernförde,Schleswig-Holstein,54.320498,9.405402,254
010615168021,Christinenthal,,25593,Steinburg,Schleswig-Holstein,54.050319,9.532356,66
073405004003,Clausen,,66978,Südwestpfalz,Rheinland-Pfalz,49.260092,7.677124,1374
145220070070,Claußnitz,,09236,Mittelsachsen,Sachsen,50.936675,12.881918,2905
031530018018,Clausthal-Zellerfeld,Berg- und Universitätsstadt,38678,Goslar,Niedersachsen,51.803755,10.333189,13912
081255003017,Cleebronn,,74389,Heilbronn,Baden-Württemberg,49.044478,9.036794,3118
033545407002,Clenze,Flecken,29459,Lüchow-Dannenberg,Niedersachsen,52.936751,10.954387,2156
160655002012,Clingen,Stadt,99718,Kyffhäuserkreis,Thüringen,51.233955,10.931259,985
034530004004,Cloppenburg,Stadt,49661,Cloppenburg,Niedersachsen,52.848368,8.042518,36565
094630000000,Coburg,,96450,Coburg,Bayern,50.258421,10.964232,41064
071355001020,Cochem,Stadt,56812,Cochem-Zell,Rheinland-Pfalz,50.144672,7.16384,4946
055580012012,Coesfeld,Stadt,48653,Coesfeld,Nordrhein-Westfalen,51.944948,7.166744,38237
150835051130,Colbitz,,39326,Börde,Sachsen-Anhalt,52.316878,11.609147,3331
147290080080,Colditz,Stadt,04680,Leipzig,Sachsen,51.125652,12.80675,8249
096760117117,Collenberg,,97903,Miltenberg,Bayern,49.771638,9.338969,2472
095710130130,Colmberg,M,91598,Ansbach,Bayern,49.354316,10.409638,2134
034585401002,Colnrade,,27243,Oldenburg,Niedersachsen,52.822051,8.475271,785
073405008206,Contwig,,66497,Südwestpfalz,Rheinland-Pfalz,49.248157,7.429027,4348
032520004004,Coppenbrügge,Flecken,31863,Hameln-Pyrmont,Niedersachsen,52.117614,9.550116,6918
066320005005,Cornberg,,36219,Hersfeld-Rotenburg,Hessen,51.042677,9.862856,1272
146270010010,Coswig,Stadt,01640,Meißen,Sachsen,51.126777,13.580494,20479
150910060060,Coswig (Anhalt),Stadt,06869,Wittenberg,Sachsen-Anhalt,51.885582,12.457663,11129
120520000000,Cottbus/Chóśebuz,Stadt,03046,Cottbus,Brandenburg,51.759345,14.335117,95123
081275002014,Crailsheim,Stadt,74564,Schwäbisch Hall,Baden-Württemberg,49.135752,10.071139,35755
071415003022,Cramberg,,65558,Rhein-Lahn-Kreis,Rheinland-Pfalz,50.342013,7.940055,488
031585403005,Cramme,,38312,Wolfenbüttel,Niedersachsen,52.113068,10.44596,796
130745455014,Cramonshagen,,19071,Nordwestmecklenburg,Mecklenburg-Vorpommern,53.698991,11.276128,522
081280020020,Creglingen,Stadt,97993,Main-Tauber-Kreis,Baden-Württemberg,49.470427,10.032709,4453
031580006006,Cremlingen,,38162,Wolfenbüttel,Niedersachsen,52.248443,10.65512,12907
094725416127,Creußen,St,95473,Bayreuth,Bayern,49.8444,11.624642,4914
160765053014,Crimla,,07557,Greiz,Thüringen,50.803337,12.04599,268
145245104030,Crimmitschau,Stadt,08451,Zwickau,Sachsen,50.81245,12.386924,18272
120625205088,Crinitz,,03246,Elbe-Elster,Brandenburg,51.737593,13.758335,1127
145245111040,Crinitzberg,,08147,Zwickau,Sachsen,50.565361,12.528415,1753
130765668025,Crivitz,Stadt,19089,Ludwigslust-Parchim,Mecklenburg-Vorpommern,53.57795,11.64833,4601
073365008013,Cronenberg,,67744,Kusel,Rheinland-Pfalz,49.652553,7.624401,149
160745005012,Crossen an der Elster,,07613,Saale-Holzland-Kreis,Thüringen,50.976379,11.979425,1568
146255501080,Crostwitz / Chrósćicy,,01920,Bautzen,Sachsen,51.238273,14.241766,1032
145210130130,Crottendorf,,09474,Erzgebirgskreis,Sachsen,50.511355,12.936978,3818
120705005060,Cumlosen,,19322,Prignitz,Brandenburg,53.031317,11.657758,718
146250090090,Cunewalde,,02733,Bautzen,Sachsen,51.100694,14.518265,4458
160735012013,Cursdorf,,98744,Saalfeld-Rudolstadt,Thüringen,50.571828,11.127782,590
033520011011,Cuxhaven,Stadt,27472,Cuxhaven,Niedersachsen,53.864463,8.69747,49697
065340006006,Cölbe,,35091,Marburg-Biedenkopf,Hessen,50.849612,8.783993,6491
130715161026,Cölpin,,17094,Mecklenburgische Seenplatte,Mecklenburg-Vorpommern,53.519109,13.436026,865
071325003018,Daaden,Stadt,57567,Altenkirchen (Westerwald),Rheinland-Pfalz,50.739178,7.967583,4280
130765664026,Dabel,,19406,Ludwigslust-Parchim,Mecklenburg-Vorpommern,53.66105,11.903641,1301
120685807072,Dabergotz,,16818,Ostprignitz-Ruppin,Brandenburg,52.902483,12.723063,670
130755554023,Daberkow,,17129,Vorpommern-Greifswald,Mecklenburg-Vorpommern,53.838959,13.301261,326
091740115115,Dachau,GKSt,85221,Dachau,Bayern,48.263327,11.437493,47138
095755522117,Dachsbach,M,91462,Neustadt a.d.Aisch-Bad Windsheim,Bayern,49.63911,10.706058,1815
083375006027,Dachsberg (Südschwarzwald),,79875,Waldshut,Baden-Württemberg,47.729949,8.100949,1380
071415009023,Dachsenhausen,,56340,Rhein-Lahn-Kreis,Rheinland-Pfalz,50.254452,7.726333,980
160675012009,Dachwig,,99100,Gotha,Thüringen,51.07747,10.855827,1614
073325002008,Dackenheim,,67273,Bad Dürkheim,Rheinland-Pfalz,49.521316,8.185566,454
072325001211,Dackscheid,,54649,Eifelkreis Bitburg-Prüm,Rheinland-Pfalz,50.11672,6.391618,106
010545489022,Dagebüll,,25899,Nordfriesland,Schleswig-Holstein,54.730209,8.706381,914
033555403012,Dahlem,,21368,Lüneburg,Niedersachsen,53.203262,10.74816,497
053660012012,Dahlem,,53949,Euskirchen,Nordrhein-Westfalen,50.386329,6.546603,4416
072325008024,Dahlem,,54636,Eifelkreis Bitburg-Prüm,Rheinland-Pfalz,49.914785,6.593576,255
147300060060,Dahlen,Stadt,04774,Nordsachsen,Sachsen,51.366843,12.996492,4144
033555403013,Dahlenburg,Flecken,21368,Lüneburg,Niedersachsen,53.188381,10.736987,3073
071415009024,Dahlheim,,56348,Rhein-Lahn-Kreis,Rheinland-Pfalz,50.210816,7.694005,821
031585407007,Dahlum,,38170,Wolfenbüttel,Niedersachsen,52.140229,10.8491,649
010550010010,Dahme,,23747,Ostholstein,Schleswig-Holstein,54.223661,11.08163,1195
120725204053,Dahme/Mark,Stadt,15936,Teltow-Fläming,Brandenburg,51.869415,13.428214,4957
130725258023,Dahmen,,17166,Landkreis Rostock,Mecklenburg-Vorpommern,53.66043,12.582493,429
120725204055,Dahmetal,,15936,Teltow-Fläming,Brandenburg,51.904238,13.486724,427
010535373021,Dahmker,,22946,Herzogtum Lauenburg,Schleswig-Holstein,53.587821,10.444516,161
073405001004,Dahn,Stadt,66994,Südwestpfalz,Rheinland-Pfalz,49.151331,7.778207,4297
072325001212,Dahnen,,54689,Eifelkreis Bitburg-Prüm,Rheinland-Pfalz,50.071943,6.143534,342
084355004010,Daisendorf,,88718,Bodenseekreis,Baden-Württemberg,47.711716,9.265766,1521
097795724129,Daiting,,86653,Donau-Ries,Bayern,48.791856,10.904183,809
071335006021,Dalberg,,55595,Bad Kreuznach,Rheinland-Pfalz,49.896204,7.732432,227
130745455015,Dalberg-Wendelstorf,,19071,Nordwestmecklenburg,Mecklenburg-Vorpommern,53.725778,11.285589,560
010605063016,Daldorf,,24635,Segeberg,Schleswig-Holstein,54.017015,10.248643,633
072325001213,Daleiden,,54689,Eifelkreis Bitburg-Prüm,Rheinland-Pfalz,50.070394,6.184132,906
073395007010,Dalheim,,55278,Mainz-Bingen,Rheinland-Pfalz,49.826595,8.294943,995
130725258024,Dalkendorf,,17166,Landkreis Rostock,Mecklenburg-Vorpommern,53.813826,12.501499,266
010535343022,Dalldorf,,21483,Herzogtum Lauenburg,Schleswig-Holstein,53.435521,10.610487,348
120630056056,Dallgow-Döberitz,,14624,Havelland,Brandenburg,52.535741,13.082659,10882
071345002018,Dambach,,55765,Birkenfeld,Rheinland-Pfalz,49.627525,7.132593,151
130765657027,Dambeck,,19357,Ludwigslust-Parchim,Mecklenburg-Vorpommern,53.242388,11.769276,274
010585890039,Damendorf,,24361,Rendsburg-Eckernförde,Schleswig-Holstein,54.423496,9.735166,455
072355001014,Damflos,,54413,Trier-Saarburg,Rheinland-Pfalz,49.668659,6.982002,630
010555546011,Damlos,,23738,Ostholstein,Schleswig-Holstein,54.243016,10.907708,613
096715603160,Dammbach,,63874,Aschaffenburg,Bayern,49.861134,9.336741,1938
034600002002,Damme,Stadt,49401,Vechta,Niedersachsen,52.521308,8.196486,17508
010615179023,Dammfleth,,25554,Steinburg,Schleswig-Holstein,53.908818,9.372778,289
033545406003,Damnatz,,29472,Lüchow-Dannenberg,Niedersachsen,53.136244,11.175827,298
010585893040,Damp,,24351,Rendsburg-Eckernförde,Schleswig-Holstein,54.578215,9.984161,1549
071405009025,Damscheid,,55432,Rhein-Hunsrück-Kreis,Rheinland-Pfalz,50.101952,7.682381,663
010605024017,Damsdorf,,23824,Segeberg,Schleswig-Holstein,54.064498,10.314111,244
130745454016,Damshagen,,23948,Nordwestmecklenburg,Mecklenburg-Vorpommern,53.928323,11.153059,1281
071315001015,Dankerath,,53520,Ahrweiler,Rheinland-Pfalz,50.340286,6.825686,70
010575727013,Dannau,,24329,Plön,Schleswig-Holstein,54.240905,10.541132,563
031545404004,Danndorf,,38461,Helmstedt,Niedersachsen,52.424783,10.912017,2535
033545406004,Dannenberg (Elbe),Stadt,29451,Lüchow-Dannenberg,Niedersachsen,53.096496,11.090108,7966
073335004013,Dannenfels,,67814,Donnersbergkreis,Rheinland-Pfalz,49.628338,7.943643,871
010595915019,Dannewerk,,24867,Schleswig-Flensburg,Schleswig-Holstein,54.48745,9.512145,1126
073385001006,Dannstadt-Schauernheim,,67125,Rhein-Pfalz-Kreis,Rheinland-Pfalz,49.425951,8.315975,7487
130755555025,Dargelin,,17498,Vorpommern-Greifswald,Mecklenburg-Vorpommern,54.014802,13.354443,362
130755562026,Dargen,,17419,Vorpommern-Greifswald,Mecklenburg-Vorpommern,53.886857,14.065379,548
130710027027,Dargun,Stadt,17159,Mecklenburgische Seenplatte,Mecklenburg-Vorpommern,53.898212,12.853692,4100
064110000000,Darmstadt,Wissenschaftsstadt,64283,Darmstadt,Hessen,49.872238,8.653838,167029
072335001014,Darscheid,,54552,Vulkaneifel,Rheinland-Pfalz,50.213264,6.890826,927
073405002005,Darstein,,76848,Südwestpfalz,Rheinland-Pfalz,49.156922,7.883724,182
072325001214,Dasburg,,54689,Eifelkreis Bitburg-Prüm,Rheinland-Pfalz,50.04869,6.132714,215
097715704122,Dasing,,86453,Aichach-Friedberg,Bayern,48.384785,11.048293,5838
031550003003,Dassel,Stadt,37586,Northeim,Niedersachsen,51.803,9.687833,9142
010535323023,Dassendorf,,21521,Herzogtum Lauenburg,Schleswig-Holstein,53.488608,10.372665,3420
130745459017,Dassow,Stadt,23942,Nordwestmecklenburg,Mecklenburg-Vorpommern,53.908548,10.977683,3922
055620008008,Datteln,Stadt,45711,Recklinghausen,Nordrhein-Westfalen,51.653082,7.342615,35473
071385004009,Dattenberg,,53547,Neuwied,Rheinland-Pfalz,50.553203,7.292212,1516
071385009010,Datzeroth,,56589,Neuwied,Rheinland-Pfalz,50.506434,7.42879,288
130715152028,Datzetal,,17099,Mecklenburgische Seenplatte,Mecklenburg-Vorpommern,53.679046,13.492971,888
071335010022,Daubach,,55566,Bad Kreuznach,Rheinland-Pfalz,49.846349,7.634404,227
071435004008,Daubach,,56412,Westerwaldkreis,Rheinland-Pfalz,50.392699,7.84655,478
083265004010,Dauchingen,,78083,Schwarzwald-Baar-Kreis,Baden-Württemberg,48.090373,8.552862,3800
072335001501,Daun,Stadt,54550,Vulkaneifel,Rheinland-Pfalz,50.196727,6.830555,7608
071415010025,Dausenau,,56132,Rhein-Lahn-Kreis,Rheinland-Pfalz,50.330964,7.762292,1281
084175006014,Dautmergen,,72356,Zollernalbkreis,Baden-Württemberg,48.242737,8.741018,459
065340007007,Dautphetal,,35232,Marburg-Biedenkopf,Hessen,50.858244,8.542378,11466
072325005025,Dauwelshausen,,54673,Eifelkreis Bitburg-Prüm,Rheinland-Pfalz,50.002605,6.18567,89
071335011023,Daxweiler,,55442,Bad Kreuznach,Rheinland-Pfalz,49.965906,7.752092,743
095769452452,Dechenwald,,,Roth,Bayern,49.305071,10.9066,0
130745458018,Dechow,,19217,Nordwestmecklenburg,Mecklenburg-Vorpommern,53.719821,10.923265,178
081155003010,Deckenpfronn,,75392,Böblingen,Baden-Württemberg,48.65171,8.822512,3274
031515403007,Dedelstorf,,29386,Gifhorn,Niedersachsen,52.701001,10.504885,1216
071315004016,Dedenbach,,53426,Ahrweiler,Rheinland-Pfalz,50.484495,7.174074,479
032555409007,Deensen,,37627,Holzminden,Niedersachsen,51.862702,9.590468,1321
160735012014,Deesbach,,98744,Saalfeld-Rudolstadt,Thüringen,50.56901,11.146938,324
071435005009,Deesen,,56237,Westerwaldkreis,Rheinland-Pfalz,50.50982,7.700114,775
092710119119,Deggendorf,GKSt,94469,Deggendorf,Bayern,48.842204,12.960122,35044
084355003067,Deggenhausertal,,88693,Bodenseekreis,Baden-Württemberg,47.78158,9.390459,4430
081175001014,Deggingen,,73326,Göppingen,Baden-Württemberg,48.59776,9.722279,5066
073325001009,Deidesheim,Stadt,67146,Bad Dürkheim,Rheinland-Pfalz,49.409358,8.186692,3623
083275002009,Deilingen,,78586,Tuttlingen,Baden-Württemberg,48.177135,8.783591,1877
073365008014,Deimberg,,67742,Kusel,Rheinland-Pfalz,49.627476,7.517794,102
093730119119,Deining,,92364,Neumarkt i.d.OPf.,Bayern,49.226662,11.538819,5392
097795722130,Deiningen,,86738,Donau-Ries,Bayern,48.863193,10.570377,1838
033595402011,Deinste,,21717,Stade,Niedersachsen,53.527349,9.442677,2144
033575404011,Deinstedt,,27446,Rotenburg (Wümme),Niedersachsen,53.408604,9.225923,621
097745731124,Deisenhausen,,86489,Günzburg,Bayern,48.256156,10.324676,1418
083255003072,Deißlingen,,78652,Rottweil,Baden-Württemberg,48.114542,8.605369,6208
081165006014,Deizisau,,73779,Esslingen,Baden-Württemberg,48.712039,9.384075,6707
057740020020,Delbrück,Stadt,33129,Paderborn,Nordrhein-Westfalen,51.76505,8.562506,32166
010625218014,Delingsdorf,,22941,Stormarn,Schleswig-Holstein,53.706655,10.252309,2186
147300070070,Delitzsch,Stadt,04509,Nordsachsen,Sachsen,51.52333,12.333551,25895
073405008207,Dellfeld,,66503,Südwestpfalz,Rheinland-Pfalz,49.236746,7.480612,1369
032550008008,Delligsen,Flecken,31073,Holzminden,Niedersachsen,51.942963,9.798914,7283
010515169019,Dellstedt,,25786,Dithmarschen,Schleswig-Holstein,54.237892,9.369143,730
034010000000,Delmenhorst,Stadt,27749,Delmenhorst,Niedersachsen,53.049883,8.630108,81406
010515169020,Delve,,25788,Dithmarschen,Schleswig-Holstein,54.303978,9.252365,779
130765668029,Demen,,19089,Ludwigslust-Parchim,Mecklenburg-Vorpommern,53.629942,11.765585,1217
072335001016,Demerath,,54552,Vulkaneifel,Rheinland-Pfalz,50.173678,6.941585,282
146250100100,Demitz-Thumitz,,01877,Bautzen,Sachsen,51.144952,14.247616,2642
130710029029,Demmin,Hansestadt,17109,Mecklenburgische Seenplatte,Mecklenburg-Vorpommern,53.905543,13.038196,9583
081160015015,Denkendorf,,73770,Esslingen,Baden-Württemberg,48.694154,9.31755,11092
091760120120,Denkendorf,,85095,Eichstätt,Bayern,48.927791,11.454837,5036
083275004010,Denkingen,,78588,Tuttlingen,Baden-Württemberg,48.111044,8.736458,2979
091810113113,Denklingen,,86920,Landsberg am Lech,Bayern,47.913826,10.849611,2881
031585407008,Denkte,,38321,Wolfenbüttel,Niedersachsen,52.145728,10.606858,2672
145245104050,Dennheritz,,08393,Zwickau,Sachsen,50.815499,12.460898,1266
073365010015,Dennweiler-Frohnbach,,66871,Kusel,Rheinland-Pfalz,49.576336,7.383572,281
072335006209,Densborn,,54570,Vulkaneifel,Rheinland-Pfalz,50.126268,6.602165,530
095715507132,Dentlein a.Forst,M,91599,Ansbach,Bayern,49.147916,10.42364,2325
083165001009,Denzlingen,,79211,Emmendingen,Baden-Württemberg,48.066785,7.883854,13720
032555403009,Derental,,37691,Holzminden,Niedersachsen,51.694959,9.429724,578
160635059015,Dermbach,,36466,Wartburgkreis,Thüringen,50.716558,10.119924,6889
071315002017,Dernau,,53507,Ahrweiler,Rheinland-Pfalz,50.534152,7.043739,1495
071385005011,Dernbach,,56307,Neuwied,Rheinland-Pfalz,50.544692,7.598158,1092
073375001017,Dernbach,,76857,Südliche Weinstraße,Rheinland-Pfalz,49.247262,8.005928,428
071435010010,Dernbach (Westerwald),,56428,Westerwaldkreis,Rheinland-Pfalz,50.456503,7.790351,2533
010575739015,Dersau,,24326,Plön,Schleswig-Holstein,54.118055,10.33594,979
071325003019,Derschen,,57520,Altenkirchen (Westerwald),Rheinland-Pfalz,50.712195,7.984461,1012
130755555027,Dersekow,,17498,Vorpommern-Greifswald,Mecklenburg-Vorpommern,54.046054,13.292466,1161
130765652030,Dersenow,,19260,Ludwigslust-Parchim,Mecklenburg-Vorpommern,53.380292,10.888402,447
034545401007,Dersum,,26906,Emsland,Niedersachsen,52.959793,7.276146,1508
071335010024,Desloch,,55592,Bad Kreuznach,Rheinland-Pfalz,49.718832,7.627841,325
150010000000,Dessau-Roßlau,Stadt,06844,Dessau-Roßlau,Sachsen-Anhalt,51.834703,12.245715,75402
071415010026,Dessighofen,,56357,Rhein-Lahn-Kreis,Rheinland-Pfalz,50.257798,7.771976,197
034575403006,Detern,Flecken,26847,Leer,Niedersachsen,53.210299,7.674185,2789
057660020020,Detmold,Stadt,32756,Lippe,Nordrhein-Westfalen,51.935357,8.878641,74278
096750117117,Dettelbach,St,97337,Kitzingen,Bayern,49.801715,10.160342,6866
084160009009,Dettenhausen,,72135,Tübingen,Baden-Württemberg,48.607603,9.100748,5543
082155004111,Dettenheim,,76706,Karlsruhe,Baden-Württemberg,49.161291,8.415615,6782
083375002030,Dettighofen,,79802,Waldshut,Baden-Württemberg,47.623497,8.483506,1131
084150014014,Dettingen an der Erms,,72581,Reutlingen,Baden-Württemberg,48.529679,9.346973,9993
084265004031,Dettingen an der Iller,,88451,Biberach,Baden-Württemberg,48.105281,10.113892,2797
081165001016,Dettingen unter Teck,,73265,Esslingen,Baden-Württemberg,48.617753,9.452957,6138
130735360015,Dettmannsdorf,,18334,Vorpommern-Rügen,Mecklenburg-Vorpommern,54.111895,12.52875,1019
031585406009,Dettum,,38173,Wolfenbüttel,Niedersachsen,52.173042,10.669944,1204
072355006015,Detzem,,54340,Trier-Saarburg,Rheinland-Pfalz,49.822968,6.844914,595
072335001017,Deudesfeld,,54570,Vulkaneifel,Rheinland-Pfalz,50.10252,6.732151,361
093755333127,Deuerling,,93180,Regensburg,Bayern,49.035071,11.907326,1953
072315006018,Deuselbach,,54411,Bernkastel-Wittlich,Rheinland-Pfalz,49.753106,7.050884,275
033555405014,Deutsch Evern,,21407,Lüneburg,Niedersachsen,53.202644,10.438848,3667
145215132140,Deutschneudorf,,09548,Erzgebirgskreis,Sachsen,50.604595,13.463361,843
073395007011,Dexheim,,55278,Mainz-Bingen,Rheinland-Pfalz,49.846169,8.316737,1424
130735360016,Deyelsdorf,,18513,Vorpommern-Rügen,Mecklenburg-Vorpommern,54.044637,12.822027,440
072315006019,Dhronecken,,54426,Bernkastel-Wittlich,Rheinland-Pfalz,49.72636,6.982714,130
071405008027,Dichtelbach,,55494,Rhein-Hunsrück-Kreis,Rheinland-Pfalz,50.009524,7.696081,608
032515405011,Dickel,,49453,Diepholz,Niedersachsen,52.644554,8.472542,490
071325009020,Dickendorf,,57520,Altenkirchen (Westerwald),Rheinland-Pfalz,50.740007,7.851294,362
071405004028,Dickenschied,,55483,Rhein-Hunsrück-Kreis,Rheinland-Pfalz,49.90156,7.418535,709
071345005019,Dickesbach,,55758,Birkenfeld,Rheinland-Pfalz,49.718813,7.423229,412
031515406041,Didderse,,38530,Gifhorn,Niedersachsen,52.381017,10.402871,1276
095715502134,Diebach,,91583,Ansbach,Bayern,49.309419,10.187948,1177
071375009207,Dieblich,,56332,Mayen-Koblenz,Rheinland-Pfalz,50.313841,7.470586,2595
064320004004,Dieburg,Stadt,64807,Darmstadt-Dieburg,Hessen,49.899272,8.840041,15798
097720130130,Diedorf,M,86420,Augsburg,Bayern,48.35371,10.777114,10699
072315009020,Diefenbach,,54538,Bernkastel-Wittlich,Rheinland-Pfalz,50.03204,6.945648,92
032540011011,Diekholzen,,31199,Hildesheim,Niedersachsen,52.09459,9.918044,5982
010515166021,Diekhusen-Fahrstedt,,25709,Dithmarschen,Schleswig-Holstein,53.946249,9.023165,667
082265010010,Dielheim,,69234,Rhein-Neckar-Kreis,Baden-Württemberg,49.282607,8.734802,9094
073335007014,Dielkirchen,,67811,Donnersbergkreis,Rheinland-Pfalz,49.660387,7.818448,435
032555409010,Dielmissen,,37633,Holzminden,Niedersachsen,51.971155,9.607235,741
066350007007,Diemelsee,,34519,Waldeck-Frankenberg,Hessen,51.360161,8.803742,4507
066350008008,Diemelstadt,Stadt,34474,Waldeck-Frankenberg,Hessen,51.473285,9.011005,5186
071415010027,Dienethal,,56379,Rhein-Lahn-Kreis,Rheinland-Pfalz,50.304309,7.778456,225
073395007012,Dienheim,,55276,Mainz-Bingen,Rheinland-Pfalz,49.839373,8.350227,2204
120675707112,Diensdorf-Radlow,,15864,Oder-Spree,Brandenburg,52.241128,14.063444,636
071345002020,Dienstweiler,,55765,Birkenfeld,Rheinland-Pfalz,49.63632,7.184673,339
032565408004,Diepenau,Flecken,31603,Nienburg (Weser),Niedersachsen,52.421591,8.732764,3824
032510012012,Diepholz,Stadt,49356,Diepholz,Niedersachsen,52.606393,8.370605,17648
146270020020,Diera-Zehren,,01665,Meißen,Sachsen,51.221385,13.417104,3174
073375002018,Dierbach,,76889,Südliche Weinstraße,Rheinland-Pfalz,49.080809,8.068135,562
071385003012,Dierdorf,Stadt,56269,Neuwied,Rheinland-Pfalz,50.547979,7.6595,6192
072315008021,Dierfeld,,54533,Bernkastel-Wittlich,Rheinland-Pfalz,50.083963,6.88919,15
130735354017,Dierhagen,Ostseebad,18347,Vorpommern-Rügen,Mecklenburg-Vorpommern,54.292846,12.358544,1495
072315008022,Dierscheid,,54523,Bernkastel-Wittlich,Rheinland-Pfalz,49.898992,6.75785,164
150815051105,Diesdorf,Flecken,29413,Altmarkkreis Salzwedel,Sachsen-Anhalt,52.752205,10.876032,2101
095755521118,Diespeck,,91456,Neustadt a.d.Aisch-Bad Windsheim,Bayern,49.595487,10.627065,3724
091810114114,Dießen am Ammersee,M,86911,Landsberg am Lech,Bayern,47.949176,11.095037,10673
084255003028,Dietenheim,Stadt,89165,Alb-Donau-Kreis,Baden-Württemberg,48.212211,10.069592,6843
095710135135,Dietenhofen,M,90599,Ansbach,Bayern,49.399969,10.690834,5771
160615014023,Dieterode,,37318,Eichsfeld,Thüringen,51.297587,10.100882,76
092770114114,Dietersburg,,84378,Rottal-Inn,Bayern,48.495578,12.932652,2985
095750119119,Dietersheim,,91463,Neustadt a.d.Aisch-Bad Windsheim,Bayern,49.557686,10.540104,2136
093765345122,Dieterskirchen,,92542,Schwandorf,Bayern,49.414098,12.41386,995
093730121121,Dietfurt a.d.Altmühl,St,92345,Neumarkt i.d.OPf.,Bayern,49.034947,11.587369,6405
071415007502,Diethardt,,56355,Rhein-Lahn-Kreis,Rheinland-Pfalz,50.162453,7.873659,225
083255003011,Dietingen,,78661,Rottweil,Baden-Württemberg,48.207017,8.650478,4204
097800119119,Dietmannsried,M,87463,Oberallgäu,Bayern,47.808713,10.288985,8498
091730118118,Dietramszell,,83623,Bad Tölz-Wolfratshausen,Bayern,47.854816,11.588293,5572
073405008208,Dietrichingen,,66484,Südwestpfalz,Rheinland-Pfalz,49.189761,7.414455,351
064380001001,Dietzenbach,Kreisstadt,63128,Offenbach,Hessen,50.008939,8.781779,35561
160615051024,Dietzenrode/Vatterode,,37318,Eichsfeld,Thüringen,51.308272,10.032989,125
065320005005,Dietzhölztal,Hochschulgemeinde,35716,Lahn-Dill-Kreis,Hessen,50.832704,8.315583,5328
071415003029,Diez,Stadt,65582,Rhein-Lahn-Kreis,Rheinland-Pfalz,50.37269,8.009315,11428
071405004029,Dill,,55487,Rhein-Hunsrück-Kreis,Rheinland-Pfalz,49.916179,7.347995,210
065320006006,Dillenburg,Oranienstadt,35683,Lahn-Dill-Kreis,Hessen,50.739424,8.287324,22974
071405004030,Dillendorf,,55481,Rhein-Hunsrück-Kreis,Rheinland-Pfalz,49.92535,7.383443,560
097730125125,Dillingen a.d.Donau,GKSt,89407,Dillingen a.d.Donau,Bayern,48.577159,10.496633,19806
100440111111,Dillingen/ Saar,Stadt,66763,Saarlouis,Saarland,49.351599,6.726833,21529
160665014016,Dillstädt,,98530,Schmalkalden-Meiningen,Thüringen,50.584056,10.53591,711
073405002006,Dimbach,,76848,Südwestpfalz,Rheinland-Pfalz,49.167104,7.897336,182
072325006216,Dingdorf,,54614,Eifelkreis Bitburg-Prüm,Rheinland-Pfalz,50.15063,6.437035,115
160610118118,Dingelstädt,Stadt,37351,Eichsfeld,Thüringen,51.315205,10.314844,12204
010515163022,Dingen,,25715,Dithmarschen,Schleswig-Holstein,53.960888,9.125804,652
092790112112,Dingolfing,St,84130,Dingolfing-Landau,Bayern,48.62752,12.500422,20749
096785642122,Dingolshausen,,97497,Schweinfurt,Bayern,49.906407,10.387831,1326
160695002008,Dingsleben,,98646,Hildburghausen,Thüringen,50.434158,10.596074,230
095710136136,Dinkelsbühl,GKSt,91550,Ansbach,Bayern,49.068879,10.320207,12260
097720131131,Dinkelscherben,M,86424,Augsburg,Bayern,48.347727,10.590678,6797
034600003003,Dinklage,Stadt,49413,Vechta,Niedersachsen,52.661041,8.123768,13622
051700008008,Dinslaken,Stadt,46535,Wesel,Nordrhein-Westfalen,51.562266,6.734967,66993
073315001014,Dintesheim,,55234,Alzey-Worms,Rheinland-Pfalz,49.707617,8.143506,152
066310003003,Dipperz,,36160,Fulda,Hessen,50.543276,9.796971,3643
146280060060,Dippoldiswalde,Stadt,01744,Sächsische Schweiz-Osterzgebirge,Sachsen,50.896593,13.666852,13915
097785766127,Dirlewang,M,87742,Unterallgäu,Bayern,48.002688,10.505072,2251
073325007010,Dirmstein,,67246,Bad Dürkheim,Rheinland-Pfalz,49.56387,8.249704,2982
081350010010,Dischingen,,89561,Heidenheim,Baden-Württemberg,48.696067,10.364184,4374
034590015015,Dissen am Teutoburger Wald,Stadt,49201,Osnabrück,Niedersachsen,52.114735,8.201339,10423
120715101041,Dissen-Striesow/Dešno-Strjažow,,03096,Spree-Neiße,Brandenburg,51.825943,14.293614,934
150855051090,Ditfurt,,06484,Harz,Sachsen-Anhalt,51.829924,11.197705,1380
071375003019,Ditscheid,,56729,Mayen-Koblenz,Rheinland-Pfalz,50.29474,7.065537,259
096780123123,Dittelbrunn,,97456,Schweinfurt,Bayern,50.075732,10.220985,7519
073315007015,Dittelsheim-Heßloch,,67596,Alzey-Worms,Rheinland-Pfalz,49.741199,8.245647,2097
095775533122,Dittenheim,,91723,Weißenburg-Gunzenhausen,Bayern,49.0573,10.788649,1886
160755004014,Dittersdorf,,07907,Saale-Orla-Kreis,Thüringen,50.643488,11.81633,450
073365009016,Dittweiler,,66903,Kusel,Rheinland-Pfalz,49.431184,7.336886,879
081180011011,Ditzingen,Stadt,71254,Ludwigsburg,Baden-Württemberg,48.827632,9.068779,22666
130735352018,Divitz-Spoldershagen,,18314,Vorpommern-Rügen,Mecklenburg-Vorpommern,54.332951,12.695114,523
130765656032,Dobbertin,,19399,Ludwigslust-Parchim,Mecklenburg-Vorpommern,53.622107,12.070443,1045
130725256026,Dobbin-Linstow,,18292,Landkreis Rostock,Mecklenburg-Vorpommern,53.616837,12.333192,510
082355003018,Dobel,,75335,Calw,Baden-Württemberg,48.79707,8.493574,2297
120620092092,Doberlug-Kirchhain,Stadt,03253,Elbe-Elster,Brandenburg,51.635945,13.561167,8438
146250110110,Doberschau-Gaußig / Dobruša-Huska,,02692,Bautzen,Sachsen,51.147745,14.369178,4203
147300080080,Doberschütz,,04838,Nordsachsen,Sachsen,51.499031,12.740395,4057
010575775016,Dobersdorf,,24232,Plön,Schleswig-Holstein,54.31849,10.281513,1122
130765668033,Dobin am See,,19067,Ludwigslust-Parchim,Mecklenburg-Vorpommern,53.729836,11.503926,2026
072325008026,Dockendorf,,54636,Eifelkreis Bitburg-Prüm,Rheinland-Pfalz,49.925744,6.456959,222
072335001018,Dockweiler,,54552,Vulkaneifel,Rheinland-Pfalz,50.252409,6.779696,676
072315008023,Dodenburg,,54518,Bernkastel-Wittlich,Rheinland-Pfalz,49.912897,6.778028,95
083375007032,Dogern,,79804,Waldshut,Baden-Württemberg,47.60884,8.172428,2254
072335006019,Dohm-Lammersdorf,,54576,Vulkaneifel,Rheinland-Pfalz,50.261063,6.662659,212
146285229070,Dohma,,01796,Sächsische Schweiz-Osterzgebirge,Sachsen,50.921987,13.926797,2009
146285209080,Dohna,Stadt,01809,Sächsische Schweiz-Osterzgebirge,Sachsen,50.954489,13.858124,6030
071355001021,Dohr,,56812,Cochem-Zell,Rheinland-Pfalz,50.12766,7.118513,622
033535406006,Dohren,,21255,Harburg,Niedersachsen,53.305306,9.70182,1195
034545403009,Dohren,,49770,Emsland,Niedersachsen,52.64514,7.584082,1159
130725257027,Dolgen am See,,18299,Landkreis Rostock,Mecklenburg-Vorpommern,53.947182,12.214155,619
073395007013,Dolgesheim,,55278,Mainz-Bingen,Rheinland-Pfalz,49.794126,8.255764,917
033595405012,Dollern,,21739,Stade,Niedersachsen,53.539005,9.545545,2251
010595937106,Dollerup,,24989,Schleswig-Flensburg,Schleswig-Holstein,54.778917,9.680327,1090
091760121121,Dollnstein,M,91795,Eichstätt,Bayern,48.872714,11.074724,2878
095715502137,Dombühl,M,91601,Ansbach,Bayern,49.255184,10.282781,2014
071405003202,Dommershausen,,56290,Rhein-Hunsrück-Kreis,Rheinland-Pfalz,50.142691,7.399615,1108
147305303090,Dommitzsch,Stadt,04880,Nordsachsen,Sachsen,51.639733,12.883596,2198
130765662035,Domsühl,,19374,Ludwigslust-Parchim,Mecklenburg-Vorpommern,53.487338,11.771497,1288
083265001012,Donaueschingen,Stadt,78166,Schwarzwald-Baar-Kreis,Baden-Württemberg,47.951414,8.497777,21790
093755335130,Donaustauf,M,93093,Regensburg,Bayern,49.033581,12.204136,4357
097790131131,Donauwörth,GKSt,86609,Donau-Ries,Bayern,48.719139,10.777945,19990
096785642124,Donnersdorf,,97499,Schweinfurt,Bayern,49.969906,10.417671,1955
073405004007,Donsieders,,66978,Südwestpfalz,Rheinland-Pfalz,49.265789,7.64162,904
081175006015,Donzdorf,Stadt,73072,Göppingen,Baden-Württemberg,48.686613,9.811046,10568
130745451019,Dorf Mecklenburg,,23972,Nordwestmecklenburg,Mecklenburg-Vorpommern,53.842941,11.467282,3183
145225129090,Dorfchemnitz,,09619,Mittelsachsen,Sachsen,50.763562,13.451219,1435
091770115115,Dorfen,St,84405,Erding,Bayern,48.271966,12.154454,14759
146285240090,Dorfhain,,01738,Sächsische Schweiz-Osterzgebirge,Sachsen,50.935552,13.562036,1052
096760118118,Dorfprozelten,,97904,Miltenberg,Bayern,49.778692,9.380231,1710
051620004004,Dormagen,Stadt,41539,Rhein-Kreis Neuss,Nordrhein-Westfalen,51.093432,6.841963,63799
084175006015,Dormettingen,,72358,Zollernalbkreis,Baden-Württemberg,48.238093,8.771419,1076
094745426119,Dormitz,,91077,Forchheim,Bayern,49.596611,11.118547,1942
095729453453,Dormitzer Forst,,,Erlangen-Höchstadt,Bayern,49.569601,11.102344,0
073395007201,Dorn-Dürkheim,,67585,Mainz-Bingen,Rheinland-Pfalz,49.768504,8.269173,913
065330004004,Dornburg,,65599,Limburg-Weilburg,Hessen,50.503919,8.024181,8506
160745015011,Dornburg-Camburg,Stadt,07774,Saale-Holzland-Kreis,Thüringen,51.05398,11.71095,5289
083250012012,Dornhan,Stadt,72175,Rottweil,Baden-Württemberg,48.350916,8.510397,6219
160705009008,Dornheim,,99310,Ilm-Kreis,Thüringen,50.835336,10.994645,568
071415010033,Dornholzhausen,,56357,Rhein-Lahn-Kreis,Rheinland-Pfalz,50.270436,7.790383,206
084255004031,Dornstadt,,89160,Alb-Donau-Kreis,Baden-Württemberg,48.466494,9.942617,9241
097799452452,Dornstadt-Linkersbaindt,,,Donau-Ries,Bayern,49.017706,10.569225,0
082375001019,Dornstetten,Stadt,72280,Freudenstadt,Baden-Württemberg,48.470329,8.499599,8194
034520027027,Dornum,,26553,Aurich,Niedersachsen,53.647599,7.428549,4351
071315001018,Dorsel,,53533,Ahrweiler,Rheinland-Pfalz,50.380316,6.791024,173
071335011026,Dorsheim,,55452,Bad Kreuznach,Rheinland-Pfalz,49.926155,7.873309,737
031585403010,Dorstadt,,38312,Wolfenbüttel,Niedersachsen,52.094949,10.561876,708
055620012012,Dorsten,Stadt,46284,Recklinghausen,Nordrhein-Westfalen,51.660837,6.964689,75277
059130000000,Dortmund,Stadt,44135,Dortmund,Nordrhein-Westfalen,51.514171,7.464165,603462
082260012012,Dossenheim,,69221,Rhein-Neckar-Kreis,Baden-Württemberg,49.451501,8.677836,12690
084175006016,Dotternhausen,,72359,Zollernalbkreis,Baden-Württemberg,48.228177,8.792911,1840
120715107052,Drachhausen/Hochoza,,03185,Spree-Neiße,Brandenburg,51.890673,14.323575,742
092760120120,Drachselsried,,94256,Regen,Bayern,49.10632,13.013257,2375
081175007016,Drackenstein,,73345,Göppingen,Baden-Württemberg,48.556609,9.679776,441
010545492023,Drage,,25878,Nordfriesland,Schleswig-Holstein,54.354509,9.160731,673
010615138024,Drage,,25582,Steinburg,Schleswig-Holstein,54.004376,9.51882,230
033535401007,Drage,,21423,Harburg,Niedersachsen,53.409809,10.260961,4309
130745452020,Dragun,,19205,Nordwestmecklenburg,Mecklenburg-Vorpommern,53.70775,11.224446,716
120615114097,Drahnsdorf,,15938,Dahme-Spreewald,Brandenburg,51.91603,13.576087,687
032565402005,Drakenburg,Flecken,31623,Nienburg (Weser),Niedersachsen,52.68737,9.210548,1812
031595401009,Dransfeld,Stadt,37127,Göttingen,Niedersachsen,51.5023,9.76266,4290
130735359019,Dranske,,18556,Vorpommern-Rügen,Mecklenburg-Vorpommern,54.629914,13.230991,1053
145210150150,Drebach,,09430,Erzgebirgskreis,Sachsen,50.674606,13.018927,4844
032515402013,Drebber,,49457,Diepholz,Niedersachsen,52.6497,8.425941,2998
120710057057,Drebkau/Drjowk,Stadt,03116,Spree-Neiße,Brandenburg,51.657264,14.217333,5455
130735360020,Drechow,,18465,Vorpommern-Rügen,Mecklenburg-Vorpommern,54.141165,12.800798,205
072335004210,Drees,,53520,Vulkaneifel,Rheinland-Pfalz,50.340184,6.996447,161
120685805109,Dreetz,,16845,Ostprignitz-Ruppin,Brandenburg,52.802908,12.459731,1117
130725252028,Dreetz,,18249,Landkreis Rostock,Mecklenburg-Vorpommern,53.785755,11.968113,191
010605086018,Dreggers,,23845,Segeberg,Schleswig-Holstein,53.885277,10.345729,61
120715107060,Drehnow/Drjenow,,03185,Spree-Neiße,Brandenburg,51.866479,14.358076,511
160675052089,Drei Gleichen,,99869,Gotha,Thüringen,50.897321,10.849649,7882
064380002002,Dreieich,Stadt,63303,Offenbach,Hessen,50.017689,8.69546,41692
071435002215,Dreifelden,,57629,Westerwaldkreis,Rheinland-Pfalz,50.591401,7.835422,283
147305311100,Dreiheide,,04860,Nordsachsen,Sachsen,51.563299,12.929244,2049
071435008011,Dreikirchen,,56414,Westerwaldkreis,Rheinland-Pfalz,50.446109,7.955072,1016
072315008024,Dreis,,54518,Bernkastel-Wittlich,Rheinland-Pfalz,49.940604,6.815341,1390
072335001020,Dreis-Brück,,54552,Vulkaneifel,Rheinland-Pfalz,50.264954,6.78985,786
071435001216,Dreisbach,,56472,Westerwaldkreis,Rheinland-Pfalz,50.616898,7.932419,580
073335003017,Dreisen,,67816,Donnersbergkreis,Rheinland-Pfalz,49.603055,8.011186,946
096729451451,Dreistelzer Forst,,,Bad Kissingen,Bayern,50.278549,9.7652,0
160755011019,Dreitzsch,,07819,Saale-Orla-Kreis,Thüringen,50.739567,11.797266,401
010545494024,Drelsdorf,,25853,Nordfriesland,Schleswig-Holstein,54.60599,9.041284,1289
055700016016,Drensteinfurt,Stadt,48317,Warendorf,Nordrhein-Westfalen,51.797048,7.741663,16282
032515402014,Drentwede,,49406,Diepholz,Niedersachsen,52.743443,8.573205,995
130735362021,Dreschvitz,,18573,Vorpommern-Rügen,Mecklenburg-Vorpommern,54.40372,13.294442,766
146120000000,Dresden,Stadt,01067,Dresden,Sachsen,51.051697,13.736883,564904
033535403008,Drestedt,,21279,Harburg,Niedersachsen,53.327674,9.773823,846
065320007007,Driedorf,,35759,Lahn-Dill-Kreis,Hessen,50.63466,8.185288,5056
033590013013,Drochtersen,,21706,Stade,Niedersachsen,53.709623,9.385084,11313
160735051107,Drognitz,,07338,Saalfeld-Rudolstadt,Thüringen,50.588022,11.572004,588
059660008008,Drolshagen,Stadt,57489,Olpe,Nordrhein-Westfalen,51.024727,7.775835,11913
150845052115,Droyßig,,06722,Burgenlandkreis,Sachsen-Anhalt,51.041974,12.028336,1820
130755553029,Ducherow,,17398,Vorpommern-Greifswald,Mecklenburg-Vorpommern,53.764624,13.782807,2197
071335006027,Duchroth,,55585,Bad Kreuznach,Rheinland-Pfalz,49.782921,7.738868,537
072325008027,Dudeldorf,,54647,Eifelkreis Bitburg-Prüm,Rheinland-Pfalz,49.973758,6.636239,1250
073385007007,Dudenhofen,,67373,Rhein-Pfalz-Kreis,Rheinland-Pfalz,49.316716,8.38956,6054
031590010010,Duderstadt,Stadt,37115,Göttingen,Niedersachsen,51.511503,10.260897,20375
093755332131,Duggendorf,,93182,Regensburg,Bayern,49.108864,11.933257,1535
032545406041,Duingen,Flecken,31089,Hildesheim,Niedersachsen,52.005816,9.699208,4680
051120000000,Duisburg,Stadt,47051,Duisburg,Nordrhein-Westfalen,51.433259,6.765477,502270
130720029029,Dummerstorf,,18196,Landkreis Rostock,Mecklenburg-Vorpommern,54.017444,12.22688,7562
083255001014,Dunningen,,78655,Rottweil,Baden-Württemberg,48.212884,8.50459,6448
010545488025,Dunsum,,25938,Nordfriesland,Schleswig-Holstein,54.730715,8.414572,78
034625401002,Dunum,,26427,Wittmund,Niedersachsen,53.597359,7.643871,1054
073365009017,Dunzweiler,,66916,Kusel,Rheinland-Pfalz,49.415923,7.305681,870
072335006211,Duppach,,54597,Vulkaneifel,Rheinland-Pfalz,50.260079,6.565354,274
097800120120,Durach,,87471,Oberallgäu,Bayern,47.697468,10.344273,6918
083175010021,Durbach,,77770,Ortenaukreis,Baden-Württemberg,48.494785,8.015098,4123
083275005012,Durchhausen,,78591,Tuttlingen,Baden-Württemberg,48.039692,8.674735,1063
081365008015,Durlangen,,73568,Ostalbkreis,Baden-Württemberg,48.855882,9.793078,2730
082165003009,Durmersheim,,76448,Rastatt,Baden-Württemberg,48.931418,8.268461,11780
084165001011,Dußlingen,,72144,Tübingen,Baden-Württemberg,48.452421,9.054599,6153
010535391025,Duvensee,,23898,Herzogtum Lauenburg,Schleswig-Holstein,53.693029,10.568351,564
010615153022,Dägeling,,25578,Steinburg,Schleswig-Holstein,53.878818,9.531387,1065
150815051095,Dähre,,29413,Altmarkkreis Salzwedel,Sachsen-Anhalt,52.800712,10.908302,1311
010585822037,Dänischenhagen,,24229,Rendsburg-Eckernförde,Schleswig-Holstein,54.426044,10.129567,3610
010585864038,Dätgen,,24589,Rendsburg-Eckernförde,Schleswig-Holstein,54.181105,9.934284,575
145220080080,Döbeln,Stadt,04720,Mittelsachsen,Sachsen,51.121669,13.121007,23819
120715102044,Döbern/Derbno,Stadt,03159,Spree-Neiße,Brandenburg,51.614654,14.597678,3066
160715008013,Döbritschen,,99441,Weimarer Land,Thüringen,50.919196,11.476036,225
160755005016,Döbritz,,07381,Saale-Orla-Kreis,Thüringen,50.693886,11.641161,185
094750120120,Döhlau,,95182,Hof,Bayern,50.28053,11.946325,3767
160675012011,Döllstädt,,99100,Gotha,Thüringen,51.081961,10.816025,1043
130765654034,Dömitz,Stadt,19303,Ludwigslust-Parchim,Mecklenburg-Vorpommern,53.141778,11.248957,2864
057660024024,Dörentrup,,32694,Lippe,Nordrhein-Westfalen,52.033153,9.005779,7528
094730120120,Dörfles-Esbach,,96487,Coburg,Bayern,50.281225,10.996187,3549
071415003030,Dörnberg,,56379,Rhein-Lahn-Kreis,Rheinland-Pfalz,50.325181,7.884152,465
010575739017,Dörnick,,24326,Plön,Schleswig-Holstein,54.163392,10.360375,259
034545401008,Dörpen,,26892,Emsland,Niedersachsen,52.965517,7.32235,5405
010585893042,Dörphof,,24398,Rendsburg-Eckernförde,Schleswig-Holstein,54.606279,9.981577,728
010515169023,Dörpling,,25794,Dithmarschen,Schleswig-Holstein,54.260654,9.301925,641
010595996020,Dörpstedt,,24869,Schleswig-Flensburg,Schleswig-Holstein,54.434054,9.362474,584
071335011025,Dörrebach,,55444,Bad Kreuznach,Rheinland-Pfalz,49.945638,7.719363,724
073375002019,Dörrenbach,,76889,Südliche Weinstraße,Rheinland-Pfalz,49.089921,7.961354,878
073335007016,Dörrmoschel,,67806,Donnersbergkreis,Rheinland-Pfalz,49.619756,7.749328,129
071415009031,Dörscheid,,56348,Rhein-Lahn-Kreis,Rheinland-Pfalz,50.105396,7.759941,362
071415011032,Dörsdorf,,56370,Rhein-Lahn-Kreis,Rheinland-Pfalz,50.247175,8.009729,419
071405009031,Dörth,,56281,Rhein-Hunsrück-Kreis,Rheinland-Pfalz,50.148471,7.588973,554
033610003003,Dörverden,,27313,Verden,Niedersachsen,52.847043,9.227519,8735
081265002020,Dörzbach,,74677,Hohenlohekreis,Baden-Württemberg,49.383492,9.706625,2568
160735012017,Döschnitz,,07429,Saalfeld-Rudolstadt,Thüringen,50.614834,11.229749,214
034580003003,Dötlingen,,27801,Oldenburg,Niedersachsen,52.93637,8.381562,6155
071385005013,Döttesfeld,,56305,Neuwied,Rheinland-Pfalz,50.623425,7.548866,655
010535308024,Düchelsdorf,,23847,Herzogtum Lauenburg,Schleswig-Holstein,53.737072,10.580373,161
033595409014,Düdenbüttel,,21709,Stade,Niedersachsen,53.591355,9.347573,1021
055580016016,Dülmen,Stadt,48249,Coesfeld,Nordrhein-Westfalen,51.830966,7.277621,47989
130765665036,Dümmer,,19073,Ludwigslust-Parchim,Mecklenburg-Vorpommern,53.578516,11.206935,1563
071315001501,Dümpelfeld,,53520,Ahrweiler,Rheinland-Pfalz,50.443082,6.932339,557
071355002022,Dünfus,,56754,Cochem-Zell,Rheinland-Pfalz,50.219514,7.23245,289
071355002023,Düngenheim,,56761,Cochem-Zell,Rheinland-Pfalz,50.258803,7.170312,1302
034585401004,Dünsen,,27243,Oldenburg,Niedersachsen,52.924212,8.637791,1202
083275004011,Dürbheim,,78589,Tuttlingen,Baden-Württemberg,48.058513,8.789761,1735
053580008008,Düren,Stadt,52349,Düren,Nordrhein-Westfalen,50.801678,6.482964,94568
084265007035,Dürmentingen,,88525,Biberach,Baden-Württemberg,48.113546,9.533605,2681
081175009017,Dürnau,,73105,Göppingen,Baden-Württemberg,48.642386,9.641001,2194
084265001036,Dürnau,,88422,Biberach,Baden-Württemberg,48.060403,9.554803,487
092739451451,Dürnbucher Forst,,,Kelheim,Bayern,48.740202,11.743046,0
146265224070,Dürrhennersdorf,,02708,Görlitz,Sachsen,51.051327,14.607337,820
071385005014,Dürrholz,,56307,Neuwied,Rheinland-Pfalz,50.587821,7.58146,1347
097745728127,Dürrlauingen,,89350,Günzburg,Bayern,48.466745,10.433134,1508
146280100100,Dürrröhrsdorf-Dittersbach,,01833,Sächsische Schweiz-Osterzgebirge,Sachsen,51.029346,14.000685,4269
095710139139,Dürrwangen,M,91602,Ansbach,Bayern,49.108758,10.386423,2534
051110000000,Düsseldorf,Stadt,40213,Düsseldorf,Nordrhein-Westfalen,51.22422,6.780068,618685
160655052014,Ebeleben,Stadt,99713,Kyffhäuserkreis,Thüringen,51.286972,10.739435,2667
096745610129,Ebelsbach,,97500,Haßberge,Bayern,49.984027,10.674474,3802
094780120120,Ebensfeld,M,96250,Lichtenfels,Bayern,50.067019,10.958925,5614
084365001024,Ebenweiler,,88370,Ravensburg,Baden-Württemberg,47.900658,9.513264,1359
082265001013,Eberbach,Stadt,69412,Rhein-Neckar-Kreis,Baden-Württemberg,49.461538,8.989557,14727
081185008012,Eberdingen,,71735,Ludwigsburg,Baden-Württemberg,48.880949,8.964232,6800
091905177120,Eberfing,,82390,Weilheim-Schongau,Bayern,47.796415,11.200893,1503
031595404011,Ebergötzen,,37136,Göttingen,Niedersachsen,51.570616,10.101579,1949
084265003038,Eberhardzell,,88436,Biberach,Baden-Württemberg,48.001249,9.824229,4580
093710118118,Ebermannsdorf,,92263,Amberg-Sulzbach,Bayern,49.391868,11.940276,2404
094745420121,Ebermannstadt,St,91320,Forchheim,Bayern,49.779227,11.184751,6688
096745611130,Ebern,St,96106,Haßberge,Bayern,50.093985,10.793894,7193
071435010012,Ebernhahn,,56424,Westerwaldkreis,Rheinland-Pfalz,50.472174,7.769891,1303
146270030030,Ebersbach,,01561,Meißen,Sachsen,51.233487,13.658579,4326
081175002018,Ebersbach an der Fils,Stadt,73061,Göppingen,Baden-Württemberg,48.714242,9.523452,15420
084365001093,Ebersbach-Musbach,,88371,Ravensburg,Baden-Württemberg,47.956209,9.580336,1680
146260085085,Ebersbach-Neugersdorf,Stadt,02730,Görlitz,Sachsen,51.009334,14.582746,10937
091750115115,Ebersberg,St,85560,Ebersberg,Bayern,48.078429,11.968817,12408
091759452452,Ebersberger Forst,,,Ebersberg,Bayern,48.132911,11.964456,0
066310004004,Ebersburg,,36157,Fulda,Hessen,50.453043,9.79223,4663
033575403012,Ebersdorf,,27432,Rotenburg (Wümme),Niedersachsen,53.526451,9.052283,1071
094730121121,Ebersdorf b.Coburg,,96237,Coburg,Bayern,50.218128,11.077094,6119
097745731129,Ebershausen,,86491,Günzburg,Bayern,48.204561,10.313389,619
097749451451,Ebershauser-Nattenhauser Wald,,,Günzburg,Bayern,48.206855,10.343059,0
081255014021,Eberstadt,,74246,Heilbronn,Baden-Württemberg,49.180243,9.320938,3209
160715051015,Eberstedt,,99518,Weimarer Land,Thüringen,51.074755,11.578112,200
120600052052,Eberswalde,Stadt,16225,Barnim,Brandenburg,52.834577,13.820369,41481
071415011034,Ebertshausen,,56370,Rhein-Lahn-Kreis,Rheinland-Pfalz,50.28207,7.982116,131
073325007012,Ebertsheim,,67280,Bad Dürkheim,Rheinland-Pfalz,49.56781,8.10893,1315
082355007020,Ebhausen,,72224,Calw,Baden-Württemberg,48.583976,8.679186,4890
093775349115,Ebnath,,95683,Tirschenreuth,Bayern,49.950372,11.940206,1282
094715407128,Ebrach,M,96157,Bamberg,Bayern,49.847982,10.49737,1843
094719452452,Ebracher Forst,,,Bamberg,Bayern,49.86607,10.487008,0
083155014028,Ebringen,,79285,Breisgau-Hochschwarzwald,Baden-Württemberg,47.957718,7.77867,2859
065340008008,Ebsdorfergrund,,35085,Marburg-Biedenkopf,Hessen,50.727847,8.857172,9207
033605407006,Ebstorf,Klosterflecken,29574,Uelzen,Niedersachsen,53.028888,10.412859,5288
033555407015,Echem,,21379,Lüneburg,Niedersachsen,53.338257,10.530693,1080
091780120120,Eching,,85386,Freising,Bayern,48.297531,11.623733,14627
092740124124,Eching,,84174,Landshut,Bayern,48.503306,12.058558,4254
091815143115,Eching am Ammersee,,82279,Landsberg am Lech,Bayern,48.080538,11.114626,1620
072325005028,Echternacherbrück,,54668,Eifelkreis Bitburg-Prüm,Rheinland-Pfalz,49.813416,6.429906,1089
072325008029,Echtershausen,,54636,Eifelkreis Bitburg-Prüm,Rheinland-Pfalz,50.022487,6.417155,89
064400006006,Echzell,,61209,Wetteraukreis,Hessen,50.39046,8.885661,5474
091729452452,Eck,,,Berchtesgadener Land,Bayern,47.615613,13.06038,0
150845051125,Eckartsberga,Stadt,06648,Burgenlandkreis,Sachsen-Anhalt,51.122573,11.561354,2255
073315005017,Eckelsheim,,55599,Alzey-Worms,Rheinland-Pfalz,49.794712,7.983959,409
071335011028,Eckenroth,,55444,Bad Kreuznach,Rheinland-Pfalz,49.924944,7.781058,235
095720121121,Eckental,M,90542,Erlangen-Höchstadt,Bayern,49.574111,11.201758,14476
010580043043,Eckernförde,Stadt,24340,Rendsburg-Eckernförde,Schleswig-Holstein,54.472791,9.837037,21563
094720131131,Eckersdorf,,95488,Bayreuth,Bayern,49.932625,11.499114,5054
071345001021,Eckersweiler,,55777,Birkenfeld,Rheinland-Pfalz,49.559977,7.289554,176
072315008025,Eckfeld,,54531,Bernkastel-Wittlich,Rheinland-Pfalz,50.109768,6.844901,377
010615179025,Ecklak,,25572,Steinburg,Schleswig-Holstein,53.953148,9.262447,282
160615001026,Ecklingerode,,37339,Eichsfeld,Thüringen,51.503662,10.310221,696
160685012007,Eckstedt,,99195,Sömmerda,Thüringen,51.071374,11.145003,570
010515163024,Eddelak,,25715,Dithmarschen,Schleswig-Holstein,53.945888,9.137433,1355
093710119119,Edelsfeld,,92265,Amberg-Sulzbach,Bayern,49.576842,11.695499,1972
031570001001,Edemissen,,31234,Peine,Niedersachsen,52.38746,10.263529,12281
073375003020,Edenkoben,Stadt,67480,Südliche Weinstraße,Rheinland-Pfalz,49.282672,8.127001,6896
097795722136,Ederheim,,86739,Donau-Ries,Bayern,48.808833,10.469864,1096
066340002002,Edermünde,,34295,Schwalm-Eder-Kreis,Hessen,51.220906,9.385619,7371
150875051125,Edersleben,,06528,Mansfeld-Südharz,Sachsen-Anhalt,51.417553,11.291058,939
066350009009,Edertal,Nationalparkgemeinde,34549,Waldeck-Frankenberg,Hessen,51.155066,9.121405,6181
073375003021,Edesheim,,67483,Südliche Weinstraße,Rheinland-Pfalz,49.263816,8.134188,2486
034510004004,Edewecht,,26188,Ammerland,Niedersachsen,53.128092,7.984159,22632
071355001024,Ediger-Eller,,56814,Cochem-Zell,Rheinland-Pfalz,50.096867,7.156797,898
082260105105,Edingen-Neckarhausen,,68535,Rhein-Neckar-Kreis,Baden-Württemberg,49.448784,8.611007,14612
091870124124,Edling,,83533,Rosenheim,Bayern,48.055944,12.164947,4307
160615013027,Effelder,,37359,Eichsfeld,Thüringen,51.239151,10.246509,1193
094745425122,Effeltrich,,91090,Forchheim,Bayern,49.659718,11.092476,2443
083360014014,Efringen-Kirchen,,79588,Lörrach,Baden-Württemberg,47.649597,7.565548,8683
150895051075,Egeln,Stadt,39435,Salzlandkreis,Sachsen-Anhalt,51.943167,11.431714,3108
064380003003,Egelsbach,,63329,Offenbach,Hessen,49.969305,8.666586,10960
082355001022,Egenhausen,,72227,Calw,Baden-Württemberg,48.564672,8.618855,2099
091790117117,Egenhofen,,82281,Fürstenfeldbruck,Bayern,48.28349,11.164854,3443
083275002013,Egesheim,,78592,Tuttlingen,Baden-Württemberg,48.116065,8.85666,652
033535402009,Egestorf,,21272,Harburg,Niedersachsen,53.194675,10.063283,2748
097785758130,Egg a.d.Günz,,87743,Unterallgäu,Bayern,48.086384,10.283864,1176
010595912107,Eggebek,,24852,Schleswig-Flensburg,Schleswig-Holstein,54.619737,9.372178,2469
092770116116,Eggenfelden,St,84307,Rottal-Inn,Bayern,48.403576,12.76246,14271
082150102102,Eggenstein-Leopoldshafen,,76344,Karlsruhe,Baden-Württemberg,49.08108,8.392996,16798
097775753124,Eggenthal,,87653,Ostallgäu,Bayern,47.914934,10.511897,1416
034595402016,Eggermühlen,,49577,Osnabrück,Niedersachsen,52.568715,7.815537,1820
130755552031,Eggesin,Stadt,17367,Vorpommern-Greifswald,Mecklenburg-Vorpommern,53.68022,14.081578,4812
083375008124,Eggingen,,79805,Waldshut,Baden-Württemberg,47.700751,8.387665,1762
092770117117,Egglham,,84385,Rottal-Inn,Bayern,48.529402,13.055469,2262
091835149115,Egglkofen,,84546,Mühldorf a.Inn,Bayern,48.395498,12.450509,1373
094740123123,Eggolsheim,M,91330,Forchheim,Bayern,49.770379,11.05668,6414
010515163026,Eggstedt,,25721,Dithmarschen,Schleswig-Holstein,54.054535,9.25927,744
091870125125,Eggstätt,,83125,Rosenheim,Bayern,47.926029,12.380291,2846
092750120120,Eging a.See,M,94535,Passau,Bayern,48.713156,13.272909,4168
091905177121,Eglfing,,82436,Weilheim-Schongau,Bayern,47.734087,11.178794,1211
091759453453,Eglhartinger Forst,,,Ebersberg,Bayern,48.099305,11.885947,0
091730120120,Egling,,82544,Bad Tölz-Wolfratshausen,Bayern,47.922943,11.508365,5273
091810116116,Egling a.d.Paar,,86492,Landsberg am Lech,Bayern,48.187602,10.983041,2444
094740124124,Egloffstein,M,91349,Forchheim,Bayern,49.701188,11.258248,2108
091755114116,Egmating,,85658,Ebersberg,Bayern,48.004623,11.797215,2286
091765118122,Egweil,,85116,Eichstätt,Bayern,48.785765,11.231911,1250
091850127127,Ehekirchen,,86676,Neuburg-Schrobenhausen,Bayern,48.637944,11.105443,3674
095715509141,Ehingen,,91725,Ansbach,Bayern,49.087977,10.540645,1940
097725706134,Ehingen,,86678,Augsburg,Bayern,48.59731,10.799608,1163
084255005033,Ehingen (Donau),Stadt,89584,Alb-Donau-Kreis,Baden-Württemberg,48.283666,9.725211,27764
097795721138,Ehingen a.Ries,,86741,Donau-Ries,Bayern,48.965136,10.554899,752
072325008030,Ehlenz,,54636,Eifelkreis Bitburg-Prüm,Rheinland-Pfalz,50.04121,6.47082,438
071385009015,Ehlscheid,,56581,Neuwied,Rheinland-Pfalz,50.515967,7.469096,1567
010585895044,Ehndorf,,24647,Rendsburg-Eckernförde,Schleswig-Holstein,54.05327,9.893993,604
081155002013,Ehningen,,71139,Böblingen,Baden-Württemberg,48.65926,8.940525,9277
071415007035,Ehr,,56357,Rhein-Lahn-Kreis,Rheinland-Pfalz,50.23759,7.784699,87
031515402008,Ehra-Lessien,,38468,Gifhorn,Niedersachsen,52.568791,10.787547,1625
160695002009,Ehrenberg,,98660,Hildburghausen,Thüringen,50.481686,10.658613,185
066310005005,Ehrenberg (Rhön),,36115,Fulda,Hessen,50.500104,10.004724,2519
032515406015,Ehrenburg,,27248,Diepholz,Niedersachsen,52.747949,8.704319,1487
145210160160,Ehrenfriedersdorf,Stadt,09427,Erzgebirgskreis,Sachsen,50.646799,12.969994,4343
083155004131,Ehrenkirchen,,79238,Breisgau-Hochschwarzwald,Baden-Württemberg,47.921491,7.739988,7813
065320008008,Ehringshausen,,35630,Lahn-Dill-Kreis,Hessen,50.596447,8.381612,9399
073365010018,Ehweiler,,66871,Kusel,Rheinland-Pfalz,49.522178,7.362519,176
096795646124,Eibelstadt,St,97246,Würzburg,Bayern,49.724853,10.000876,3091
145210170170,Eibenstock,Stadt,08309,Erzgebirgskreis,Sachsen,50.493785,12.599287,6795
073315002018,Eich,,67575,Alzey-Worms,Rheinland-Pfalz,49.749758,8.403861,3868
071325010022,Eichelhardt,,57612,Altenkirchen (Westerwald),Rheinland-Pfalz,50.717909,7.700015,514
071325010023,Eichen,,57632,Altenkirchen (Westerwald),Rheinland-Pfalz,50.635294,7.53179,536
093719452452,Eichen,,,Amberg-Sulzbach,Bayern,49.462726,11.762863,0
091790118118,Eichenau,,82223,Fürstenfeldbruck,Bayern,48.172075,11.322467,11540
071315001021,Eichenbach,,53533,Ahrweiler,Rheinland-Pfalz,50.430814,6.809867,70
160695002011,Eichenberg,,98553,Hildburghausen,Thüringen,50.544822,10.659081,153
160745011016,Eichenberg,,07768,Saale-Holzland-Kreis,Thüringen,50.793832,11.529802,361
096760119119,Eichenbühl,,63928,Miltenberg,Bayern,49.705561,9.327814,2481
092790113113,Eichendorf,M,94428,Dingolfing-Landau,Bayern,48.63413,12.855997,6651
066310006006,Eichenzell,,36124,Fulda,Hessen,50.493515,9.69744,11852
145235122080,Eichigt,,08626,Vogtlandkreis,Sachsen,50.349408,12.173805,1080
150905051135,Eichstedt (Altmark),,39596,Stendal,Sachsen-Anhalt,52.680118,11.852323,835
084365001027,Eichstegen,,88361,Ravensburg,Baden-Württemberg,47.938739,9.498845,533
083155009030,Eichstetten am Kaiserstuhl,,79356,Breisgau-Hochschwarzwald,Baden-Württemberg,48.094289,7.745233,3780
091760123123,Eichstätt,GKSt,85072,Eichstätt,Bayern,48.891094,11.185203,13891
094719453453,Eichwald,,,Bamberg,Bayern,49.855768,11.035073,0
120610112112,Eichwalde,,15732,Dahme-Spreewald,Brandenburg,52.37158,13.622166,6341
033585401006,Eickeloh,,29693,Heidekreis,Niedersachsen,52.729265,9.60632,789
033515402007,Eicklingen,,29358,Celle,Niedersachsen,52.550535,10.180086,3151
083355006021,Eigeltingen,,78253,Konstanz,Baden-Württemberg,47.8592,8.897744,3821
147300110110,Eilenburg,Stadt,04838,Nordsachsen,Sachsen,51.459845,12.632788,16539
072325001217,Eilscheid,,54649,Eifelkreis Bitburg-Prüm,Rheinland-Pfalz,50.129477,6.387045,46
150835053190,Eilsleben,,39365,Börde,Sachsen-Anhalt,52.148254,11.211168,3546
032545406013,Eime,Flecken,31036,Hildesheim,Niedersachsen,52.077171,9.724253,2548
083365008019,Eimeldingen,,79591,Lörrach,Baden-Württemberg,47.630772,7.595534,2529
032555409012,Eimen,,37632,Holzminden,Niedersachsen,51.875883,9.778045,810
032559502502,Eimen,gemfr. Gebiet,,Holzminden,Niedersachsen,51.905361,9.736439,0
033605405007,Eimke,,29578,Uelzen,Niedersachsen,52.966872,10.313542,845
073395007015,Eimsheim,,55278,Mainz-Bingen,Rheinland-Pfalz,49.79574,8.289365,492
031550013013,Einbeck,Stadt,37574,Northeim,Niedersachsen,51.816626,9.86606,29751
160745007017,Eineborn,,07646,Saale-Holzland-Kreis,Thüringen,50.830753,11.857174,316
010535358026,Einhaus,,23911,Herzogtum Lauenburg,Schleswig-Holstein,53.714136,10.725697,444
064310006006,Einhausen,,64683,Bergstraße,Hessen,49.672282,8.545053,6533
160665014017,Einhausen,,98617,Schmalkalden-Meiningen,Thüringen,50.529737,10.461929,410
071375002023,Einig,,56751,Mayen-Koblenz,Rheinland-Pfalz,50.283358,7.277285,147
073335003018,Einselthum,,67308,Donnersbergkreis,Rheinland-Pfalz,49.652447,8.125637,795
073365008019,Einöllen,,67753,Kusel,Rheinland-Pfalz,49.609109,7.636962,400
091870126126,Eiselfing,,83549,Rosenheim,Bayern,48.040888,12.241445,3295
072325005218,Eisenach,,54298,Eifelkreis Bitburg-Prüm,Rheinland-Pfalz,49.851735,6.509037,395
160630105105,Eisenach,Stadt,99817,Wartburgkreis,Thüringen,50.977287,10.322388,40747
083155017031,Eisenbach (Hochschwarzwald),,79871,Breisgau-Hochschwarzwald,Baden-Württemberg,47.962172,8.270993,2138
097775756125,Eisenberg,,87637,Ostallgäu,Bayern,47.612055,10.604366,1103
160745052018,Eisenberg,Stadt,07607,Saale-Holzland-Kreis,Thüringen,50.967401,11.901252,10955
073335002019,Eisenberg (Pfalz),Stadt,67304,Donnersbergkreis,Rheinland-Pfalz,49.557834,8.07207,9137
010585864045,Eisendorf,,24589,Rendsburg-Eckernförde,Schleswig-Holstein,54.193403,9.869129,275
096795647167,Eisenheim,M,97247,Würzburg,Bayern,49.890048,10.17989,1325
120670120120,Eisenhüttenstadt,Stadt,15890,Oder-Spree,Brandenburg,52.145788,14.631279,24703
072315008026,Eisenschmitt,,54533,Bernkastel-Wittlich,Rheinland-Pfalz,50.043282,6.720893,336
160690012012,Eisfeld,Stadt,98673,Hildburghausen,Thüringen,50.427398,10.907349,7181
071415011036,Eisighofen,,56370,Rhein-Lahn-Kreis,Rheinland-Pfalz,50.239704,8.018083,296
082365002011,Eisingen,,75239,Enzkreis,Baden-Württemberg,48.947631,8.668775,4648
096790126126,Eisingen,,97249,Würzburg,Bayern,49.759302,9.830518,3395
150870130130,Eisleben,Lutherstadt,06295,Mansfeld-Südharz,Sachsen-Anhalt,51.527265,11.545175,22505
081175003019,Eislingen/Fils,Stadt,73054,Göppingen,Baden-Württemberg,48.700842,9.707697,22325
071435004013,Eitelborn,,56337,Westerwaldkreis,Rheinland-Pfalz,50.377278,7.721646,2486
091765116124,Eitensheim,,85117,Eichstätt,Bayern,48.819536,11.320021,2999
066310007007,Eiterfeld,Marktgemeinde,36132,Fulda,Hessen,50.762532,9.798801,6940
053820016016,Eitorf,,53783,Rhein-Sieg-Kreis,Nordrhein-Westfalen,50.769915,7.449515,19172
091775123116,Eitting,,85462,Erding,Bayern,48.358839,11.89039,3057
130735360022,Eixen,,18334,Vorpommern-Rügen,Mecklenburg-Vorpommern,54.161303,12.723712,668
031585402011,Elbe,,38274,Wolfenbüttel,Niedersachsen,52.087474,10.268819,1459
150860035035,Elbe-Parey,,39317,Jerichower Land,Sachsen-Anhalt,52.37872,11.984559,6362
071325009024,Elben,,57580,Altenkirchen (Westerwald),Rheinland-Pfalz,50.749879,7.834109,342
071435008501,Elbingen,,56459,Westerwaldkreis,Rheinland-Pfalz,50.527839,7.909828,349
031595403012,Elbingerode,,37412,Göttingen,Niedersachsen,51.659428,10.275669,431
065330005005,Elbtal,,65627,Limburg-Weilburg,Hessen,50.504848,8.064857,2396
082165003012,Elchesheim-Illingen,,76477,Rastatt,Baden-Württemberg,48.933733,8.208194,3262
097750139139,Elchingen,,89270,Neu-Ulm,Bayern,48.437492,10.051368,9869
071345002022,Elchweiler,,55765,Birkenfeld,Rheinland-Pfalz,49.673456,7.201509,99
130765657037,Eldena,,19294,Ludwigslust-Parchim,Mecklenburg-Vorpommern,53.230631,11.421518,1153
130715159175,Eldetal,,17209,Mecklenburgische Seenplatte,Mecklenburg-Vorpommern,53.290162,12.518873,869
033515403008,Eldingen,,29351,Celle,Niedersachsen,52.686123,10.340327,1970
096725607121,Elfershausen,M,97725,Bad Kissingen,Bayern,50.145341,9.964231,2827
160705002011,Elgersburg,,98716,Ilm-Kreis,Thüringen,50.704539,10.853695,1206
010545492026,Elisabeth-Sophien-Koog,,25845,Nordfriesland,Schleswig-Holstein,54.510068,8.879592,56
071325009025,Elkenroth,,57578,Altenkirchen (Westerwald),Rheinland-Pfalz,50.728441,7.883392,1807
160705009012,Elleben,,99334,Ilm-Kreis,Thüringen,50.862945,11.092014,884
145230090090,Ellefeld,,08236,Vogtlandkreis,Sachsen,50.48394,12.391257,2412
071345002023,Ellenberg,,55765,Birkenfeld,Rheinland-Pfalz,49.659352,7.147493,88
081365003018,Ellenberg,,73488,Ostalbkreis,Baden-Württemberg,49.01335,10.216727,1815
071435007015,Ellenhausen,,56242,Westerwaldkreis,Rheinland-Pfalz,50.515578,7.724221,292
071355001025,Ellenz-Poltersdorf,,56821,Cochem-Zell,Rheinland-Pfalz,50.108953,7.224466,812
010600019019,Ellerau,,25479,Segeberg,Schleswig-Holstein,53.752683,9.917553,6117
010565687013,Ellerbek,,25474,Pinneberg,Schleswig-Holstein,53.657209,9.869621,4356
010585864046,Ellerdorf,,24589,Rendsburg-Eckernförde,Schleswig-Holstein,54.194754,9.838495,505
010565660014,Ellerhoop,,25373,Pinneberg,Schleswig-Holstein,53.727623,9.770845,1526
071405008035,Ellern (Hunsrück),,55497,Rhein-Hunsrück-Kreis,Rheinland-Pfalz,49.986856,7.640758,891
073325006013,Ellerstadt,,67158,Bad Dürkheim,Rheinland-Pfalz,49.461405,8.258852,2459
097725706136,Ellgau,,86679,Augsburg,Bayern,48.59937,10.869101,1179
081255014024,Ellhofen,,74248,Heilbronn,Baden-Württemberg,49.146658,9.321498,3998
010545489027,Ellhöft,,25923,Nordfriesland,Schleswig-Holstein,54.888824,8.957598,99
095775534125,Ellingen,St,91792,Weißenburg-Gunzenhausen,Bayern,49.060787,10.967915,3897
160665014018,Ellingshausen,,98617,Schmalkalden-Meiningen,Thüringen,50.546467,10.471476,216
010595993023,Ellingstedt,,24870,Schleswig-Flensburg,Schleswig-Holstein,54.477733,9.409623,763
160620005005,Ellrich,Stadt,99755,Nordhausen,Thüringen,51.587555,10.665677,5239
072335001021,Ellscheid,,54552,Vulkaneifel,Rheinland-Pfalz,50.150076,6.915032,290
081365003019,Ellwangen (Jagst),Stadt,73479,Ostalbkreis,Baden-Württemberg,48.962988,10.131979,25001
071345002024,Ellweiler,,55765,Birkenfeld,Rheinland-Pfalz,49.615204,7.144398,329
097745730133,Ellzee,,89352,Günzburg,Bayern,48.337528,10.318667,1252
010535373027,Elmenhorst,,21493,Herzogtum Lauenburg,Schleswig-Holstein,53.544876,10.537551,876
010625218016,Elmenhorst,,23869,Stormarn,Schleswig-Holstein,53.765182,10.263561,2808
130735356023,Elmenhorst,,18510,Vorpommern-Rügen,Mecklenburg-Vorpommern,54.217602,13.064277,695
130725263030,Elmenhorst/Lichtenhagen,,18107,Landkreis Rostock,Mecklenburg-Vorpommern,54.155465,12.013959,4186
010560015015,Elmshorn,Stadt,25335,Pinneberg,Schleswig-Holstein,53.754958,9.655259,51342
073325005014,Elmstein,,67471,Bad Dürkheim,Rheinland-Pfalz,49.352193,7.935266,2446
010515175027,Elpersbüttel,,25704,Dithmarschen,Schleswig-Holstein,54.072963,9.047156,874
033575408013,Elsdorf,,27404,Rotenburg (Wümme),Niedersachsen,53.242622,9.35309,2054
053620016016,Elsdorf,Stadt,50189,Rhein-Erft-Kreis,Nordrhein-Westfalen,50.936059,6.567973,21424
010585847047,Elsdorf-Westermühlen,,24800,Rendsburg-Eckernförde,Schleswig-Holstein,54.258716,9.528745,1631
092735219163,Elsendorf,,84094,Kelheim,Bayern,48.70923,11.80904,2127
096760121121,Elsenfeld,M,63820,Miltenberg,Bayern,49.846407,9.161132,9225
034610004004,Elsfleth,Stadt,26931,Wesermarsch,Niedersachsen,53.237137,8.457116,9004
010615153026,Elskop,,25361,Steinburg,Schleswig-Holstein,53.812422,9.493561,150
147305303120,Elsnig,,04880,Nordsachsen,Sachsen,51.61115,12.928442,1352
071435006218,Elsoff (Westerwald),,56479,Westerwaldkreis,Rheinland-Pfalz,50.574362,8.117083,982
150840130130,Elsteraue,,06729,Burgenlandkreis,Sachsen-Anhalt,51.05897,12.181646,7765
145230100100,Elsterberg,Stadt,07985,Vogtlandkreis,Sachsen,50.608182,12.169477,3609
146250120120,Elsterheide / Halštrowska Hola,,02979,Bautzen,Sachsen,51.466289,14.228082,3269
147295308100,Elstertrebnitz,,04523,Leipzig,Sachsen,51.147289,12.2391,1284
120620124124,Elsterwerda,Stadt,04910,Elbe-Elster,Brandenburg,51.460775,13.520152,7663
146250130130,Elstra / Halštrow,Stadt,01920,Bautzen,Sachsen,51.222129,14.133453,2651
145215140180,Elterlein,Stadt,09481,Erzgebirgskreis,Sachsen,50.576954,12.868758,2636
096740133133,Eltmann,St,97483,Haßberge,Bayern,49.971589,10.664635,5311
064390003003,Eltville am Rhein,Stadt,65343,Rheingau-Taunus-Kreis,Hessen,50.024896,8.119535,17031
160685050009,Elxleben,,99189,Sömmerda,Thüringen,51.04457,10.948265,2229
160705009013,Elxleben,,99334,Ilm-Kreis,Thüringen,50.866515,11.05421,645
065330006006,Elz,,65604,Limburg-Weilburg,Hessen,50.413548,8.035806,8083
083165002010,Elzach,Stadt,79215,Emmendingen,Baden-Württemberg,48.172277,8.069355,7515
032540014014,Elze,Stadt,31008,Hildesheim,Niedersachsen,52.121655,9.735897,8880
082255005117,Elztal,,74834,Neckar-Odenwald-Kreis,Baden-Württemberg,49.384876,9.191576,5814
073365010021,Elzweiler,,66887,Kusel,Rheinland-Pfalz,49.579251,7.512731,116
033555405016,Embsen,,21409,Lüneburg,Niedersachsen,53.175557,10.344803,2787
010585853048,Embühren,,24819,Rendsburg-Eckernförde,Schleswig-Holstein,54.170602,9.591436,189
034020000000,Emden,Stadt,26721,Emden,Niedersachsen,53.370558,7.205946,49202
084255010035,Emeringen,,88499,Alb-Donau-Kreis,Baden-Württemberg,48.234296,9.517274,176
084255010036,Emerkingen,,89607,Alb-Donau-Kreis,Baden-Württemberg,48.214609,9.656266,816
097725707137,Emersacker,,86494,Augsburg,Bayern,48.489038,10.673265,1504
010585864049,Emkendorf,,24802,Rendsburg-Eckernförde,Schleswig-Holstein,54.26233,9.853171,1331
160675054013,Emleben,,99869,Gotha,Thüringen,50.892858,10.694229,673
034565401002,Emlichheim,,49824,Grafschaft Bentheim,Niedersachsen,52.606837,6.853449,7691
072325005031,Emmelbaum,,54673,Eifelkreis Bitburg-Prüm,Rheinland-Pfalz,50.05697,6.262377,81
010545489166,Emmelsbüll-Horsbüll,,25924,Nordfriesland,Schleswig-Holstein,54.811403,8.692601,887
071405009036,Emmelshausen,Stadt,56281,Rhein-Hunsrück-Kreis,Rheinland-Pfalz,50.15564,7.55188,4980
083165003011,Emmendingen,Stadt,79312,Emmendingen,Baden-Württemberg,48.122053,7.847625,29502
033605407008,Emmendorf,,29579,Uelzen,Niedersachsen,53.023893,10.567913,722
051540008008,Emmerich am Rhein,Stadt,46446,Kleve,Nordrhein-Westfalen,51.831485,6.242771,31829
091755112136,Emmering,,83550,Ebersberg,Bayern,47.997962,12.056182,1446
091790119119,Emmering,,82275,Fürstenfeldbruck,Bayern,48.180662,11.280566,6899
032520005005,Emmerthal,,31860,Hameln-Pyrmont,Niedersachsen,52.049405,9.376592,9834
091715101114,Emmerting,,84547,Altötting,Bayern,48.199992,12.766255,4274
071325003026,Emmerzhausen,,57520,Altenkirchen (Westerwald),Rheinland-Pfalz,50.720813,8.025081,674
083275006057,Emmingen-Liptingen,,78576,Tuttlingen,Baden-Württemberg,47.932278,8.85409,4856
160635059023,Empfertshausen,,36452,Wartburgkreis,Thüringen,50.664091,10.098294,507
082375003024,Empfingen,,72186,Freudenstadt,Baden-Württemberg,48.392671,8.709744,4269
034540010010,Emsbüren,,48488,Emsland,Niedersachsen,52.392739,7.292613,10559
055660008008,Emsdetten,Stadt,48282,Steinfurt,Nordrhein-Westfalen,52.172195,7.527511,36159
095750121121,Emskirchen,M,91448,Neustadt a.d.Aisch-Bad Windsheim,Bayern,49.551754,10.717297,5854
034530005005,Emstek,,49685,Cloppenburg,Niedersachsen,52.834011,8.155308,12487
033615401004,Emtinghausen,,27321,Verden,Niedersachsen,52.931761,8.966038,1524
094725415133,Emtmannsberg,,95517,Bayreuth,Bayern,49.892082,11.646078,998
083165005012,Endingen am Kaiserstuhl,Stadt,79346,Emmendingen,Baden-Württemberg,48.142314,7.701325,10381
071415007037,Endlichhofen,,56355,Rhein-Lahn-Kreis,Rheinland-Pfalz,50.201998,7.818267,147
160765004017,Endschütz,,07570,Greiz,Thüringen,50.786694,12.135433,323
034565403003,Engden,,48465,Grafschaft Bentheim,Niedersachsen,52.391482,7.175182,420
010545489167,Enge-Sande,,25917,Nordfriesland,Schleswig-Holstein,54.726675,8.98049,1188
010615134027,Engelbrechtsche Wildnis,,25348,Steinburg,Schleswig-Holstein,53.785831,9.44734,822
091890115115,Engelsberg,,84549,Traunstein,Bayern,48.1164,12.54315,2485
082365005013,Engelsbrand,,75331,Enzkreis,Baden-Württemberg,48.831746,8.643673,4470
033595409015,Engelschoff,,21710,Stade,Niedersachsen,53.661807,9.323504,754
053740008008,Engelskirchen,,51766,Oberbergischer Kreis,Nordrhein-Westfalen,50.988292,7.408515,19737
073395003016,Engelstadt,,55270,Mainz-Bingen,Rheinland-Pfalz,49.903044,8.065522,745
095745529120,Engelthal,,91238,Nürnberger Land,Bayern,49.471886,11.398281,1053
095749453453,Engelthaler Forst,,,Nürnberger Land,Bayern,49.461019,11.379707,0
083355001022,Engen,Stadt,78234,Konstanz,Baden-Württemberg,47.854017,8.772115,11311
057580008008,Enger,Widukindstadt,32130,Herford,Nordrhein-Westfalen,52.139237,8.559282,20688
084155001089,Engstingen,,72829,Reutlingen,Baden-Württemberg,48.387146,9.285676,5041
084150019019,Eningen unter Achalm,,72800,Reutlingen,Baden-Württemberg,48.486636,9.259408,11506
073355002004,Enkenbach-Alsenborn,,67677,Kaiserslautern,Rheinland-Pfalz,49.490516,7.90659,7236
072315009029,Enkirch,,56850,Bernkastel-Wittlich,Rheinland-Pfalz,49.983334,7.126942,1389
059540008008,Ennepetal,Stadt der Kluterthöhle,58256,Ennepe-Ruhr-Kreis,Nordrhein-Westfalen,51.297193,7.367678,29446
055700020020,Ennigerloh,Stadt,59320,Warendorf,Nordrhein-Westfalen,51.835127,8.024092,19841
072355006019,Ensch,,54340,Trier-Saarburg,Rheinland-Pfalz,49.82541,6.831554,459
093710120120,Ensdorf,,92266,Amberg-Sulzbach,Bayern,49.341188,11.935259,2160
100440123123,Ensdorf,,66806,Saarlouis,Saarland,49.304964,6.778554,6928
059740012012,Ense,,59469,Soest,Nordrhein-Westfalen,51.503923,7.959552,12383
073315006019,Ensheim,,55232,Alzey-Worms,Rheinland-Pfalz,49.806914,8.116022,490
071435009219,Enspel,,57647,Westerwaldkreis,Rheinland-Pfalz,50.617023,7.88465,285
072325008032,Enzen,,54646,Eifelkreis Bitburg-Prüm,Rheinland-Pfalz,49.921428,6.369666,30
082355008025,Enzklösterle,,75337,Calw,Baden-Württemberg,48.668044,8.474621,1240
010515175028,Epenwöhrden,,25704,Dithmarschen,Schleswig-Holstein,54.112805,9.052894,754
082265009017,Epfenbach,,74925,Rhein-Neckar-Kreis,Baden-Württemberg,49.336931,8.910056,2448
083255002015,Epfendorf,,78736,Rottweil,Baden-Württemberg,48.248458,8.596458,3106
100430111111,Eppelborn,,66571,Neunkirchen,Saarland,49.406885,6.967465,16661
082260018018,Eppelheim,Stadt,69214,Rhein-Neckar-Kreis,Baden-Württemberg,49.401236,8.631011,15663
073315001020,Eppelsheim,,55234,Alzey-Worms,Rheinland-Pfalz,49.705144,8.166162,1147
071355002026,Eppenberg,,56759,Cochem-Zell,Rheinland-Pfalz,50.248217,7.073634,232
073405003008,Eppenbrunn,,66957,Südwestpfalz,Rheinland-Pfalz,49.116242,7.559521,1252
145220110110,Eppendorf,,09575,Mittelsachsen,Sachsen,50.799807,13.229082,3787
071415003038,Eppenrod,,65558,Rhein-Lahn-Kreis,Rheinland-Pfalz,50.405428,7.930933,730
092725211116,Eppenschlag,,94536,Freyung-Grafenau,Bayern,48.889443,13.29973,935
064320005005,Eppertshausen,,64859,Darmstadt-Dieburg,Hessen,49.944519,8.848665,6429
081255004026,Eppingen,Stadt,75031,Heilbronn,Baden-Württemberg,49.137701,8.909012,22666
097785760134,Eppishausen,,87745,Unterallgäu,Bayern,48.167869,10.518989,1941
064360002002,Eppstein,Stadt,65817,Main-Taunus-Kreis,Hessen,50.140666,8.396967,13070
064370006006,Erbach,Kreisstadt,64711,Odenwaldkreis,Hessen,49.657653,8.99268,13935
071405008037,Erbach,,55494,Rhein-Hunsrück-Kreis,Rheinland-Pfalz,50.026216,7.681815,310
084250039039,Erbach,Stadt,89155,Alb-Donau-Kreis,Baden-Württemberg,48.326196,9.892784,14140
093770116116,Erbendorf,St,92677,Tirschenreuth,Bayern,49.838063,12.048098,5095
160665005019,Erbenhausen,,98634,Schmalkalden-Meiningen,Thüringen,50.575898,10.145807,541
073315001021,Erbes-Büdesheim,,55234,Alzey-Worms,Rheinland-Pfalz,49.756689,8.032363,1472
072315001030,Erden,,54492,Bernkastel-Wittlich,Rheinland-Pfalz,49.977555,7.023064,435
073365010022,Erdesbach,,66887,Kusel,Rheinland-Pfalz,49.573682,7.442763,593
091770117117,Erding,GKSt,85435,Erding,Bayern,48.306323,11.907169,37171
081185005014,Erdmannhausen,,71729,Ludwigsburg,Baden-Württemberg,48.941641,9.296924,5261
091740118118,Erdweg,,85253,Dachau,Bayern,48.332399,11.303171,6206
091815144118,Eresing,,86922,Landsberg am Lech,Bayern,48.085367,11.022605,2066
010595996024,Erfde,,24803,Schleswig-Flensburg,Schleswig-Holstein,54.308546,9.317127,2243
053620020020,Erftstadt,Stadt,50374,Rhein-Erft-Kreis,Nordrhein-Westfalen,50.812197,6.811853,48772
160510000000,Erfurt,Stadt,99084,Erfurt,Thüringen,50.977122,11.027236,218793
073405001009,Erfweiler,,66996,Südwestpfalz,Rheinland-Pfalz,49.156482,7.81096,1103
095755519122,Ergersheim,,91465,Neustadt a.d.Aisch-Bad Windsheim,Bayern,49.510702,10.327624,1054
071415011039,Ergeshausen,,56368,Rhein-Lahn-Kreis,Rheinland-Pfalz,50.271826,7.941085,134
092740126126,Ergolding,M,84030,Landshut,Bayern,48.57753,12.172173,13323
092745220127,Ergoldsbach,M,84061,Landshut,Bayern,48.691787,12.204588,8491
091835152116,Erharting,,84513,Mühldorf a.Inn,Bayern,48.281024,12.574744,1005
092775244118,Ering,,94140,Rottal-Inn,Bayern,48.300049,13.147265,1839
084355001013,Eriskirch,,88097,Bodenseekreis,Baden-Württemberg,47.629977,9.530728,4834
053700004004,Erkelenz,Stadt,41812,Heinsberg,Nordrhein-Westfalen,51.078671,6.314104,45315
081165002018,Erkenbrechtsweiler,,73268,Esslingen,Baden-Württemberg,48.557932,9.432874,1992
031585406012,Erkerode,,38173,Wolfenbüttel,Niedersachsen,52.203267,10.707679,827
097785762136,Erkheim,M,87746,Unterallgäu,Bayern,48.03756,10.335028,3121
120670124124,Erkner,Stadt,15537,Oder-Spree,Brandenburg,52.4197,13.754248,11641
051580004004,"Erkrath, Fundort des Neanderthalers",Stadt,40699,Mettmann,Nordrhein-Westfalen,51.218566,6.913114,43706
096795652128,Erlabrunn,,97250,Würzburg,Bayern,49.860126,9.842166,1831
095620000000,Erlangen,,91051,Erlangen,Bayern,49.59508,11.003274,115928
145220120120,Erlau,,09306,Mittelsachsen,Sachsen,51.006513,12.931193,3093
091715104115,Erlbach,,84567,Altötting,Bayern,48.30704,12.786431,1191
081255008027,Erlenbach,,74235,Heilbronn,Baden-Württemberg,49.170228,9.268814,5155
096760122122,Erlenbach a.Main,St,63906,Miltenberg,Bayern,49.802337,9.160594,9717
096775621125,Erlenbach b.Marktheidenfeld,,97837,Main-Spessart,Bayern,49.819185,9.626853,2396
073405001010,Erlenbach bei Dahn,,76891,Südwestpfalz,Rheinland-Pfalz,49.112493,7.86055,346
073345004004,Erlenbach bei Kandel,,76872,Germersheim,Rheinland-Pfalz,49.110993,8.186629,733
084265006043,Erlenmoos,,88416,Biberach,Baden-Württemberg,48.063201,9.974997,1790
064350007007,Erlensee,Stadt,63526,Main-Kinzig-Kreis,Hessen,50.171489,8.97813,15907
095729454454,Erlenstegener Forst,,,Erlangen-Höchstadt,Bayern,49.495527,11.157501,0
081185003015,Erligheim,,74391,Ludwigsburg,Baden-Württemberg,49.020305,9.098502,3071
096745612223,Ermershausen,,96126,Haßberge,Bayern,50.208875,10.625056,528
059700012012,Erndtebrück,,57339,Siegen-Wittgenstein,Nordrhein-Westfalen,50.988732,8.256223,6792
091865156116,Ernsgaden,,85119,Pfaffenhofen a.d.Ilm,Bayern,48.732291,11.575909,1811
071355001027,Ernst,,56814,Cochem-Zell,Rheinland-Pfalz,50.144666,7.225633,561
072325005033,Ernzen,,54668,Eifelkreis Bitburg-Prüm,Rheinland-Pfalz,49.841434,6.426237,410
084265004044,Erolzheim,,88453,Biberach,Baden-Württemberg,48.091068,10.072583,3360
071385007019,Erpel,,53579,Neuwied,Rheinland-Pfalz,50.584589,7.239148,2554
073325002015,Erpolzheim,,67167,Bad Dürkheim,Rheinland-Pfalz,49.489142,8.225515,1322
071325010027,Ersfeld,,57635,Altenkirchen (Westerwald),Rheinland-Pfalz,50.696248,7.515324,77
084265007045,Ertingen,,88521,Biberach,Baden-Württemberg,48.096788,9.460739,5381
059740016016,Erwitte,Stadt,59597,Soest,Nordrhein-Westfalen,51.611473,8.336195,16300
150835052205,Erxleben,,39343,Börde,Sachsen-Anhalt,52.219333,11.24209,2664
073355009005,Erzenhausen,,67685,Kaiserslautern,Rheinland-Pfalz,49.499657,7.617397,749
064320006006,Erzhausen,,64390,Darmstadt-Dieburg,Hessen,49.952719,8.634735,7794
072315008031,Esch,,54518,Bernkastel-Wittlich,Rheinland-Pfalz,49.896357,6.848887,422
072335006022,Esch,,54585,Vulkaneifel,Rheinland-Pfalz,50.364947,6.61127,402
081365005020,Eschach,,73569,Ostalbkreis,Baden-Württemberg,48.887766,9.869562,1920
096760123123,Eschau,M,63863,Miltenberg,Bayern,49.820249,9.256995,3915
071415007040,Eschbach,,56357,Rhein-Lahn-Kreis,Rheinland-Pfalz,50.21462,7.726244,171
073375005022,Eschbach,,76831,Südliche Weinstraße,Rheinland-Pfalz,49.175016,8.019262,649
083155006033,Eschbach,,79427,Breisgau-Hochschwarzwald,Baden-Württemberg,47.891226,7.652386,2464
064360003003,Eschborn,Stadt,65760,Main-Taunus-Kreis,Hessen,50.143505,8.569823,22403
083255001071,Eschbronn,,78664,Rottweil,Baden-Württemberg,48.185315,8.457819,2085
034565402004,Esche,,49828,Grafschaft Bentheim,Niedersachsen,52.541454,6.959226,610
010535323028,Escheburg,,21039,Herzogtum Lauenburg,Schleswig-Holstein,53.46713,10.309429,4075
033510025025,Eschede,,29348,Celle,Niedersachsen,52.733783,10.235106,5443
082265002020,Eschelbronn,,74927,Rhein-Neckar-Kreis,Baden-Württemberg,49.32007,8.868014,2733
081175011020,Eschenbach,,73107,Göppingen,Baden-Württemberg,48.657638,9.671831,2110
093745327117,Eschenbach i.d.OPf.,St,92676,Neustadt a.d.Waldnaab,Bayern,49.753093,11.834496,4308
160675007016,Eschenbergen,,99869,Gotha,Thüringen,51.02693,10.758794,705
065320009009,Eschenburg,,35713,Lahn-Dill-Kreis,Hessen,50.813851,8.337467,9795
091805136114,Eschenlohe,,82438,Garmisch-Partenkirchen,Bayern,47.59802,11.185861,1556
032555409013,Eschershausen,Stadt,37632,Holzminden,Niedersachsen,51.929678,9.633947,3378
032559503503,Eschershausen,gemfr. Gebiet,,Holzminden,Niedersachsen,51.948482,9.684889,0
072325001220,Eschfeld,,54619,Eifelkreis Bitburg-Prüm,Rheinland-Pfalz,50.111938,6.199522,193
093720124124,Eschlkam,M,93458,Cham,Bayern,49.299376,12.915401,3314
066360003003,Eschwege,Kreisstadt,37269,Werra-Meißner-Kreis,Hessen,51.185804,10.057981,18743
053340012012,Eschweiler,Stadt,52249,Städteregion Aachen,Nordrhein-Westfalen,50.817431,6.266781,57534
034625401003,Esens,Stadt,26427,Wittmund,Niedersachsen,53.642701,7.612336,6998
010595990109,Esgrus,,24402,Schleswig-Flensburg,Schleswig-Holstein,54.723422,9.782169,789
093740118118,Eslarn,M,92693,Neustadt a.d.Waldnaab,Bayern,49.582547,12.520525,2702
059580016016,Eslohe (Sauerland),,59889,Hochsauerlandkreis,Nordrhein-Westfalen,51.254307,8.170291,8717
057700008008,Espelkamp,Stadt,32339,Minden-Lübbecke,Nordrhein-Westfalen,52.377427,8.632644,25576
066330007007,Espenau,,34314,Kassel,Hessen,51.399939,9.472579,5069
160755013023,Eßbach,,07924,Saale-Orla-Kreis,Thüringen,50.589655,11.683939,228
033585403007,Essel,,29690,Heidekreis,Niedersachsen,52.6919,9.64201,1213
096775621126,Esselbach,,97839,Main-Spessart,Bayern,49.852286,9.52914,2078
073315001022,Esselborn,,55234,Alzey-Worms,Rheinland-Pfalz,49.714648,8.118915,391
051130000000,Essen,Stadt,45121,Essen,Nordrhein-Westfalen,51.455843,7.012583,574682
034530006006,Essen (Oldenburg),,49632,Cloppenburg,Niedersachsen,52.719834,7.939404,9356
092740128128,Essenbach,M,84051,Landshut,Bayern,48.613378,12.218993,11998
073395006017,Essenheim,,55270,Mainz-Bingen,Rheinland-Pfalz,49.931289,8.156349,3424
092735215121,Essing,M,93343,Kelheim,Bayern,48.933274,11.79268,1124
073375007023,Essingen,,76879,Südliche Weinstraße,Rheinland-Pfalz,49.235839,8.174389,2270
081365001021,Essingen,,73457,Ostalbkreis,Baden-Württemberg,48.808719,10.027392,6444
072325008034,Eßlingen,,54636,Eifelkreis Bitburg-Prüm,Rheinland-Pfalz,49.914744,6.527107,120
081160019019,Esslingen am Neckar,Stadt,73728,Esslingen,Baden-Württemberg,48.741347,9.309565,96182
073365008023,Eßweiler,,67754,Kusel,Rheinland-Pfalz,49.558454,7.565245,380
096795647130,Estenfeld,,97230,Würzburg,Bayern,49.830509,10.004205,5323
097799453453,Esterholz,,,Donau-Ries,Bayern,48.63422,11.024378,0
034545406011,Esterwegen,,26897,Emsland,Niedersachsen,52.993068,7.633031,5357
073325005016,Esthal,,67472,Bad Dürkheim,Rheinland-Pfalz,49.377306,7.985522,1348
032565410006,Estorf,,31629,Nienburg (Weser),Niedersachsen,52.588451,9.141689,1722
033595409016,Estorf,,21727,Stade,Niedersachsen,53.576153,9.203619,1435
072315006032,Etgert,,54424,Bernkastel-Wittlich,Rheinland-Pfalz,49.779148,7.021832,66
073365010024,Etschberg,,66871,Kusel,Rheinland-Pfalz,49.512923,7.424781,658
091805135115,Ettal,,82488,Garmisch-Partenkirchen,Bayern,47.568975,11.092707,681
091809451451,Ettaler Forst,,,Garmisch-Partenkirchen,Bayern,47.545645,10.9563,0
072325008035,Etteldorf,,54655,Eifelkreis Bitburg-Prüm,Rheinland-Pfalz,50.030841,6.573687,22
083175002026,Ettenheim,Stadt,77955,Ortenaukreis,Baden-Württemberg,48.254555,7.812984,13722
095775534127,Ettenstatt,,91796,Weißenburg-Gunzenhausen,Bayern,49.077933,11.055524,877
160715053017,Ettersburg,,99439,Weimarer Land,Thüringen,51.033026,11.278166,733
071435008220,Ettinghausen,,56244,Westerwaldkreis,Rheinland-Pfalz,50.516357,7.87269,339
082150017017,Ettlingen,Stadt,76275,Karlsruhe,Baden-Württemberg,48.942,8.405904,38578
071375003025,Ettringen,,56729,Mayen-Koblenz,Rheinland-Pfalz,50.35597,7.221107,2874
097780137137,Ettringen,,86833,Unterallgäu,Bayern,48.104011,10.652382,3483
071325006028,Etzbach,,57539,Altenkirchen (Westerwald),Rheinland-Pfalz,50.77852,7.686988,1328
093715303140,Etzelwang,,92268,Amberg-Sulzbach,Bayern,49.526591,11.586047,1387
093745325119,Etzenricht,,92694,Neustadt a.d.Waldnaab,Bayern,49.631908,12.095984,1544
160655056016,Etzleben,,06577,Kyffhäuserkreis,Thüringen,51.262443,11.175971,262
096780128128,Euerbach,,97502,Schweinfurt,Bayern,50.062696,10.129685,2899
096725608122,Euerdorf,M,97717,Bad Kissingen,Bayern,50.147727,10.019246,1484
071325010029,Eulenberg,,57632,Altenkirchen (Westerwald),Rheinland-Pfalz,50.605467,7.4751,52
073355009006,Eulenbis,,67685,Kaiserslautern,Rheinland-Pfalz,49.506579,7.637496,480
071355002028,Eulgem,,56761,Cochem-Zell,Rheinland-Pfalz,50.240251,7.175962,183
091730123123,Eurasburg,,82547,Bad Tölz-Wolfratshausen,Bayern,47.855933,11.403471,4343
097715704129,Eurasburg,,86495,Aichach-Friedberg,Bayern,48.335239,11.085901,1838
072325001221,Euscheid,,54597,Eifelkreis Bitburg-Prüm,Rheinland-Pfalz,50.132577,6.303274,142
053660016016,Euskirchen,Stadt,53879,Euskirchen,Nordrhein-Westfalen,50.660933,6.786098,60021
096770127127,Eußenheim,,97776,Main-Spessart,Bayern,49.989568,9.808713,3014
073375001024,Eußerthal,,76857,Südliche Weinstraße,Rheinland-Pfalz,49.24392,7.970015,919
010550012012,Eutin,Stadt,23701,Ostholstein,Schleswig-Holstein,54.138933,10.614962,17275
082375003027,Eutingen im Gäu,,72184,Freudenstadt,Baden-Württemberg,48.47781,8.748033,6120
034625402004,Eversmeer,,26556,Wittmund,Niedersachsen,53.561363,7.428893,847
055700024024,Everswinkel,,48351,Warendorf,Nordrhein-Westfalen,51.925521,7.848037,9772
031585406013,Evessen,,38173,Wolfenbüttel,Niedersachsen,52.188334,10.71125,1232
071435007221,Ewighausen,,56244,Westerwaldkreis,Rheinland-Pfalz,50.533771,7.826947,236
057660028028,Extertal,,32699,Lippe,Nordrhein-Westfalen,52.068647,9.122575,11248
032515402017,Eydelstedt,,49406,Diepholz,Niedersachsen,52.691527,8.548216,1771
033535405010,Eyendorf,,21376,Harburg,Niedersachsen,53.202349,10.153673,1223
032565409007,Eystrup,,27324,Nienburg (Weser),Niedersachsen,52.779255,9.212755,3597
071415010041,Fachbach,,56133,Rhein-Lahn-Kreis,Rheinland-Pfalz,50.338102,7.691321,1305
010595915026,Fahrdorf,,24857,Schleswig-Flensburg,Schleswig-Holstein,54.504653,9.599017,2684
010575755018,Fahren,,24253,Plön,Schleswig-Holstein,54.349552,10.33813,126
082255004024,Fahrenbach,,74864,Neckar-Odenwald-Kreis,Baden-Württemberg,49.430872,9.149875,2636
010605086020,Fahrenkrug,,23795,Segeberg,Schleswig-Holstein,53.941286,10.257059,1748
130755560032,Fahrenwalde,,17309,Vorpommern-Greifswald,Mecklenburg-Vorpommern,53.439371,14.066343,270
091780123123,Fahrenzhausen,,85777,Freising,Bayern,48.354613,11.554462,5064
071355001029,Faid,,56814,Cochem-Zell,Rheinland-Pfalz,50.146147,7.120819,1034
092775239119,Falkenberg,,84326,Rottal-Inn,Bayern,48.462535,12.729995,3921
093775351117,Falkenberg,M,95685,Tirschenreuth,Bayern,49.858584,12.224841,920
120645403125,Falkenberg,,16259,Märkisch-Oderland,Brandenburg,52.805096,13.958062,2208
120625031128,Falkenberg/Elster,Stadt,04895,Elbe-Elster,Brandenburg,51.587007,13.236202,6070
092785248120,Falkenfels,,94350,Straubing-Bogen,Bayern,49.005191,12.595896,1019
120645412128,Falkenhagen (Mark),,15306,Märkisch-Oderland,Brandenburg,52.428725,14.31639,670
120630080080,Falkensee,Stadt,14612,Havelland,Brandenburg,52.562932,13.095729,45720
073335006020,Falkenstein,,67808,Donnersbergkreis,Rheinland-Pfalz,49.607632,7.874733,192
093725318125,Falkenstein,M,93167,Cham,Bayern,49.097184,12.486605,3398
150850110110,Falkenstein/Harz,Stadt,06463,Harz,Sachsen-Anhalt,51.732029,11.343918,4924
145235107120,Falkenstein/Vogtl.,Stadt,08223,Vogtlandkreis,Sachsen,50.476123,12.370054,7388
160665051022,Fambach,,98597,Schmalkalden-Meiningen,Thüringen,50.738015,10.367496,1868
091800116116,Farchant,,82490,Garmisch-Partenkirchen,Bayern,47.530185,11.112099,3571
010575775090,Fargau-Pratjau,,24256,Plön,Schleswig-Holstein,54.318981,10.379022,751
150885051100,Farnstädt,,06279,Saalekreis,Sachsen-Anhalt,51.425982,11.568642,1443
072355004021,Farschweiler,,54317,Trier-Saarburg,Rheinland-Pfalz,49.716966,6.827152,826
033575404014,Farven,,27446,Rotenburg (Wümme),Niedersachsen,53.433712,9.321113,639
033510010010,Faßberg,,29328,Celle,Niedersachsen,52.895917,10.162006,5890
096760124124,Faulbach,,97906,Miltenberg,Bayern,49.783411,9.442597,2548
130715153032,Faulenrost,,17139,Mecklenburgische Seenplatte,Mecklenburg-Vorpommern,53.638189,12.78668,602
010515169030,Fedderingen,,25779,Dithmarschen,Schleswig-Holstein,54.281144,9.132642,272
071435001222,Fehl-Ritzhausen,,56472,Westerwaldkreis,Rheinland-Pfalz,50.643336,8.000586,792
010550046046,Fehmarn,Stadt,23769,Ostholstein,Schleswig-Holstein,54.4387,11.197614,13200
120680117117,Fehrbellin,,16833,Ostprignitz-Ruppin,Brandenburg,52.813492,12.764153,9076
091715102116,Feichten a.d.Alz,,84550,Altötting,Bayern,48.081776,12.595784,1386
071335001030,Feilbingert,,67824,Bad Kreuznach,Rheinland-Pfalz,49.775224,7.807099,1532
094755430123,Feilitzsch,,95183,Hof,Bayern,50.36188,11.935054,2702
072325008036,Feilsdorf,,54636,Eifelkreis Bitburg-Prüm,Rheinland-Pfalz,49.9894,6.406898,30
091880118118,Feldafing,,82340,Starnberg,Bayern,47.950499,11.295849,4337
065350003003,Feldatal,,36325,Vogelsbergkreis,Hessen,50.650387,9.172132,2178
083155015037,Feldberg (Schwarzwald),,79868,Breisgau-Hochschwarzwald,Baden-Württemberg,47.856404,8.109674,1956
130710033033,Feldberger Seenlandschaft,,17258,Mecklenburgische Seenplatte,Mecklenburg-Vorpommern,53.335556,13.439741,4315
010585803050,Felde,,24242,Rendsburg-Eckernförde,Schleswig-Holstein,54.301994,9.935699,2095
010625244093,Feldhorst,,23858,Stormarn,Schleswig-Holstein,53.860382,10.419596,547
091840118118,Feldkirchen,,85622,München,Bayern,48.147036,11.729618,7780
092780121121,Feldkirchen,,94351,Straubing-Bogen,Bayern,48.838114,12.529169,1999
091870130130,Feldkirchen-Westerham,,83620,Rosenheim,Bayern,47.909454,11.84456,10742
120715102074,Felixsee/Feliksowy Jazor,,03130,Spree-Neiße,Brandenburg,51.601115,14.570858,1793
072355006022,Fell,,54341,Trier-Saarburg,Rheinland-Pfalz,49.771751,6.782587,2358
081190020020,Fellbach,Stadt,70734,Rems-Murr-Kreis,Baden-Württemberg,48.80685,9.278375,47120
096775622128,Fellen,,97778,Main-Spessart,Bayern,50.152252,9.589888,834
097785761139,Fellheim,,87748,Unterallgäu,Bayern,48.072741,10.151743,1116
010585824051,Felm,,24244,Rendsburg-Eckernförde,Schleswig-Holstein,54.409603,10.061496,1241
066340003003,Felsberg,Stadt,34587,Schwalm-Eder-Kreis,Hessen,51.134766,9.422077,10535
071325009030,Fensdorf,,57580,Altenkirchen (Westerwald),Rheinland-Pfalz,50.74169,7.775951,382
093760125125,Fensterbach,,92269,Schwandorf,Bayern,49.411206,12.041425,2390
130755559033,Ferdinandshof,,17379,Vorpommern-Greifswald,Mecklenburg-Vorpommern,53.664748,13.889141,2611
160615001031,Ferna,,37339,Eichsfeld,Thüringen,51.456644,10.309032,519
065310004004,Fernwald,,35463,Gießen,Hessen,50.550186,8.778451,7109
072325005037,Ferschweiler,,54668,Eifelkreis Bitburg-Prüm,Rheinland-Pfalz,49.863213,6.404686,1037
095740123123,Feucht,M,90537,Nürnberger Land,Bayern,49.375014,11.214677,13714
095749454454,Feuchter Forst,,,Nürnberger Land,Bayern,49.385171,11.239853,0
095710145145,Feuchtwangen,St,91555,Ansbach,Bayern,49.167757,10.331415,12551
072325006222,Feuerscheid,,54597,Eifelkreis Bitburg-Prüm,Rheinland-Pfalz,50.102935,6.453788,306
072335006023,Feusdorf,,54584,Vulkaneifel,Rheinland-Pfalz,50.348903,6.610288,494
094720138138,Fichtelberg,,95686,Bayreuth,Bayern,49.999449,11.851053,1795
094729453453,Fichtelberg,,,Bayreuth,Bayern,49.984479,11.820414,0
081275003102,Fichtenau,,74579,Schwäbisch Hall,Baden-Württemberg,49.070628,10.207151,4588
081275006023,Fichtenberg,,74427,Schwäbisch Hall,Baden-Württemberg,48.986058,9.712826,2895
120645412130,Fichtenhöhe,,15306,Märkisch-Oderland,Brandenburg,52.44673,14.42896,465
120625209134,Fichtwald,,04936,Elbe-Elster,Brandenburg,51.697732,13.471073,592
010575755020,Fiefbergen,,24217,Plön,Schleswig-Holstein,54.379311,10.34277,506
071325010031,Fiersbach,,57635,Altenkirchen (Westerwald),Rheinland-Pfalz,50.695877,7.496789,286
081160077077,Filderstadt,Stadt,70794,Esslingen,Baden-Württemberg,48.67876,9.21973,46243
071415009042,Filsen,,56341,Rhein-Lahn-Kreis,Rheinland-Pfalz,50.238021,7.584199,643
034575403008,Filsum,,26849,Leer,Niedersachsen,53.244994,7.625571,2207
071355003030,Filz,,56766,Cochem-Zell,Rheinland-Pfalz,50.169767,6.981429,82
130715159034,Fincken,,17209,Mecklenburgische Seenplatte,Mecklenburg-Vorpommern,53.353063,12.438218,461
073335007021,Finkenbach-Gersweiler,,67822,Donnersbergkreis,Rheinland-Pfalz,49.683359,7.745964,273
130725254031,Finkenthal,,17179,Landkreis Rostock,Mecklenburg-Vorpommern,53.939614,12.779332,332
150845051132,Finne,,06647,Burgenlandkreis,Sachsen-Anhalt,51.222131,11.411109,1161
150845051133,Finneland,,06647,Burgenlandkreis,Sachsen-Anhalt,51.215302,11.523513,1007
059660012012,Finnentrop,,57413,Olpe,Nordrhein-Westfalen,51.171888,7.973076,17022
091815144120,Finning,,86923,Landsberg am Lech,Bayern,48.020779,11.012318,1920
097735716150,Finningen,,89435,Dillingen a.d.Donau,Bayern,48.656942,10.497394,1878
091770118118,Finsing,,85464,Erding,Bayern,48.216158,11.824361,4740
120620140140,Finsterwalde,Stadt,03238,Elbe-Elster,Brandenburg,51.629598,13.707896,15496
033575402015,Fintel,,27389,Rotenburg (Wümme),Niedersachsen,53.172334,9.667823,3082
034575402009,Firrel,,26835,Leer,Niedersachsen,53.33058,7.662352,803
072355008025,Fisch,,54439,Trier-Saarburg,Rheinland-Pfalz,49.62074,6.486112,429
097720141141,Fischach,M,86850,Augsburg,Bayern,48.290489,10.655872,5001
071345005025,Fischbach,,55743,Birkenfeld,Rheinland-Pfalz,49.74285,7.398916,917
073355002007,Fischbach,,67693,Kaiserslautern,Rheinland-Pfalz,49.45412,7.911874,789
095749455455,Fischbach,,,Nürnberger Land,Bayern,49.417236,11.220296,0
073405001011,Fischbach bei Dahn,,66996,Südwestpfalz,Rheinland-Pfalz,49.087476,7.71156,1351
072325005038,Fischbach-Oberraden,,54675,Eifelkreis Bitburg-Prüm,Rheinland-Pfalz,50.00085,6.335922,47
091820114114,Fischbachau,,83730,Miesbach,Bayern,47.71941,11.950751,5562
064320007007,Fischbachtal,,64405,Darmstadt-Dieburg,Hessen,49.769587,8.813216,2707
097805742121,Fischen i.Allgäu,,87538,Oberallgäu,Bayern,47.459403,10.270591,3156
083175004029,Fischerbach,,77716,Ortenaukreis,Baden-Württemberg,48.287203,8.110824,1704
083365008024,Fischingen,,79592,Lörrach,Baden-Württemberg,47.650526,7.597834,778
010615189028,Fitzbek,,25579,Steinburg,Schleswig-Holstein,54.002409,9.768919,380
010535318029,Fitzen,,21514,Herzogtum Lauenburg,Schleswig-Holstein,53.493942,10.64667,393
095710146146,Flachslanden,M,91604,Ansbach,Bayern,49.399168,10.51377,2452
071415011043,Flacht,,65558,Rhein-Lahn-Kreis,Rheinland-Pfalz,50.343302,8.049755,967
096735637123,Fladungen,St,97650,Rhön-Grabfeld,Bayern,50.522474,10.144596,2092
071325010032,Flammersfeld,,57632,Altenkirchen (Westerwald),Rheinland-Pfalz,50.646556,7.524291,1418
150835052230,Flechtingen,,39345,Börde,Sachsen-Anhalt,52.332395,11.239472,2690
010585893052,Fleckeby,,24357,Rendsburg-Eckernförde,Schleswig-Holstein,54.48232,9.696337,2034
081255005030,Flein,,74223,Heilbronn,Baden-Württemberg,49.100989,9.213902,7432
084365001032,Fleischwangen,,88373,Ravensburg,Baden-Württemberg,47.879063,9.477566,651
073375003025,Flemlingen,,76835,Südliche Weinstraße,Rheinland-Pfalz,49.243097,8.095563,399
010010000000,Flensburg,Stadt,24937,Flensburg,Schleswig-Holstein,54.78252,9.43751,96326
072325006223,Fleringen,,54597,Eifelkreis Bitburg-Prüm,Rheinland-Pfalz,50.208878,6.498935,405
066310008008,Flieden,,36103,Fulda,Hessen,50.423953,9.566496,8620
072325008039,Fließem,,54636,Eifelkreis Bitburg-Prüm,Rheinland-Pfalz,50.023777,6.540597,648
120735305157,Flieth-Stegelitz,,17268,Uckermark,Brandenburg,53.127904,13.849704,488
010585896053,Flintbek,,24220,Rendsburg-Eckernförde,Schleswig-Holstein,54.23975,10.063731,7486
091870131131,Flintsbach a.Inn,,83126,Rosenheim,Bayern,47.723091,12.125282,2929
160660023023,Floh-Seligenthal,,98593,Schmalkalden-Meiningen,Thüringen,50.754223,10.480412,5566
073315001024,Flomborn,,55234,Alzey-Worms,Rheinland-Pfalz,49.69181,8.151622,1046
073315001025,Flonheim,,55237,Alzey-Worms,Rheinland-Pfalz,49.785707,8.036795,2622
064400007007,Florstadt,Stadt,61197,Wetteraukreis,Hessen,50.318669,8.861417,9097
093740121121,Floß,M,92685,Neustadt a.d.Waldnaab,Bayern,49.723961,12.27584,3494
093740122122,Flossenbürg,,92696,Neustadt a.d.Waldnaab,Bayern,49.731773,12.347341,1496
083255002070,Fluorn-Winzeln,,78737,Rottweil,Baden-Württemberg,48.2853,8.492724,3052
072315009033,Flußbach,,54516,Bernkastel-Wittlich,Rheinland-Pfalz,50.016914,6.92629,430
071325010033,Fluterschen,,57614,Altenkirchen (Westerwald),Rheinland-Pfalz,50.665235,7.62623,642
145220140140,Flöha,Stadt,09557,Mittelsachsen,Sachsen,50.858511,13.072994,10183
064350008008,Flörsbachtal,,63639,Main-Kinzig-Kreis,Hessen,50.127726,9.480329,2274
064360004004,Flörsheim am Main,Stadt,65439,Main-Taunus-Kreis,Hessen,50.013676,8.430161,21344
073315003023,Flörsheim-Dalsheim,,67592,Alzey-Worms,Rheinland-Pfalz,49.651778,8.211124,3167
031585403014,Flöthe,,38312,Wolfenbüttel,Niedersachsen,52.087325,10.471279,1087
010585833054,Fockbek,,24787,Rendsburg-Eckernförde,Schleswig-Holstein,54.30413,9.601589,6561
160775004005,Fockendorf,,04617,Altenburger Land,Thüringen,51.04865,12.465781,752
071345001026,Fohren-Linden,,55777,Birkenfeld,Rheinland-Pfalz,49.587254,7.291177,308
082160013013,Forbach,,76596,Rastatt,Baden-Württemberg,48.680136,8.358737,4562
083165005013,Forchheim,,79362,Emmendingen,Baden-Württemberg,48.161908,7.702799,1409
094740126126,Forchheim,GKSt,91301,Forchheim,Bayern,49.720292,11.0594,33017
081265004028,Forchtenberg,Stadt,74670,Hohenlohekreis,Baden-Württemberg,49.287249,9.562246,5405
097795722146,Forheim,,86735,Donau-Ries,Bayern,48.758933,10.448158,523
071325006034,Forst,,57537,Altenkirchen (Westerwald),Rheinland-Pfalz,50.803933,7.682865,615
082155003021,Forst,,76694,Karlsruhe,Baden-Württemberg,49.152909,8.586918,8083
071355002031,Forst (Eifel),,56754,Cochem-Zell,Rheinland-Pfalz,50.217799,7.251012,385
071355005032,Forst (Hunsrück),,56858,Cochem-Zell,Rheinland-Pfalz,50.081825,7.31687,63
120710076076,Forst (Lausitz)/Baršć (Łužyca),Stadt,03149,Spree-Neiße,Brandenburg,51.744632,14.644601,17155
073325001017,Forst an der Weinstraße,,67147,Bad Dürkheim,Rheinland-Pfalz,49.426125,8.188905,774
096779453453,Forst Aura,,,Main-Spessart,Bayern,50.2042,9.684562,0
096729454454,Forst Detter-Süd,,,Bad Kissingen,Bayern,50.206806,9.753397,0
096719451451,Forst Hain i.Spessart,,,Aschaffenburg,Bayern,50.003991,9.368206,0
095769453453,Forst Kleinschwarzenlohe,,,Roth,Bayern,49.373935,11.142348,0
096779454454,Forst Lohrerstraße,,,Main-Spessart,Bayern,49.963455,9.468782,0
094729454454,Forst Neustädtlein a.Forst,,,Bayreuth,Bayern,49.97637,11.470725,0
096739453453,Forst Schmalwasser-Nord,,,Rhön-Grabfeld,Bayern,50.354384,10.029739,0
096739454454,Forst Schmalwasser-Süd,,,Rhön-Grabfeld,Bayern,50.315433,10.043833,0
095729455455,Forst Tennenlohe,,,Erlangen-Höchstadt,Bayern,49.557464,11.052058,0
091849452452,Forstenrieder Park,,,München,Bayern,48.048272,11.459224,0
091770119119,Forstern,,85659,Erding,Bayern,48.183368,11.977334,3683
095749456456,Forsthof,,,Nürnberger Land,Bayern,49.431328,11.168428,0
091750118118,Forstinning,,85661,Ebersberg,Bayern,48.168565,11.912626,3737
071325010035,Forstmehren,,57635,Altenkirchen (Westerwald),Rheinland-Pfalz,50.702517,7.530067,164
093759451451,Forstmühler Forst,,,Regensburg,Bayern,49.053154,12.305905,0
096769452452,Forstwald,,,Miltenberg,Bayern,49.826092,9.179781,0
073315001026,Framersheim,,55234,Alzey-Worms,Rheinland-Pfalz,49.758838,8.174174,1564
096770129129,Frammersbach,M,97833,Main-Spessart,Bayern,50.063544,9.470432,4402
096779455455,Frammersbacher Forst,,,Main-Spessart,Bayern,50.076382,9.496699,0
073355010009,Frankelbach,,67737,Kaiserslautern,Rheinland-Pfalz,49.534422,7.633563,327
066350010010,Frankenau,Nationalparkstadt,35110,Waldeck-Frankenberg,Hessen,51.090496,8.934861,2782
066350011011,Frankenberg (Eder),Philipp-Soldan-Stadt,35066,Waldeck-Frankenberg,Hessen,51.058731,8.799233,17635
145220150150,"Frankenberg/Sa., Stadt",Garnisonsstadt,09669,Mittelsachsen,Sachsen,50.910034,13.030777,13659
160720023023,Frankenblick,,96528,Sonneberg,Thüringen,50.377589,11.078267,5434
160715008019,Frankendorf,,99441,Weimarer Land,Thüringen,50.967936,11.451111,150
073325005018,Frankeneck,,67468,Bad Dürkheim,Rheinland-Pfalz,49.376384,8.052302,815
033585402009,Frankenfeld,,27336,Heidekreis,Niedersachsen,52.768678,9.428854,509
081275002103,Frankenhardt,,74586,Schwäbisch Hall,Baden-Württemberg,49.081875,9.980093,5026
160665005024,Frankenheim/Rhön,,98634,Schmalkalden-Meiningen,Thüringen,50.544346,10.066072,1029
073355002010,Frankenstein,,67468,Kaiserslautern,Rheinland-Pfalz,49.438664,7.979846,907
146255211140,Frankenthal,,01909,Bautzen,Sachsen,51.131628,14.106568,891
073110000000,Frankenthal (Pfalz),Stadt,67227,Frankenthal (Pfalz),Rheinland-Pfalz,49.535556,8.354282,48140
096785642130,Frankenwinheim,,97447,Schweinfurt,Bayern,49.887039,10.313963,979
120530000000,Frankfurt (Oder),Stadt,15230,Frankfurt (Oder),Brandenburg,52.344651,14.551151,57107
064120000000,Frankfurt am Main,Stadt,60311,Frankfurt am Main,Hessen,50.11088,8.682433,756021
073375005026,Frankweiler,,76833,Südliche Weinstraße,Rheinland-Pfalz,49.227496,8.057838,896
130735355024,Franzburg,Stadt,18461,Vorpommern-Rügen,Mecklenburg-Vorpommern,54.186968,12.877572,1272
072355007027,Franzenheim,,54316,Trier-Saarburg,Rheinland-Pfalz,49.684389,6.687549,365
091870132132,Frasdorf,,83112,Rosenheim,Bayern,47.802277,12.285333,2993
092760121121,Frauenau,,94258,Regen,Bayern,48.989281,13.300927,2659
071345001027,Frauenberg,,55776,Birkenfeld,Rheinland-Pfalz,49.672271,7.289966,357
092729452452,Frauenberger u. Duschlberger Wald,,,Freyung-Grafenau,Bayern,48.806366,13.729055,0
120665606064,Frauendorf,,01945,Oberspreewald-Lausitz,Brandenburg,51.416001,13.769359,705
091755112119,Frauenneuharting,,83553,Ebersberg,Bayern,48.039782,12.048251,1543
160745015019,Frauenprießnitz,,07774,Saale-Holzland-Kreis,Thüringen,51.016933,11.735422,812
145220170170,Frauenstein,Stadt,09623,Mittelsachsen,Sachsen,50.801948,13.533996,2656
091770120120,Fraunberg,,85447,Erding,Bayern,48.368715,11.992691,3914
145240060060,Fraureuth,,08427,Zwickau,Sachsen,50.703472,12.355719,5003
053620024024,Frechen,Stadt,50226,Rhein-Erft-Kreis,Nordrhein-Westfalen,50.908398,6.813419,52309
073345004005,Freckenfeld,,76872,Germersheim,Rheinland-Pfalz,49.065365,8.111546,1536
010535358030,Fredeburg,,23909,Herzogtum Lauenburg,Schleswig-Holstein,53.674253,10.72727,44
032540042042,Freden (Leine),,31084,Hildesheim,Niedersachsen,51.928153,9.89314,4508
033595402017,Fredenbeck,,21717,Stade,Niedersachsen,53.522438,9.398664,6475
120640136136,Fredersdorf-Vogelsdorf,,15370,Märkisch-Oderland,Brandenburg,52.531041,13.755292,14644
010605053022,Fredesdorf,,23826,Segeberg,Schleswig-Holstein,53.875098,10.203647,396
071335001031,Frei-Laubersheim,,55546,Bad Kreuznach,Rheinland-Pfalz,49.801498,7.899191,1046
083165003054,Freiamt,,79348,Emmendingen,Baden-Württemberg,48.186707,7.898241,4243
081185004078,Freiberg am Neckar,Stadt,71691,Ludwigsburg,Baden-Württemberg,48.933909,9.195537,15520
145220180180,"Freiberg, Stadt",Universitätsstadt,09599,Mittelsachsen,Sachsen,50.914868,13.344344,41519
033595407018,Freiburg (Elbe),Flecken,21729,Stade,Niedersachsen,53.824052,9.287803,1771
083110000000,Freiburg im Breisgau,Stadt,79098,Freiburg im Breisgau,Baden-Württemberg,47.994786,7.849877,237460
160655052018,Freienbessingen,,99713,Kyffhäuserkreis,Thüringen,51.232835,10.773914,172
160615008032,Freienhagen,,37318,Eichsfeld,Thüringen,51.413928,10.054487,288
160745011021,Freienorla,,07768,Saale-Holzland-Kreis,Thüringen,50.769652,11.543018,310
065350004004,Freiensteinau,,36399,Vogelsbergkreis,Hessen,50.424409,9.403038,2967
010595919182,Freienwill,,24991,Schleswig-Flensburg,Schleswig-Holstein,54.728589,9.492436,1623
064350009009,Freigericht,,63579,Main-Kinzig-Kreis,Hessen,50.141455,9.112816,14165
093710121121,Freihung,M,92271,Amberg-Sulzbach,Bayern,49.622645,11.909908,2545
091720118118,Freilassing,St,83395,Berchtesgadener Land,Bayern,47.842101,12.978135,17619
071435007018,Freilingen,,56244,Westerwaldkreis,Rheinland-Pfalz,50.55917,7.834712,714
073315001027,Freimersheim,,55234,Alzey-Worms,Rheinland-Pfalz,49.708089,8.088388,673
073375003027,Freimersheim (Pfalz),,67482,Südliche Weinstraße,Rheinland-Pfalz,49.2689,8.22076,1022
073325002019,Freinsheim,Stadt,67251,Bad Dürkheim,Rheinland-Pfalz,49.507066,8.21286,4772
071435007019,Freirachdorf,,56244,Westerwaldkreis,Rheinland-Pfalz,50.582821,7.713416,699
073345005006,Freisbach,,67361,Germersheim,Rheinland-Pfalz,49.272207,8.270735,1193
100460111111,Freisen,,66629,St. Wendel,Saarland,49.552395,7.248603,8115
091780124124,Freising,GKSt,85350,Freising,Bayern,48.403627,11.748361,48928
032515404018,Freistatt,,27259,Diepholz,Niedersachsen,52.623062,8.648938,540
146280110110,Freital,Stadt,01705,Sächsische Schweiz-Osterzgebirge,Sachsen,50.997194,13.64812,39281
031545403005,Frellstedt,,38373,Helmstedt,Niedersachsen,52.205617,10.915667,832
097790147147,Fremdingen,,86742,Donau-Ries,Bayern,48.97034,10.455724,2030
094710131131,Frensdorf,,96158,Bamberg,Bayern,49.817439,10.865018,5175
034545402012,Freren,Stadt,49832,Emsland,Niedersachsen,52.486741,7.543898,4868
034545404013,Fresenburg,,49762,Emsland,Niedersachsen,52.883333,7.298413,947
010545492032,Fresendelf,,25876,Nordfriesland,Schleswig-Holstein,54.39338,9.248765,87
010515163032,Frestedt,,25727,Dithmarschen,Schleswig-Holstein,54.023523,9.176133,344
073315007028,Frettenheim,,67596,Alzey-Worms,Rheinland-Pfalz,49.760106,8.243184,309
160615008033,Fretterode,,37318,Eichsfeld,Thüringen,51.319011,10.00681,173
059700016016,Freudenberg,Stadt,57258,Siegen-Wittgenstein,Nordrhein-Westfalen,50.897439,7.876633,17355
081280039039,Freudenberg,Stadt,97896,Main-Tauber-Kreis,Baden-Württemberg,49.742099,9.324222,3615
093710122122,Freudenberg,,92272,Amberg-Sulzbach,Bayern,49.480033,11.982076,4064
072355008028,Freudenburg,,54450,Trier-Saarburg,Rheinland-Pfalz,49.54169,6.533509,1788
082375002028,Freudenstadt,Stadt,72250,Freudenstadt,Baden-Württemberg,48.463876,8.411368,24464
081185001016,Freudental,,74392,Ludwigsburg,Baden-Württemberg,49.009612,9.059852,2502
150845053135,Freyburg (Unstrut),Stadt,06632,Burgenlandkreis,Sachsen-Anhalt,51.214422,11.770002,4433
093730126126,Freystadt,St,92342,Neumarkt i.d.OPf.,Bayern,49.199011,11.328203,9151
092720118118,Freyung,St,94078,Freyung-Grafenau,Bayern,48.808968,13.54759,7078
081165005020,Frickenhausen,,72636,Esslingen,Baden-Württemberg,48.593654,9.359845,9201
096795646131,Frickenhausen a.Main,M,97252,Würzburg,Bayern,49.671127,10.09358,1161
084355005015,Frickingen,,88699,Bodenseekreis,Baden-Württemberg,47.81517,9.273089,3111
083275001016,Fridingen an der Donau,Stadt,78567,Tuttlingen,Baden-Württemberg,48.021685,8.932884,3157
091890118118,Fridolfing,,83413,Traunstein,Bayern,47.998322,12.827125,4337
097710130130,Friedberg,St,86316,Aichach-Friedberg,Bayern,48.355216,10.980953,29953
064400008008,Friedberg (Hessen),Kreisstadt,61169,Wetteraukreis,Hessen,50.33776,8.754091,30409
034620005005,Friedeburg,,26446,Wittmund,Niedersachsen,53.45565,7.837696,10280
160665013025,Friedelshausen,,98634,Schmalkalden-Meiningen,Thüringen,50.657922,10.237248,271
073325006020,Friedelsheim,,67159,Bad Dürkheim,Rheinland-Pfalz,49.447276,8.22256,1442
093770118118,Friedenfels,,95688,Tirschenreuth,Bayern,49.883436,12.102638,1175
083155010039,Friedenweiler,,79877,Breisgau-Hochschwarzwald,Baden-Württemberg,47.916528,8.255208,2035
066320006006,Friedewald,,36289,Hersfeld-Rotenburg,Hessen,50.882439,9.856377,2668
071325003036,Friedewald,,57520,Altenkirchen (Westerwald),Rheinland-Pfalz,50.709712,7.960618,1097
031590013013,Friedland,,37133,Göttingen,Niedersachsen,51.419791,9.913521,8332
120670137137,Friedland,Stadt,15848,Oder-Spree,Brandenburg,52.102722,14.264623,2936
130715152035,Friedland,Stadt,17098,Mecklenburgische Seenplatte,Mecklenburg-Vorpommern,53.670639,13.553318,6044
010545489034,Friedrich-Wilhelm-Lübke-Koog,,25924,Nordfriesland,Schleswig-Holstein,54.862372,8.631939,163
160670019019,Friedrichroda,Stadt,99894,Gotha,Thüringen,50.860102,10.573924,7352
064340002002,Friedrichsdorf,Philipp-Reis-Stadt,61381,Hochtaunuskreis,Hessen,50.256846,8.641683,25871
010515178033,Friedrichsgabekoog,,25764,Dithmarschen,Schleswig-Holstein,54.157516,8.941082,55
010585847055,Friedrichsgraben,,24799,Rendsburg-Eckernförde,Schleswig-Holstein,54.272305,9.419087,51
084355002016,Friedrichshafen,Stadt,88045,Bodenseekreis,Baden-Württemberg,47.652205,9.479614,62796
010585847056,Friedrichsholm,,24799,Rendsburg-Eckernförde,Schleswig-Holstein,54.303024,9.427267,400
010515166034,Friedrichskoog,,25718,Dithmarschen,Schleswig-Holstein,54.005842,8.88014,2456
130765668038,Friedrichsruhe,,19089,Ludwigslust-Parchim,Mecklenburg-Vorpommern,53.527215,11.754554,860
010540033033,Friedrichstadt,Stadt,25840,Nordfriesland,Schleswig-Holstein,54.37346,9.087943,2563
100410511511,Friedrichsthal,Stadt,66299,Regionalverband Saarbrücken,Saarland,49.32234,7.09686,10180
120605006068,Friedrichswalde,,16247,Barnim,Brandenburg,53.028652,13.707059,791
066340004004,Frielendorf,Marktflecken,34621,Schwalm-Eder-Kreis,Hessen,50.975691,9.327652,7114
160675007022,Friemar,,99869,Gotha,Thüringen,50.979661,10.788019,992
120635302088,Friesack,Stadt,14662,Havelland,Brandenburg,52.73771,12.579825,2545
071325007037,Friesenhagen,,51598,Altenkirchen (Westerwald),Rheinland-Pfalz,50.903172,7.810741,1607
073395007018,Friesenheim,,55278,Mainz-Bingen,Rheinland-Pfalz,49.83616,8.257524,723
083170031031,Friesenheim,,77948,Ortenaukreis,Baden-Württemberg,48.373236,7.881795,13858
097775753128,Friesenried,,87654,Ostallgäu,Bayern,47.875252,10.533666,1479
034530007007,Friesoythe,Stadt,26169,Cloppenburg,Niedersachsen,53.020613,7.859448,22685
082365001019,Friolzheim,,71292,Enzkreis,Baden-Württemberg,48.835823,8.832922,4062
083275004017,Frittlingen,,78665,Tuttlingen,Baden-Württemberg,48.127077,8.707624,2127
066340005005,Fritzlar,Dom- und Kaiserstadt,34560,Schwalm-Eder-Kreis,Hessen,51.13094,9.275373,14493
147290140140,Frohburg,Stadt,04654,Leipzig,Sachsen,51.057446,12.556473,12120
073365009027,Frohnhofen,,66903,Kusel,Rheinland-Pfalz,49.453407,7.299935,456
065340009009,Fronhausen,,35112,Marburg-Biedenkopf,Hessen,50.704273,8.694672,4108
071405008039,Fronhofen,,55471,Rhein-Hunsrück-Kreis,Rheinland-Pfalz,49.991498,7.465413,243
084365009096,Fronreute,,88273,Ravensburg,Baden-Württemberg,47.863185,9.589918,4983
092790115115,Frontenhausen,M,84160,Dingolfing-Landau,Bayern,48.546413,12.52838,4821
064370007007,Fränkisch-Crumbach,,64407,Odenwaldkreis,Hessen,49.745722,8.858014,2910
083365006025,Fröhnd,,79677,Lörrach,Baden-Württemberg,47.758286,7.883067,487
059780012012,Fröndenberg/Ruhr,Stadt,58730,Unna,Nordrhein-Westfalen,51.473212,7.767252,20504
071415010044,Frücht,,56132,Rhein-Lahn-Kreis,Rheinland-Pfalz,50.312805,7.676422,571
071315001022,Fuchshofen,,53533,Ahrweiler,Rheinland-Pfalz,50.428116,6.851542,92
093770119119,Fuchsmühl,M,95689,Tirschenreuth,Bayern,49.921568,12.14595,1537
096725607124,Fuchsstadt,,97727,Bad Kissingen,Bayern,50.108272,9.930172,1881
091815138121,Fuchstal,,86925,Landsberg am Lech,Bayern,47.934246,10.826857,4151
010605005023,Fuhlendorf,,24649,Segeberg,Schleswig-Holstein,53.943215,9.885482,428
130735352025,Fuhlendorf,,18356,Vorpommern-Rügen,Mecklenburg-Vorpommern,54.359903,12.601123,829
010535373031,Fuhlenhagen,,21493,Herzogtum Lauenburg,Schleswig-Holstein,53.572959,10.5266,374
066310009009,Fulda,Stadt,36037,Fulda,Hessen,50.55323,9.675061,65434
066330008008,Fuldabrück,,34277,Kassel,Hessen,51.228045,9.495422,8474
066330009009,Fuldatal,,34233,Kassel,Hessen,51.350127,9.526295,12752
092745221132,Furth,,84095,Landshut,Bayern,48.589375,12.022543,3630
093720126126,Furth im Wald,St,93437,Cham,Bayern,49.308018,12.842882,8659
083265002017,Furtwangen im Schwarzwald,Stadt,78120,Schwarzwald-Baar-Kreis,Baden-Württemberg,48.051584,8.205476,8420
073385004008,Fußgönheim,,67136,Rhein-Pfalz-Kreis,Rheinland-Pfalz,49.46116,8.291146,2544
073365010025,Föckelberg,,66887,Kusel,Rheinland-Pfalz,49.523816,7.489905,340
010605005021,Föhrden-Barl,,25563,Segeberg,Schleswig-Holstein,53.927492,9.787122,294
072355006026,Föhren,,54343,Trier-Saarburg,Rheinland-Pfalz,49.85818,6.763505,3048
160720024024,Föritztal,,96524,Sonneberg,Thüringen,50.313422,11.243256,8183
130715154036,Fünfseen,,17213,Mecklenburgische Seenplatte,Mecklenburg-Vorpommern,53.389037,12.392639,908
097795723148,Fünfstetten,,86681,Donau-Ries,Bayern,48.832623,10.76439,1356
071335001032,Fürfeld,,55546,Bad Kreuznach,Rheinland-Pfalz,49.777143,7.893919,1691
034595403017,Fürstenau,Stadt,49584,Osnabrück,Niedersachsen,52.516666,7.674799,9443
032555403014,Fürstenberg,,37699,Holzminden,Niedersachsen,51.731487,9.399382,993
120650084084,Fürstenberg/Havel,Stadt,16798,Oberhavel,Brandenburg,53.184686,13.145303,5741
092725214119,Fürsteneck,,94142,Freyung-Grafenau,Bayern,48.717984,13.46234,826
091790121121,Fürstenfeldbruck,GKSt,82256,Fürstenfeldbruck,Bayern,48.182775,11.253092,37420
092750121121,Fürstenstein,,94538,Passau,Bayern,48.719796,13.330344,3492
120670144144,Fürstenwalde/Spree,Stadt,15517,Oder-Spree,Brandenburg,52.35966,14.064713,32002
092750122122,Fürstenzell,M,94081,Passau,Bayern,48.522201,13.315787,8565
096779456456,Fürstl. Löwenstein'scher Park,,,Main-Spessart,Bayern,49.900165,9.51676,0
064310007007,Fürth,,64658,Bergstraße,Hessen,49.650424,8.782414,10810
095630000000,Fürth,,90744,Fürth,Bayern,49.478592,10.987404,132036
071325006038,Fürthen,,57539,Altenkirchen (Westerwald),Rheinland-Pfalz,50.77935,7.668743,1220
097770129129,Füssen,St,87629,Ostallgäu,Bayern,47.569686,10.70045,15287
146265203100,Gablenz / Jabłońc,,02953,Görlitz,Sachsen,51.535197,14.665674,1550
097720145145,Gablingen,,86456,Augsburg,Bayern,48.455715,10.82349,4746
073315006029,Gabsheim,,55288,Alzey-Worms,Rheinland-Pfalz,49.827822,8.174974,706
091855155131,Gachenbach,,86565,Neuburg-Schrobenhausen,Bayern,48.498479,11.239123,2627
071435004020,Gackenbach,,56412,Westerwaldkreis,Rheinland-Pfalz,50.367145,7.856213,545
130745452021,Gadebusch,Stadt,19205,Nordwestmecklenburg,Mecklenburg-Vorpommern,53.701801,11.118522,5087
082160015015,Gaggenau,Stadt,76571,Rastatt,Baden-Württemberg,48.807364,8.317525,29529
082265005022,Gaiberg,,69251,Rhein-Neckar-Kreis,Baden-Württemberg,49.366268,8.750258,2480
083355003025,Gaienhofen,,78343,Konstanz,Baden-Württemberg,47.68226,8.981837,3334
081275006025,Gaildorf,Stadt,74405,Schwäbisch Hall,Baden-Württemberg,49.00045,9.76983,12005
083355002026,Gailingen am Hochrhein,,78262,Konstanz,Baden-Württemberg,47.696988,8.754804,3044
091760126126,Gaimersheim,M,85080,Eichstätt,Bayern,48.804753,11.368343,12468
091730124124,Gaißach,,83674,Bad Tölz-Wolfratshausen,Bayern,47.747447,11.5801,3203
130715152037,Galenbeck,,17099,Mecklenburgische Seenplatte,Mecklenburg-Vorpommern,53.621041,13.705727,1090
071315004204,Galenberg,,56651,Ahrweiler,Rheinland-Pfalz,50.440062,7.190565,229
130765667039,Gallin,,19258,Ludwigslust-Parchim,Mecklenburg-Vorpommern,53.493652,10.832835,555
130765655040,Gallin-Kuppentin,,19386,Ludwigslust-Parchim,Mecklenburg-Vorpommern,53.501509,12.168335,431
095755524124,Gallmersgarten,,91605,Neustadt a.d.Aisch-Bad Windsheim,Bayern,49.458198,10.279387,751
010545489165,Galmsbüll,,25899,Nordfriesland,Schleswig-Holstein,54.775694,8.732055,555
071355002033,Gamlen,,56761,Cochem-Zell,Rheinland-Pfalz,50.239214,7.200836,546
010585893057,Gammelby,,24340,Rendsburg-Eckernförde,Schleswig-Holstein,54.500342,9.793238,503
130765658041,Gammelin,,19230,Ludwigslust-Parchim,Mecklenburg-Vorpommern,53.512028,11.241684,481
091785129125,Gammelsdorf,,85408,Freising,Bayern,48.556063,11.949324,1599
081175009023,Gammelshausen,,73108,Göppingen,Baden-Württemberg,48.64031,9.650617,1509
084375001031,Gammertingen,Stadt,72501,Sigmaringen,Baden-Württemberg,48.250288,9.2157,6155
034580005005,Ganderkesee,,27777,Oldenburg,Niedersachsen,53.034068,8.547501,31494
032565409008,Gandesbergen,,27324,Nienburg (Weser),Niedersachsen,52.760767,9.223013,521
053700008008,Gangelt,,52538,Heinsberg,Nordrhein-Westfalen,50.992732,5.997397,13410
092770121121,Gangkofen,M,84140,Rottal-Inn,Bayern,48.436862,12.563349,6161
160685009013,Gangloffsömmern,,99634,Sömmerda,Thüringen,51.19004,10.942803,915
130765663166,Ganzlin,,19395,Ludwigslust-Parchim,Mecklenburg-Vorpommern,53.38328,12.251489,1374
071375002027,Gappenach,,56294,Mayen-Koblenz,Rheinland-Pfalz,50.272568,7.344588,352
032410005005,Garbsen,Stadt,30823,Region Hannover,Niedersachsen,52.426344,9.600191,59903
091710117117,Garching a.d.Alz,,84518,Altötting,Bayern,48.127462,12.574383,8491
091840119119,Garching b.München,St,85748,München,Bayern,48.249173,11.65188,17656
150810135135,Gardelegen,Hansestadt,39638,Altmarkkreis Salzwedel,Sachsen-Anhalt,52.524469,11.394214,21822
010545417035,Garding,Kirchspiel,25836,Nordfriesland,Schleswig-Holstein,54.317383,8.78356,305
010545417036,Garding,Stadt,25836,Nordfriesland,Schleswig-Holstein,54.327962,8.778217,2816
033535405011,Garlstorf,,21376,Harburg,Niedersachsen,53.236989,10.102673,1120
091800117117,Garmisch-Partenkirchen,M,82456,Garmisch-Partenkirchen,Bayern,47.492447,11.086118,28305
034530008008,Garrel,,49681,Cloppenburg,Niedersachsen,52.955028,8.023923,15152
091835146118,Gars a.Inn,M,83536,Mühldorf a.Inn,Bayern,48.155168,12.275118,4021
033535405012,Garstedt,,21441,Harburg,Niedersachsen,53.285914,10.160485,1468
033545403005,Gartow,Flecken,29471,Lüchow-Dannenberg,Niedersachsen,53.025263,11.46141,1354
033549501501,Gartow,gemfr. Gebiet,,Lüchow-Dannenberg,Niedersachsen,53.004194,11.411792,0
120735304189,Gartz (Oder),Stadt,16307,Uckermark,Brandenburg,53.2087,14.388886,2328
130755562034,Garz,,17419,Vorpommern-Greifswald,Mecklenburg-Vorpommern,53.882149,14.170027,258
130735353027,Garz/Rügen,Stadt,18574,Vorpommern-Rügen,Mecklenburg-Vorpommern,54.316745,13.352371,2170
120645408153,Garzau-Garzin,,15345,Märkisch-Oderland,Brandenburg,52.533872,13.945498,512
094755430127,Gattendorf,,95185,Hof,Bayern,50.32122,11.997165,1028
073395003019,Gau-Algesheim,Stadt,55435,Mainz-Bingen,Rheinland-Pfalz,49.957647,8.01497,6606
073315005030,Gau-Bickelheim,,55599,Alzey-Worms,Rheinland-Pfalz,49.835596,8.020222,2142
073395002020,Gau-Bischofsheim,,55296,Mainz-Bingen,Rheinland-Pfalz,49.914648,8.272606,2104
073315001031,Gau-Heppenheim,,55234,Alzey-Worms,Rheinland-Pfalz,49.741867,8.173988,554
073315001032,Gau-Odernheim,,55239,Alzey-Worms,Rheinland-Pfalz,49.784204,8.193147,3995
073315006033,Gau-Weinheim,,55578,Alzey-Worms,Rheinland-Pfalz,49.846756,8.04777,611
160765004019,Gauern,,07580,Greiz,Thüringen,50.790322,12.193007,121
073335004022,Gauersheim,,67294,Donnersbergkreis,Rheinland-Pfalz,49.659769,8.07236,654
073335007023,Gaugrehweiler,,67822,Donnersbergkreis,Rheinland-Pfalz,49.707758,7.861787,512
096790134134,Gaukönigshofen,,97253,Würzburg,Bayern,49.63341,10.002455,2471
010515169035,Gaushorn,,25782,Dithmarschen,Schleswig-Holstein,54.194896,9.225318,185
091880120120,Gauting,,82131,Starnberg,Bayern,48.069152,11.37745,21860
093715301123,Gebenbach,,92274,Amberg-Sulzbach,Bayern,49.537583,11.876108,852
160685002014,Gebesee,Stadt,99189,Sömmerda,Thüringen,51.11553,10.930052,2181
071325009039,Gebhardshain,,57580,Altenkirchen (Westerwald),Rheinland-Pfalz,50.746687,7.821894,1852
071335006033,Gebroth,,55595,Bad Kreuznach,Rheinland-Pfalz,49.878659,7.658565,143
095715501152,Gebsattel,,91607,Ansbach,Bayern,49.351686,10.202593,1738
082355002029,Gechingen,,75391,Calw,Baden-Württemberg,48.695245,8.829001,3621
064400009009,Gedern,Stadt,63688,Wetteraukreis,Hessen,50.424404,9.19793,6709
034540014014,Geeste,,49744,Emsland,Niedersachsen,52.600995,7.266686,12129
010530032032,Geesthacht,Stadt,21502,Herzogtum Lauenburg,Schleswig-Holstein,53.433112,10.371733,33519
033520062062,Geestland,Stadt,27607,Cuxhaven,Niedersachsen,53.608072,8.594252,31093
072335001025,Gefell,,54552,Vulkaneifel,Rheinland-Pfalz,50.238523,6.911168,90
160750131131,Gefell,Stadt,07926,Saale-Orla-Kreis,Thüringen,50.438394,11.859201,2344
094720139139,Gefrees,St,95480,Bayreuth,Bayern,50.094949,11.73828,4240
071435002223,Gehlert,,57627,Westerwaldkreis,Rheinland-Pfalz,50.640175,7.828521,613
130765655165,Gehlsbach,,19386,Ludwigslust-Parchim,Mecklenburg-Vorpommern,53.394281,12.130857,518
071405004040,Gehlweiler,,55490,Rhein-Hunsrück-Kreis,Rheinland-Pfalz,49.883341,7.466698,213
160655055019,Gehofen,,06571,Kyffhäuserkreis,Thüringen,51.323722,11.317655,599
034595402018,Gehrde,,49596,Osnabrück,Niedersachsen,52.577704,8.007409,2527
032410006006,Gehrden,Stadt,30989,Region Hannover,Niedersachsen,52.315068,9.59892,15301
073335007024,Gehrweiler,,67724,Donnersbergkreis,Rheinland-Pfalz,49.576351,7.771429,296
072325005040,Geichlingen,,54675,Eifelkreis Bitburg-Prüm,Rheinland-Pfalz,49.952116,6.268233,434
096789452452,Geiersberg,,,Schweinfurt,Bayern,49.863634,10.43593,0
096729455455,Geiersnest-Ost,,,Bad Kissingen,Bayern,50.221623,9.813822,0
096729456456,Geiersnest-West,,,Bad Kissingen,Bayern,50.242766,9.780896,0
092760122122,Geiersthal,,94244,Regen,Bayern,49.047945,12.976462,2228
053700012012,Geilenkirchen,Stadt,52511,Heinsberg,Nordrhein-Westfalen,50.964538,6.119722,28494
071415003045,Geilnau,,56379,Rhein-Lahn-Kreis,Rheinland-Pfalz,50.349537,7.926881,357
160635056032,Geisa,Stadt,36419,Wartburgkreis,Thüringen,50.716792,9.949835,4708
094719454454,Geisberger Forst,,,Bamberg,Bayern,49.891397,11.060625,0
096710119119,Geiselbach,,63826,Aschaffenburg,Bayern,50.122675,9.198109,2080
073405006012,Geiselberg,,67715,Südwestpfalz,Rheinland-Pfalz,49.327329,7.695681,779
092780123123,Geiselhöring,St,94333,Straubing-Bogen,Bayern,48.826135,12.393582,6964
096750127127,Geiselwind,M,96160,Kitzingen,Bayern,49.773441,10.470633,2633
091865156122,Geisenfeld,St,85290,Pfaffenhofen a.d.Ilm,Bayern,48.684143,11.612053,11563
160745007022,Geisenhain,,07646,Saale-Holzland-Kreis,Thüringen,50.834758,11.714883,178
092740134134,Geisenhausen,M,84144,Landshut,Bayern,48.474656,12.256905,7278
064390004004,Geisenheim,Hochschulstadt,65366,Rheingau-Taunus-Kreis,Hessen,49.983339,7.965681,11369
072355001030,Geisfeld,,54413,Trier-Saarburg,Rheinland-Pfalz,49.715399,6.957005,473
071415010046,Geisig,,56357,Rhein-Lahn-Kreis,Rheinland-Pfalz,50.255338,7.790852,367
083275003018,Geisingen,Stadt,78187,Tuttlingen,Baden-Württemberg,47.922537,8.650319,6225
160615009034,Geisleden,,37308,Eichsfeld,Thüringen,51.351586,10.196683,985
084175002022,Geislingen,Stadt,72351,Zollernalbkreis,Baden-Württemberg,48.287956,8.811353,5870
081175004024,Geislingen an der Steige,Stadt,73312,Göppingen,Baden-Württemberg,48.623045,9.835836,27791
160615014035,Geismar,,37308,Eichsfeld,Thüringen,51.231232,10.166646,1045
147290150150,Geithain,Stadt,04643,Leipzig,Sachsen,51.05415,12.695256,6870
130725260032,Gelbensande,,18182,Landkreis Rostock,Mecklenburg-Vorpommern,54.202135,12.302493,1828
096795644135,Gelchsheim,M,97255,Würzburg,Bayern,49.572998,10.020985,853
051540012012,Geldern,Stadt,47608,Kleve,Nordrhein-Westfalen,51.517533,6.323569,34962
096780132132,Geldersheim,,97505,Schweinfurt,Bayern,50.041966,10.154551,2524
145210200200,Gelenau/Erzgeb.,,09423,Erzgebirgskreis,Sachsen,50.711352,12.966024,4039
072335004212,Gelenberg,,53539,Vulkaneifel,Rheinland-Pfalz,50.290773,6.863228,85
064350010010,"Gelnhausen, Barbarossastadt",Kreisstadt,63571,Main-Kinzig-Kreis,Hessen,50.203103,9.191488,23290
055130000000,Gelsenkirchen,Stadt,45879,Gelsenkirchen,Nordrhein-Westfalen,51.510892,7.096064,267930
091810122122,Geltendorf,,82269,Landsberg am Lech,Bayern,48.121517,11.028417,5817
010595990112,Gelting,,24395,Schleswig-Flensburg,Schleswig-Holstein,54.746312,9.89717,2311
010595915032,Geltorf,,24884,Schleswig-Flensburg,Schleswig-Holstein,54.46324,9.612616,356
070009999999,Gemeinsames deutsch-luxemburgisches Hoheitsgebiet,,,,Rheinland-Pfalz,0.0,0.0,0
071415007047,Gemmerich,,56357,Rhein-Lahn-Kreis,Rheinland-Pfalz,50.228035,7.755509,552
081255004034,Gemmingen,,75050,Heilbronn,Baden-Württemberg,49.156795,8.982537,5593
081185001018,Gemmrigheim,,74376,Ludwigsburg,Baden-Württemberg,49.027251,9.154976,4620
072325005041,Gemünd,,54673,Eifelkreis Bitburg-Prüm,Rheinland-Pfalz,49.988714,6.160907,38
071405004041,Gemünden,,55490,Rhein-Hunsrück-Kreis,Rheinland-Pfalz,49.895912,7.480598,1300
071435009224,Gemünden,,56459,Westerwaldkreis,Rheinland-Pfalz,50.558252,8.017153,1021
065350005005,Gemünden (Felda),,35329,Vogelsbergkreis,Hessen,50.680649,9.037306,2646
066350012012,Gemünden (Wohra),Stadt,35285,Waldeck-Frankenberg,Hessen,50.971221,8.969926,3606
096770131131,Gemünden a.Main,St,97737,Main-Spessart,Bayern,50.051307,9.700757,10098
097795725149,Genderkingen,,86682,Donau-Ries,Bayern,48.707762,10.879082,1183
083175003034,Gengenbach,Stadt,77723,Ortenaukreis,Baden-Württemberg,48.405617,8.013343,11081
073395008021,Gensingen,,55457,Mainz-Bingen,Rheinland-Pfalz,49.895634,7.926739,3889
150860040040,Genthin,Stadt,39307,Jerichower Land,Sachsen-Anhalt,52.405987,12.154669,13416
072325005042,Gentingen,,54675,Eifelkreis Bitburg-Prüm,Rheinland-Pfalz,49.902228,6.236909,98
093745331123,Georgenberg,,92697,Neustadt a.d.Waldnaab,Bayern,49.702543,12.420471,1272
095760121121,Georgensgmünd,,91166,Roth,Bayern,49.188088,11.013793,6907
160675054092,Georgenthal,,99887,Gotha,Thüringen,50.830795,10.65906,7824
034565402005,Georgsdorf,,49828,Grafschaft Bentheim,Niedersachsen,52.5707,7.070904,1266
034590019019,Georgsmarienhütte,Stadt,49124,Osnabrück,Niedersachsen,52.206154,8.03415,31244
160520000000,Gera,Stadt,07545,Gera,Thüringen,50.876147,12.080429,95608
081275004032,Gerabronn,Stadt,74582,Schwäbisch Hall,Baden-Württemberg,49.251834,9.922672,4451
071345005028,Gerach,,55743,Birkenfeld,Rheinland-Pfalz,49.752587,7.340646,248
094715401133,Gerach,,96161,Bamberg,Bayern,50.032443,10.805711,1041
160700057057,Geratal,,99330,Ilm-Kreis,Thüringen,50.748323,10.812573,8504
092775240122,Geratskirchen,,84552,Rottal-Inn,Bayern,48.337529,12.663337,858
073335007025,Gerbach,,67813,Donnersbergkreis,Rheinland-Pfalz,49.673724,7.870869,498
160615008036,Gerbershausen,,37318,Eichsfeld,Thüringen,51.33692,9.9847,603
096790136136,Gerbrunn,,97218,Würzburg,Bayern,49.778601,9.982932,6493
150870165165,Gerbstedt,Stadt,06347,Mansfeld-Südharz,Sachsen-Anhalt,51.633084,11.625691,6601
033605405009,Gerdau,,29581,Uelzen,Niedersachsen,52.967698,10.419084,1399
120705006096,Gerdshagen,,16928,Prignitz,Brandenburg,53.244381,12.198549,445
091730126126,Geretsried,St,82538,Bad Tölz-Wolfratshausen,Bayern,47.856254,11.482265,25997
073355001011,Gerhardsbrunn,,66894,Kaiserslautern,Rheinland-Pfalz,49.355605,7.521966,161
095755522125,Gerhardshofen,,91466,Neustadt a.d.Aisch-Bad Windsheim,Bayern,49.630671,10.691437,2534
071375002029,Gering,,56751,Mayen-Koblenz,Rheinland-Pfalz,50.273774,7.262053,414
145220190190,Geringswalde,Stadt,09326,Mittelsachsen,Sachsen,51.076992,12.903355,4066
081180019019,Gerlingen,Stadt,70839,Ludwigsburg,Baden-Württemberg,48.800587,9.062047,18392
097770130130,Germaringen,,87656,Ostallgäu,Bayern,47.921672,10.667839,3860
091790123123,Germering,GKSt,82110,Fürstenfeldbruck,Bayern,48.130916,11.364874,40916
073340007007,Germersheim,Stadt,76726,Germersheim,Rheinland-Pfalz,49.21765,8.374177,21715
160615006037,Gernrode,,37339,Eichsfeld,Thüringen,51.395049,10.400524,1460
082165004017,Gernsbach,Stadt,76593,Rastatt,Baden-Württemberg,48.763758,8.337715,14405
064330004004,Gernsheim,Schöfferstadt,64579,Groß-Gerau,Hessen,49.752294,8.493249,10685
096725606126,Geroda,M,97779,Bad Kissingen,Bayern,50.279954,9.893743,796
160755011029,Geroda,,07819,Saale-Orla-Kreis,Thüringen,50.76838,11.904766,221
094750128128,Geroldsgrün,,95179,Hof,Bayern,50.337252,11.594804,2596
096795650137,Geroldshausen,,97256,Würzburg,Bayern,49.684161,9.900551,1393
095715509154,Gerolfingen,,91726,Ansbach,Bayern,49.053038,10.510701,925
091860125125,Gerolsbach,,85302,Pfaffenhofen a.d.Ilm,Bayern,48.494154,11.359714,3836
073325007021,Gerolsheim,,67229,Bad Dürkheim,Rheinland-Pfalz,49.547125,8.262651,1826
072335006026,Gerolstein,Stadt,54568,Vulkaneifel,Rheinland-Pfalz,50.221958,6.659875,7210
096785642134,Gerolzhofen,St,97447,Schweinfurt,Bayern,49.899878,10.350935,6767
145240070070,Gersdorf,,09355,Zwickau,Sachsen,50.757804,12.70763,3659
066310010010,Gersfeld (Rhön),Stadt,36129,Fulda,Hessen,50.45036,9.920598,5352
100450113113,Gersheim,,66453,Saarpfalz-Kreis,Saarland,49.147023,7.21001,6232
034545405015,Gersten,,49838,Emsland,Niedersachsen,52.571887,7.495371,1184
160775004007,Gerstenberg,,04617,Altenburger Land,Thüringen,51.032184,12.438619,462
160635056033,Gerstengrund,,36419,Wartburgkreis,Thüringen,50.701184,10.050555,67
081350015015,Gerstetten,,89547,Heidenheim,Baden-Württemberg,48.622994,10.018422,11551
097720147147,Gersthofen,St,86368,Augsburg,Bayern,48.424752,10.87901,23427
160630097097,Gerstungen,,99834,Wartburgkreis,Thüringen,50.968063,10.075877,8884
120735305201,Gerswalde,,17268,Uckermark,Brandenburg,53.170698,13.747927,1468
160755005031,Gertewitz,,07389,Saale-Orla-Kreis,Thüringen,50.680752,11.642483,130
092745223135,Gerzen,,84175,Landshut,Bayern,48.506541,12.428043,1878
095729456456,Geschaidt,,,Erlangen-Höchstadt,Bayern,49.518791,11.164632,0
010605086024,Geschendorf,,23815,Segeberg,Schleswig-Holstein,53.921999,10.441563,544
055540016016,Gescher,Glockenstadt,48712,Borken,Nordrhein-Westfalen,51.955894,7.005391,17433
094725414140,Gesees,,95494,Bayreuth,Bayern,49.899555,11.537687,1251
059740020020,Geseke,Stadt,59590,Soest,Nordrhein-Westfalen,51.640122,8.508216,20930
095715501155,Geslau,,91608,Ansbach,Bayern,49.365617,10.310404,1389
097725708148,Gessertshausen,,86459,Augsburg,Bayern,48.331324,10.733868,4450
097765737112,Gestratz,,88167,Lindau (Bodensee),Bayern,47.647887,9.98642,1307
034565404006,Getelo,,49843,Grafschaft Bentheim,Niedersachsen,52.469548,6.841933,494
010585824058,Gettorf,,24214,Rendsburg-Eckernförde,Schleswig-Holstein,54.407632,9.973495,7540
059540012012,Gevelsberg,Stadt,58285,Ennepe-Ruhr-Kreis,Nordrhein-Westfalen,51.324271,7.337464,30006
071355003034,Gevenich,,56825,Cochem-Zell,Rheinland-Pfalz,50.153309,7.085695,700
031545402006,Gevensleben,,38384,Helmstedt,Niedersachsen,52.07727,10.822148,605
145215110210,Geyer,Stadt,09468,Erzgebirgskreis,Sachsen,50.623705,12.924195,3255
031519501501,Giebel,gemfr. Gebiet,,Gifhorn,Niedersachsen,52.514867,10.924456,0
096795648138,Giebelstadt,M,97232,Würzburg,Bayern,49.653361,9.947387,5617
031595402014,Gieboldehausen,Flecken,37434,Göttingen,Niedersachsen,51.610816,10.214772,3750
010575727021,Giekau,,24321,Plön,Schleswig-Holstein,54.317441,10.506159,942
071325010040,Gieleroth,,57610,Altenkirchen (Westerwald),Rheinland-Pfalz,50.667034,7.680652,676
072315006035,Gielert,,54424,Bernkastel-Wittlich,Rheinland-Pfalz,49.77501,7.003818,132
130715153039,Gielow,,17139,Mecklenburgische Seenplatte,Mecklenburg-Vorpommern,53.696542,12.74792,1056
081355001016,Giengen an der Brenz,Stadt,89537,Heidenheim,Baden-Württemberg,48.623783,10.24167,19967
071375002030,Gierschnach,,56294,Mayen-Koblenz,Rheinland-Pfalz,50.262907,7.348592,272
071325010041,Giershausen,,57632,Altenkirchen (Westerwald),Rheinland-Pfalz,50.680992,7.545229,101
150895052130,Giersleben,,06449,Salzlandkreis,Sachsen-Anhalt,51.763973,11.562105,926
160675012026,Gierstädt,,99100,Gotha,Thüringen,51.043617,10.827866,811
072325006224,Giesdorf,,54614,Eifelkreis Bitburg-Prüm,Rheinland-Pfalz,50.178935,6.449752,115
032540017017,Giesen,,31180,Hildesheim,Niedersachsen,52.195149,9.892277,9382
071435002225,Giesenhausen,,57612,Westerwaldkreis,Rheinland-Pfalz,50.701819,7.718675,332
010535358033,Giesensdorf,,23909,Herzogtum Lauenburg,Schleswig-Holstein,53.688273,10.713651,170
065310005005,Gießen,Universitätsstadt,35390,Gießen,Hessen,50.586195,8.674877,89179
031510009009,Gifhorn,Stadt,38518,Gifhorn,Niedersachsen,52.484369,10.54687,42726
091880121121,Gilching,,82205,Starnberg,Bayern,48.104111,11.288194,19062
071355003035,Gillenbeuren,,56825,Cochem-Zell,Rheinland-Pfalz,50.155144,7.018704,254
072335001027,Gillenfeld,,54558,Vulkaneifel,Rheinland-Pfalz,50.127433,6.905652,1370
066340006006,Gilserberg,,34630,Schwalm-Eder-Kreis,Hessen,50.952165,9.06101,2859
033585403010,Gilten,,29690,Heidekreis,Niedersachsen,52.706176,9.571926,1239
072325005225,Gilzem,,54298,Eifelkreis Bitburg-Prüm,Rheinland-Pfalz,49.868413,6.519413,443
073315002034,Gimbsheim,,67578,Alzey-Worms,Rheinland-Pfalz,49.779088,8.375592,3113
071345002029,Gimbweiler,,55767,Birkenfeld,Rheinland-Pfalz,49.585436,7.190965,396
072325008043,Gindorf,,54657,Eifelkreis Bitburg-Prüm,Rheinland-Pfalz,50.01159,6.646126,312
081175006025,Gingen an der Fils,,73333,Göppingen,Baden-Württemberg,48.65686,9.779621,4441
130735362028,Gingst,,18569,Vorpommern-Rügen,Mecklenburg-Vorpommern,54.456954,13.259199,1241
064330005005,Ginsheim-Gustavsburg,Stadt,65462,Groß-Gerau,Hessen,49.966981,8.345195,16488
073365008029,Ginsweiler,,67742,Kusel,Rheinland-Pfalz,49.652768,7.647781,267
072315008036,Gipperath,,54533,Bernkastel-Wittlich,Rheinland-Pfalz,50.039567,6.861821,231
071435009226,Girkenroth,,56459,Westerwaldkreis,Rheinland-Pfalz,50.5208,7.969091,607
071435004021,Girod,,56412,Westerwaldkreis,Rheinland-Pfalz,50.450715,7.910898,1211
072315008037,Gladbach,,54518,Bernkastel-Wittlich,Rheinland-Pfalz,49.936425,6.768882,370
055620014014,Gladbeck,Stadt,45964,Recklinghausen,Nordrhein-Westfalen,51.573424,6.992723,75499
065340010010,Gladenbach,Stadt,35075,Marburg-Biedenkopf,Hessen,50.769827,8.581836,12415
073365009031,Glan-Münchweiler,,66907,Kusel,Rheinland-Pfalz,49.472149,7.440223,1141
073365008030,Glanbrücken,,66887,Kusel,Rheinland-Pfalz,49.61327,7.527457,472
034590034034,Glandorf,,49219,Osnabrück,Niedersachsen,52.082219,8.001805,6483
010605086025,Glasau,,23719,Segeberg,Schleswig-Holstein,54.056669,10.516777,813
130725255033,Glasewitz,,18276,Landkreis Rostock,Mecklenburg-Vorpommern,53.820216,12.283503,412
146280130130,Glashütte,Stadt,01768,Sächsische Schweiz-Osterzgebirge,Sachsen,50.851929,13.781215,6414
064340003003,Glashütten,,61479,Hochtaunuskreis,Hessen,50.215925,8.402503,5311
094725413141,Glashütten,,95496,Bayreuth,Bayern,49.890901,11.448864,1284
094729456456,Glashüttener Forst,,,Bayreuth,Bayern,49.8743,11.461054,0
130745457023,Glasin,,23992,Nordwestmecklenburg,Mecklenburg-Vorpommern,53.911906,11.737231,799
130755556035,Glasow,,17322,Vorpommern-Greifswald,Mecklenburg-Vorpommern,53.378091,14.272893,141
096710120120,Glattbach,,63864,Aschaffenburg,Bayern,50.007221,9.149913,3186
082375001030,Glatten,,72293,Freudenstadt,Baden-Württemberg,48.443793,8.51346,2531
146275225040,Glaubitz,,01612,Meißen,Sachsen,51.324914,13.378093,1886
064400010010,Glauburg,,63695,Wetteraukreis,Hessen,50.324623,9.017487,3018
145240080080,"Glauchau, Stadt",Hochschulstadt,08371,Zwickau,Sachsen,50.817863,12.542352,21442
071315004205,Glees,,56653,Ahrweiler,Rheinland-Pfalz,50.433358,7.243155,561
031590015015,Gleichen,,37130,Göttingen,Niedersachsen,51.46877,9.980599,8663
150845053150,Gleina,,06632,Burgenlandkreis,Sachsen-Anhalt,51.257708,11.720892,1140
093765339131,Gleiritsch,,92723,Schwandorf,Bayern,49.499148,12.313455,629
093725312128,Gleißenberg,,93477,Cham,Bayern,49.317058,12.740713,796
073375003028,Gleisweiler,,76835,Südliche Weinstraße,Rheinland-Pfalz,49.242242,8.067564,592
073375002029,Gleiszellen-Gleishorbach,,76889,Südliche Weinstraße,Rheinland-Pfalz,49.125009,8.004089,766
130735355029,Glewitz,,18513,Vorpommern-Rügen,Mecklenburg-Vorpommern,54.019865,12.931712,526
120650096096,Glienicke/Nordbahn,,16548,Oberhavel,Brandenburg,52.630739,13.314719,12159
010620018018,Glinde,Stadt,21509,Stormarn,Schleswig-Holstein,53.540087,10.211314,18681
091755114121,Glonn,M,85625,Ebersberg,Bayern,47.987123,11.867322,5085
083155013041,Glottertal,,79286,Breisgau-Hochschwarzwald,Baden-Württemberg,48.049481,7.936459,3225
130735359030,Glowe,Ostseebad,18551,Vorpommern-Rügen,Mecklenburg-Vorpommern,54.56972,13.471503,977
097735719133,Glött,,89353,Dillingen a.d.Donau,Bayern,48.499951,10.484402,1103
010590113113,Glücksburg (Ostsee),Stadt,24960,Schleswig-Flensburg,Schleswig-Holstein,54.836858,9.550997,6306
010610029029,Glückstadt,Stadt,25348,Steinburg,Schleswig-Holstein,53.787808,9.423724,11410
010515169036,Glüsing,,25779,Dithmarschen,Schleswig-Holstein,54.274547,9.216421,110
091820116116,Gmund a.Tegernsee,,83703,Miesbach,Bayern,47.750896,11.738468,5813
033570016016,Gnarrenburg,,27442,Rotenburg (Wümme),Niedersachsen,53.3823,9.002998,9216
160745007024,Gneus,,07646,Saale-Holzland-Kreis,Thüringen,50.832402,11.689585,145
130765668044,Gneven,,19065,Ludwigslust-Parchim,Mecklenburg-Vorpommern,53.636352,11.566038,338
130715163041,Gnevkow,,17089,Mecklenburgische Seenplatte,Mecklenburg-Vorpommern,53.789515,13.168446,290
130725262034,Gnewitz,,18195,Landkreis Rostock,Mecklenburg-Vorpommern,54.077747,12.513091,268
130725254035,Gnoien,Warbelstadt,17179,Landkreis Rostock,Mecklenburg-Vorpommern,53.968941,12.710326,2703
095775536133,Gnotzheim,M,91728,Weißenburg-Gunzenhausen,Bayern,49.059888,10.71384,815
010585864059,Gnutz,,24622,Rendsburg-Eckernförde,Schleswig-Holstein,54.13533,9.823515,1194
051540016016,Goch,Stadt,47574,Kleve,Nordrhein-Westfalen,51.674645,6.158868,34907
096780135135,Gochsheim,,97469,Schweinfurt,Bayern,50.019951,10.282762,6093
071435007022,Goddert,,56244,Westerwaldkreis,Rheinland-Pfalz,50.548259,7.744725,444
130715156042,Godendorf,,17237,Mecklenburgische Seenplatte,Mecklenburg-Vorpommern,53.2573,13.15505,242
146285219140,Gohrisch,,01824,Sächsische Schweiz-Osterzgebirge,Sachsen,50.91015,14.108678,1744
010585895061,Gokels,,25557,Rendsburg-Eckernförde,Schleswig-Holstein,54.112001,9.468744,594
130715163044,Golchen,,17089,Mecklenburgische Seenplatte,Mecklenburg-Vorpommern,53.791143,13.278779,269
096710121121,Goldbach,M,63773,Aschaffenburg,Bayern,49.997821,9.183308,9857
150905051180,Goldbeck,,39596,Stendal,Sachsen-Anhalt,52.717293,11.862559,1350
130765656048,Goldberg,Stadt,19399,Ludwigslust-Parchim,Mecklenburg-Vorpommern,53.591077,12.089118,3236
010545494037,Goldebek,,25862,Nordfriesland,Schleswig-Holstein,54.678836,9.145818,381
010545494038,Goldelund,,25862,Nordfriesland,Schleswig-Holstein,54.678411,9.107425,423
034600004004,Goldenstedt,,49424,Vechta,Niedersachsen,52.787669,8.430766,10313
160725051006,Goldisthal,,98746,Sonneberg,Thüringen,50.518655,11.003935,336
094720143143,Goldkronach,St,95497,Bayreuth,Bayern,50.010871,11.686917,3451
071345002031,Gollenberg,,55767,Birkenfeld,Rheinland-Pfalz,49.672666,7.15922,124
120635309094,Gollenberg,,14728,Havelland,Brandenburg,52.754595,12.375881,394
095755519127,Gollhofen,,97258,Neustadt a.d.Aisch-Bad Windsheim,Bayern,49.570716,10.192689,883
032555401015,Golmbach,,37640,Holzminden,Niedersachsen,51.900375,9.545419,886
160745015026,Golmsdorf,,07751,Saale-Holzland-Kreis,Thüringen,50.972545,11.668406,707
120615114164,Golßen,Stadt,15938,Dahme-Spreewald,Brandenburg,51.970422,13.602979,2458
120645404172,Golzow,,15328,Märkisch-Oderland,Brandenburg,52.573968,14.493029,816
120695904216,Golzow,,14778,Potsdam-Mittelmark,Brandenburg,52.278452,12.605916,1372
084155003027,Gomadingen,,72532,Reutlingen,Baden-Württemberg,48.401333,9.386957,2200
084165001015,Gomaringen,,72810,Tübingen,Baden-Württemberg,48.452476,9.096513,9080
150860055055,Gommern,Stadt,39245,Jerichower Land,Sachsen-Anhalt,52.073221,11.825518,10090
073375003032,Gommersheim,,67377,Südliche Weinstraße,Rheinland-Pfalz,49.290626,8.264281,1580
073335006027,Gonbach,,67724,Donnersbergkreis,Rheinland-Pfalz,49.547874,7.906153,497
082155002025,Gondelsheim,,75053,Karlsruhe,Baden-Württemberg,49.05879,8.657949,4172
072325006227,Gondenbrett,,54595,Eifelkreis Bitburg-Prüm,Rheinland-Pfalz,50.237107,6.416174,479
071405009043,Gondershausen,,56283,Rhein-Hunsrück-Kreis,Rheinland-Pfalz,50.160728,7.496868,1315
072325008044,Gondorf,,54647,Eifelkreis Bitburg-Prüm,Rheinland-Pfalz,49.96949,6.618289,261
010585893102,Goosefeld,,24340,Rendsburg-Eckernförde,Schleswig-Holstein,54.429737,9.815036,721
120625207177,Gorden-Staupitz,,03238,Elbe-Elster,Brandenburg,51.534994,13.623827,929
033545403007,Gorleben,,29475,Lüchow-Dannenberg,Niedersachsen,53.048304,11.356745,614
130765657049,Gorlosen,,19294,Ludwigslust-Parchim,Mecklenburg-Vorpommern,53.185667,11.460874,441
145215138220,Gornau/Erzgeb.,,09405,Erzgebirgskreis,Sachsen,50.760222,13.030181,3686
072315001040,Gornhausen,,54472,Bernkastel-Wittlich,Rheinland-Pfalz,49.859943,7.046748,197
145215103230,Gornsdorf,,09390,Erzgebirgskreis,Sachsen,50.708997,12.885072,1903
064310008008,Gorxheimertal,,69517,Bergstraße,Hessen,49.530895,8.732527,4178
150845053170,Goseck,,06667,Burgenlandkreis,Sachsen-Anhalt,51.19643,11.870477,986
120675709173,Gosen-Neu Zittau,,15537,Oder-Spree,Brandenburg,52.388631,13.741699,3226
083275002019,Gosheim,,78559,Tuttlingen,Baden-Württemberg,48.135752,8.752701,3720
031530017017,Goslar,Stadt,38640,Goslar,Niedersachsen,51.906508,10.429312,47419
073375001033,Gossersweiler-Stein,,76857,Südliche Weinstraße,Rheinland-Pfalz,49.162934,7.927631,1393
160670029029,Gotha,Stadt,99867,Gotha,Thüringen,50.948759,10.70337,46400
083155009043,Gottenheim,,79288,Breisgau-Hochschwarzwald,Baden-Württemberg,48.050063,7.728669,3156
130745455024,Gottesgabe,,19209,Nordwestmecklenburg,Mecklenburg-Vorpommern,53.631272,11.246323,750
092765238123,Gotteszell,,94239,Regen,Bayern,48.962396,12.966996,1148
092795208116,Gottfrieding,,84177,Dingolfing-Landau,Bayern,48.638968,12.536224,2629
130715159045,Gotthun,,17207,Mecklenburgische Seenplatte,Mecklenburg-Vorpommern,53.415402,12.589858,308
083355002028,Gottmadingen,,78244,Konstanz,Baden-Württemberg,47.735149,8.777019,10871
072315001041,Graach an der Mosel,,54470,Bernkastel-Wittlich,Rheinland-Pfalz,49.935493,7.064328,625
130720036036,Graal-Müritz,Ostseeheilbad,18181,Landkreis Rostock,Mecklenburg-Vorpommern,54.250884,12.23808,4141
010535373036,Grabau,,21493,Herzogtum Lauenburg,Schleswig-Holstein,53.513609,10.519825,358
010625207019,Grabau,,23845,Stormarn,Schleswig-Holstein,53.804138,10.274484,755
097720149149,Graben,,86836,Augsburg,Bayern,48.188776,10.822428,4038
082155004099,Graben-Neudorf,,76676,Karlsruhe,Baden-Württemberg,49.172696,8.496271,12453
084155005028,Grabenstetten,,72582,Reutlingen,Baden-Württemberg,48.523681,9.461456,1726
091890119119,Grabenstätt,,83355,Traunstein,Bayern,47.842655,12.541638,4324
160660094094,Grabfeld,,98631,Schmalkalden-Meiningen,Thüringen,50.453922,10.437103,5425
130765657050,Grabow,Stadt,19300,Ludwigslust-Parchim,Mecklenburg-Vorpommern,53.278844,11.564527,5422
130715160047,Grabowhöfe,,17194,Mecklenburgische Seenplatte,Mecklenburg-Vorpommern,53.569758,12.594231,1330
081155001054,Grafenau,,71120,Böblingen,Baden-Württemberg,48.711098,8.91395,6578
092720120120,Grafenau,St,94475,Freyung-Grafenau,Bayern,48.85871,13.397607,8203
084155002029,Grafenberg,,72661,Reutlingen,Baden-Württemberg,48.566126,9.305273,2632
094775436117,Grafengehaig,M,95356,Kulmbach,Bayern,50.204046,11.59313,847
083375004039,Grafenhausen,,79865,Waldshut,Baden-Württemberg,47.772892,8.262034,2271
096780136136,Grafenrheinfeld,,97506,Schweinfurt,Bayern,50.002934,10.198374,3435
093720130130,Grafenwiesen,,93479,Cham,Bayern,49.201738,12.880228,1543
093740124124,Grafenwöhr,St,92655,Neustadt a.d.Waldnaab,Bayern,49.720869,11.90618,6360
031545404007,Grafhorst,,38462,Helmstedt,Niedersachsen,52.444849,10.945085,1125
091750122122,Grafing b.München,St,85567,Ebersberg,Bayern,48.045389,11.966103,13942
092710122122,Grafling,,94539,Deggendorf,Bayern,48.894539,12.97438,2707
091795132125,Grafrath,,82284,Fürstenfeldbruck,Bayern,48.123574,11.164399,3885
071310090090,Grafschaft,,53501,Ahrweiler,Rheinland-Pfalz,50.571734,7.096534,10817
091800118118,Grainau,,82491,Garmisch-Partenkirchen,Bayern,47.470838,11.026832,3564
092720121121,Grainet,,94143,Freyung-Grafenau,Bayern,48.795987,13.654265,2445
092729453453,Graineter Wald,,,Freyung-Grafenau,Bayern,48.817889,13.69078,0
160745051028,Graitschen b. Bürgel,,07616,Saale-Holzland-Kreis,Thüringen,50.958231,11.721081,384
010535313037,Grambek,,23883,Herzogtum Lauenburg,Schleswig-Holstein,53.574025,10.68068,575
130755552037,Grambin,,17375,Vorpommern-Greifswald,Mecklenburg-Vorpommern,53.756939,14.01457,428
130745455025,Grambow,,19071,Nordwestmecklenburg,Mecklenburg-Vorpommern,53.620815,11.276599,647
130755556038,Grambow,,17322,Vorpommern-Greifswald,Mecklenburg-Vorpommern,53.414224,14.335098,877
130735360032,Grammendorf,,18513,Vorpommern-Rügen,Mecklenburg-Vorpommern,54.033808,12.879109,504
130715162048,Grammentin,,17153,Mecklenburgische Seenplatte,Mecklenburg-Vorpommern,53.757057,12.897725,230
160710103103,Grammetal,,99428,Weimarer Land,Thüringen,50.958681,11.2212,6437
130725262037,Grammow,,18195,Landkreis Rostock,Mecklenburg-Vorpommern,54.047375,12.629521,164
096799451451,Gramschatzer Wald,,,Würzburg,Bayern,49.90172,9.953369,0
120735306225,Gramzow,,17291,Uckermark,Brandenburg,53.21073,14.004588,1728
010625270020,Grande,,22946,Stormarn,Schleswig-Holstein,53.58,10.386682,700
072325008228,Gransdorf,,54533,Eifelkreis Bitburg-Prüm,Rheinland-Pfalz,50.016162,6.689936,364
130735360033,Gransebieth,,18513,Vorpommern-Rügen,Mecklenburg-Vorpommern,54.064848,12.882628,512
120655502100,Gransee,Stadt,16775,Oberhavel,Brandenburg,53.00684,13.158105,5868
130765655051,Granzin,,19386,Ludwigslust-Parchim,Mecklenburg-Vorpommern,53.502834,11.943789,360
130715163049,Grapzow,,17089,Mecklenburgische Seenplatte,Mecklenburg-Vorpommern,53.713538,13.292323,343
033560002002,Grasberg,,28879,Osterholz,Niedersachsen,53.180531,8.983753,7714
091840121121,Grasbrunn,,85630,München,Bayern,48.079074,11.743559,6581
064310009009,Grasellenbach,,64689,Bergstraße,Hessen,49.630273,8.860779,3982
031545401008,Grasleben,,38368,Helmstedt,Niedersachsen,52.306136,11.013922,2316
091890120120,Grassau,M,83219,Traunstein,Bayern,47.779403,12.451147,6910
092715202123,Grattersdorf,,94541,Deggendorf,Bayern,48.803644,13.15342,1356
010585895062,Grauel,,24594,Rendsburg-Eckernförde,Schleswig-Holstein,54.070198,9.674147,265
065350006006,Grebenau,Stadt,36323,Vogelsbergkreis,Hessen,50.743167,9.474834,2273
065350007007,Grebenhain,,36355,Vogelsbergkreis,Hessen,50.488683,9.334831,4436
066330010010,Grebenstein,Stadt,34393,Kassel,Hessen,51.446845,9.414625,5358
010575739022,Grebin,,24329,Plön,Schleswig-Holstein,54.195932,10.494272,959
130765654053,Grebs-Niendorf,,19294,Ludwigslust-Parchim,Mecklenburg-Vorpommern,53.241086,11.318115,538
095760122122,Greding,St,91171,Roth,Bayern,49.046413,11.353332,7154
051660008008,Grefrath,Sport- und Freizeitgemeinde,47929,Viersen,Nordrhein-Westfalen,51.336498,6.342117,15117
091815143123,Greifenberg,,86926,Landsberg am Lech,Bayern,48.07061,11.083385,2187
065320010010,Greifenstein,,35753,Lahn-Dill-Kreis,Hessen,50.62267,8.291417,6560
130750039039,Greifswald,Universitäts- und Hansestadt,17489,Vorpommern-Greifswald,Mecklenburg-Vorpommern,54.09581,13.379627,56092
091735109127,Greiling,,83677,Bad Tölz-Wolfratshausen,Bayern,47.76297,11.608942,1463
072315008044,Greimerath,,54533,Bernkastel-Wittlich,Rheinland-Pfalz,50.04064,6.909056,284
072355008033,Greimerath,,54314,Trier-Saarburg,Rheinland-Pfalz,49.562706,6.681385,962
071355001036,Greimersburg,,56814,Cochem-Zell,Rheinland-Pfalz,50.184828,7.142134,712
160760022022,Greiz,Stadt,07973,Greiz,Thüringen,50.654739,12.201545,19766
010555543015,Gremersdorf,,23758,Ostholstein,Schleswig-Holstein,54.332831,10.927673,1605
130735355034,Gremersdorf-Buchholz,,18461,Vorpommern-Rügen,Mecklenburg-Vorpommern,54.109446,12.870873,583
095725510126,Gremsdorf,,91350,Erlangen-Höchstadt,Bayern,49.69657,10.833743,1634
071355005037,Grenderich,,56858,Cochem-Zell,Rheinland-Pfalz,50.066054,7.229186,389
083360105105,Grenzach-Wyhlen,,79639,Lörrach,Baden-Württemberg,47.553081,7.658946,15476
130765652054,Gresse,,19258,Ludwigslust-Parchim,Mecklenburg-Vorpommern,53.430286,10.745801,619
033585401011,Grethem,,29690,Heidekreis,Niedersachsen,52.724259,9.579109,652
096780138138,Grettstadt,,97508,Schweinfurt,Bayern,49.984825,10.311893,4251
160650089089,Greußen,Stadt,99718,Kyffhäuserkreis,Thüringen,51.228102,10.944013,5544
096795655141,Greußenheim,,97259,Würzburg,Bayern,49.814012,9.765505,1624
055660012012,Greven,Stadt,48268,Steinfurt,Nordrhein-Westfalen,52.092652,7.613202,38212
130765652055,Greven,,19258,Ludwigslust-Parchim,Mecklenburg-Vorpommern,53.478608,10.802258,803
051620008008,Grevenbroich,Stadt,41515,Rhein-Kreis Neuss,Nordrhein-Westfalen,51.091192,6.583331,65983
010615153030,Grevenkop,,25361,Steinburg,Schleswig-Holstein,53.842102,9.532891,337
010585889063,Grevenkrug,,24241,Rendsburg-Eckernförde,Schleswig-Holstein,54.212982,10.01044,218
130740026026,Grevesmühlen,Stadt,23936,Nordwestmecklenburg,Mecklenburg-Vorpommern,53.864458,11.184913,10167
010615168031,Gribbohm,,25596,Steinburg,Schleswig-Holstein,54.027149,9.347706,399
130755563040,Gribow,,17506,Vorpommern-Greifswald,Mecklenburg-Vorpommern,53.947426,13.489066,136
071345005032,Griebelschied,,55608,Birkenfeld,Rheinland-Pfalz,49.799583,7.400713,170
130745459027,Grieben,,23936,Nordwestmecklenburg,Mecklenburg-Vorpommern,53.840985,11.047407,157
160685005015,Griefstedt,,99638,Sömmerda,Thüringen,51.229687,11.130524,235
073365009032,Gries,,66903,Kusel,Rheinland-Pfalz,49.418642,7.400731,1053
064320008008,Griesheim,Stadt,64347,Darmstadt-Dieburg,Hessen,49.859176,8.552637,29309
084255005050,Griesingen,,89608,Alb-Donau-Kreis,Baden-Württemberg,48.266986,9.784023,1015
091870134134,Griesstätt,,83556,Rosenheim,Bayern,47.994125,12.178432,2823
072355001035,Grimburg,,54413,Trier-Saarburg,Rheinland-Pfalz,49.621197,6.884156,460
147290160160,Grimma,Stadt,04668,Leipzig,Sachsen,51.235476,12.72714,27529
160695002016,Grimmelshausen,,98660,Hildburghausen,Thüringen,50.480292,10.637541,163
130730035035,Grimmen,Stadt,18507,Vorpommern-Rügen,Mecklenburg-Vorpommern,54.113133,13.043192,9076
010535391038,Grinau,,23847,Herzogtum Lauenburg,Schleswig-Holstein,53.775447,10.549505,278
130715163050,Grischow,,17089,Mecklenburgische Seenplatte,Mecklenburg-Vorpommern,53.697674,13.33863,239
160755005039,Grobengereuth,,07389,Saale-Orla-Kreis,Thüringen,50.669276,11.668058,186
147290170170,Groitzsch,Stadt,04539,Leipzig,Sachsen,51.154307,12.281022,7442
073395008022,Grolsheim,,55459,Mainz-Bingen,Rheinland-Pfalz,49.909885,7.914483,1339
032545406043,Gronau (Leine),Stadt,31028,Hildesheim,Niedersachsen,52.084178,9.774244,10527
055540020020,Gronau (Westf.),Stadt,48599,Borken,Nordrhein-Westfalen,52.212285,7.019103,50547
034545407016,Groß Berßen,,49777,Emsland,Niedersachsen,52.775071,7.494905,709
010535391039,Groß Boden,,23847,Herzogtum Lauenburg,Schleswig-Holstein,53.752722,10.452871,204
010585889064,Groß Buchwald,,24582,Rendsburg-Eckernförde,Schleswig-Holstein,54.162947,10.085963,404
010535358040,Groß Disnack,,23911,Herzogtum Lauenburg,Schleswig-Holstein,53.741974,10.69059,84
146265237120,Groß Düben / Dźěwin,,02959,Görlitz,Sachsen,51.566559,14.567785,1031
130765662056,Groß Godems,,19372,Ludwigslust-Parchim,Mecklenburg-Vorpommern,53.363785,11.795175,382
010535358041,Groß Grönau,,23627,Herzogtum Lauenburg,Schleswig-Holstein,53.801387,10.750476,3795
034585401006,Groß Ippener,,27243,Oldenburg,Niedersachsen,52.959055,8.618161,1046
130715159053,Groß Kelle,,17207,Mecklenburgische Seenplatte,Mecklenburg-Vorpommern,53.405769,12.544226,110
130755563041,Groß Kiesow,,17495,Vorpommern-Greifswald,Mecklenburg-Vorpommern,54.012127,13.477075,1203
130735358036,Groß Kordshagen,,18442,Vorpommern-Rügen,Mecklenburg-Vorpommern,54.331634,12.840146,271
130765658057,Groß Krams,,19230,Ludwigslust-Parchim,Mecklenburg-Vorpommern,53.334137,11.266074,165
120690249249,Groß Kreutz (Havel),,14550,Potsdam-Mittelmark,Brandenburg,52.403684,12.776671,8838
010605063028,Groß Kummerfeld,,24626,Segeberg,Schleswig-Holstein,54.051077,10.073794,1955
120615108192,Groß Köris,,15746,Dahme-Spreewald,Brandenburg,52.159665,13.655728,2623
130765659058,Groß Laasch,,19288,Ludwigslust-Parchim,Mecklenburg-Vorpommern,53.346185,11.553194,926
120675701180,Groß Lindow,,15295,Oder-Spree,Brandenburg,52.235314,14.531031,1657
130755560042,Groß Luckow,,17337,Vorpommern-Greifswald,Mecklenburg-Vorpommern,53.535942,13.829375,185
033575405017,Groß Meckelsen,,27419,Rotenburg (Wümme),Niedersachsen,53.288323,9.447514,533
130715164054,Groß Miltzow,,17349,Mecklenburgische Seenplatte,Mecklenburg-Vorpommern,53.535637,13.594998,967
130735351037,Groß Mohrdorf,,18445,Vorpommern-Rügen,Mecklenburg-Vorpommern,54.389128,12.948373,773
130745458028,Groß Molzahn,,19217,Nordwestmecklenburg,Mecklenburg-Vorpommern,53.734527,10.86905,415
130715161055,Groß Nemerow,,17094,Mecklenburgische Seenplatte,Mecklenburg-Vorpommern,53.47317,13.224305,1099
010605053029,Groß Niendorf,,23816,Segeberg,Schleswig-Holstein,53.845975,10.245204,657
010565690016,Groß Nordende,,25436,Pinneberg,Schleswig-Holstein,53.70207,9.649515,796
031515407010,Groß Oesingen,,29393,Gifhorn,Niedersachsen,52.648088,10.462138,2071
010565660017,Groß Offenseth-Aspern,,25355,Pinneberg,Schleswig-Holstein,53.817783,9.73009,484
010535373042,Groß Pampau,,21493,Herzogtum Lauenburg,Schleswig-Holstein,53.521808,10.560301,187
120700125125,Groß Pankow (Prignitz),,16928,Prignitz,Brandenburg,53.118372,12.055363,3801
130715160056,Groß Plasten,,17192,Mecklenburgische Seenplatte,Mecklenburg-Vorpommern,53.544471,12.853673,1043
130755563043,Groß Polzin,,17390,Vorpommern-Greifswald,Mecklenburg-Vorpommern,53.894115,13.592577,370
150855051125,Groß Quenstedt,,38822,Harz,Sachsen-Anhalt,51.929351,11.111712,846
010595996035,Groß Rheide,,24872,Schleswig-Flensburg,Schleswig-Holstein,54.441211,9.438091,952
130725258038,Groß Roge,,17166,Landkreis Rostock,Mecklenburg-Vorpommern,53.779929,12.498591,578
010605086030,Groß Rönnau,,23795,Segeberg,Schleswig-Holstein,53.972406,10.311886,573
010535358043,Groß Sarau,,23627,Herzogtum Lauenburg,Schleswig-Holstein,53.771827,10.737415,1125
120715102153,Groß Schacksdorf-Simmersdorf,,03149,Spree-Neiße,Brandenburg,51.688001,14.633589,725
010535391044,Groß Schenkenberg,,23860,Herzogtum Lauenburg,Schleswig-Holstein,53.793492,10.56488,562
130725255039,Groß Schwiesow,,18276,Landkreis Rostock,Mecklenburg-Vorpommern,53.845417,12.0958,281
130745451030,Groß Stieten,,23972,Nordwestmecklenburg,Mecklenburg-Vorpommern,53.812366,11.4496,566
130715163057,Groß Teetzleben,,17091,Mecklenburgische Seenplatte,Mecklenburg-Vorpommern,53.647201,13.227867,645
031545404009,Groß Twülpstedt,,38464,Helmstedt,Niedersachsen,52.373685,10.919959,2790
010585864065,Groß Vollstedt,,24802,Rendsburg-Eckernförde,Schleswig-Holstein,54.234713,9.867712,966
010585890066,Groß Wittensee,,24361,Rendsburg-Eckernförde,Schleswig-Holstein,54.404606,9.769945,1305
130725258040,Groß Wokern,,17166,Landkreis Rostock,Mecklenburg-Vorpommern,53.748243,12.492998,1015
130725258041,Groß Wüstenfelde,,17168,Landkreis Rostock,Mecklenburg-Vorpommern,53.874202,12.549267,787
064320009009,Groß-Bieberau,Stadt,64401,Darmstadt-Dieburg,Hessen,49.801184,8.827307,4562
064330006006,Groß-Gerau,Stadt,64521,Groß-Gerau,Hessen,49.92162,8.482423,25388
064310010010,Groß-Rohrheim,,68649,Bergstraße,Hessen,49.718002,8.476234,3638
064320010010,Groß-Umstadt,Stadt,64823,Darmstadt-Dieburg,Hessen,49.867962,8.926007,21245
064320011011,Groß-Zimmern,,64846,Darmstadt-Dieburg,Hessen,49.87222,8.830208,14607
097725710151,Großaitingen,,86845,Augsburg,Bayern,48.228812,10.781536,5331
066360004004,Großalmerode,Stadt,37247,Werra-Meißner-Kreis,Hessen,51.257737,9.784493,6090
096735634126,Großbardorf,,97633,Rhön-Grabfeld,Bayern,50.268767,10.36886,931
010575747023,Großbarkau,,24245,Plön,Schleswig-Holstein,54.225363,10.169008,258
160615013041,Großbartloff,,37359,Eichsfeld,Thüringen,51.249648,10.21063,890
120720120120,Großbeeren,,14979,Teltow-Fläming,Brandenburg,52.353582,13.307172,9344
081165005022,Großbettlingen,,72663,Esslingen,Baden-Württemberg,48.590744,9.30894,4225
160745007029,Großbockedra,,07646,Saale-Holzland-Kreis,Thüringen,50.843926,11.656934,154
081180021021,Großbottwar,Stadt,71723,Ludwigsburg,Baden-Württemberg,48.999692,9.292335,8005
160700058058,Großbreitenbach,Stadt,98701,Ilm-Kreis,Thüringen,50.584346,11.013059,5884
073405008209,Großbundenbach,,66501,Südwestpfalz,Rheinland-Pfalz,49.306547,7.422611,320
120635309112,Großderschau,,16845,Havelland,Brandenburg,52.791655,12.369177,427
146250160160,Großdubrau / Wulka Dubrawa,,02694,Bautzen,Sachsen,51.255607,14.462673,4029
034520006006,Großefehn,,26629,Aurich,Niedersachsen,53.401328,7.603827,14029
096735640127,Großeibstadt,,97633,Rhön-Grabfeld,Bayern,50.300535,10.409736,1036
084175003023,Grosselfingen,,72415,Zollernalbkreis,Baden-Württemberg,48.332405,8.886681,2198
010605005027,Großenaspe,,24623,Segeberg,Schleswig-Holstein,53.975971,9.966933,3068
010555543017,Großenbrode,,23775,Ostholstein,Schleswig-Holstein,54.369696,11.08427,2202
146270060060,Großenhain,Stadt,01558,Meißen,Sachsen,51.292057,13.53055,18183
034580007007,Großenkneten,,26197,Oldenburg,Niedersachsen,52.944822,8.256473,15613
066310011011,Großenlüder,,36137,Fulda,Hessen,50.589482,9.540875,8714
010515163037,Großenrade,,25712,Dithmarschen,Schleswig-Holstein,54.02206,9.223435,468
010625270022,Großensee,,22946,Stormarn,Schleswig-Holstein,53.614238,10.34108,1807
095725539127,Großenseebach,,91091,Erlangen-Höchstadt,Bayern,49.631864,10.875794,2414
160765008023,Großenstein,,07580,Greiz,Thüringen,50.902019,12.196776,1169
010595952115,Großenwiehe,,24969,Schleswig-Flensburg,Schleswig-Holstein,54.705564,9.248649,3307
033595409019,Großenwörden,,21712,Stade,Niedersachsen,53.679436,9.258854,479
081195004024,Großerlach,,71577,Rems-Murr-Kreis,Baden-Württemberg,49.053922,9.516108,2752
160745011031,Großeutersdorf,,07768,Saale-Holzland-Kreis,Thüringen,50.789713,11.564449,263
160675012033,Großfahner,,99100,Gotha,Thüringen,51.055901,10.827053,844
073375003035,Großfischlingen,,67483,Südliche Weinstraße,Rheinland-Pfalz,49.268817,8.175008,603
095730115115,Großhabersdorf,,90613,Fürth,Bayern,49.40395,10.78977,4243
010620023023,Großhansdorf,,22927,Stormarn,Schleswig-Holstein,53.662547,10.285038,9469
010575785024,Großharrie,,24625,Plön,Schleswig-Holstein,54.119087,10.049861,501
146255211170,Großharthau,,01909,Bautzen,Sachsen,51.108564,14.106761,2952
145220200200,Großhartmannsdorf,,09618,Mittelsachsen,Sachsen,50.794271,13.318639,2359
034520007007,Großheide,,26532,Aurich,Niedersachsen,53.592272,7.343594,8275
094730132132,Großheirath,,96269,Coburg,Bayern,50.176979,10.949359,2554
160715051022,Großheringen,,99518,Weimarer Land,Thüringen,51.101883,11.665163,630
096760125125,Großheubach,M,63920,Miltenberg,Bayern,49.727262,9.221888,5013
071435004024,Großholbach,,56412,Westerwaldkreis,Rheinland-Pfalz,50.447761,7.893295,961
072325001229,Großkampenberg,,54619,Eifelkreis Bitburg-Prüm,Rheinland-Pfalz,50.158387,6.213611,141
073325007023,Großkarlbach,,67229,Bad Dürkheim,Rheinland-Pfalz,49.538761,8.223336,1144
091870137137,Großkarolinenfeld,,83109,Rosenheim,Bayern,47.89094,12.080829,7387
120665606104,Großkmehlen,,01990,Oberspreewald-Lausitz,Brandenburg,51.378633,13.724272,1021
064350011011,Großkrotzenburg,,63538,Main-Kinzig-Kreis,Hessen,50.082686,8.980931,7284
072325006230,Großlangenfeld,,54608,Eifelkreis Bitburg-Prüm,Rheinland-Pfalz,50.220515,6.252404,132
096755615131,Großlangheim,M,97320,Kitzingen,Bayern,49.755144,10.239769,1545
072315008046,Großlittgen,,54534,Bernkastel-Wittlich,Rheinland-Pfalz,50.02524,6.798634,1070
160625054009,Großlohra,,99759,Nordhausen,Thüringen,51.416639,10.644544,821
160745015032,Großlöbichau,,07751,Saale-Holzland-Kreis,Thüringen,50.928901,11.678304,804
071385003023,Großmaischeid,,56276,Neuwied,Rheinland-Pfalz,50.504881,7.634071,2338
091760129129,Großmehring,,85098,Eichstätt,Bayern,48.7654,11.534077,7576
160685012017,Großmölsen,,99198,Sömmerda,Thüringen,51.026425,11.142255,226
146255231180,Großnaundorf,,01936,Bautzen,Sachsen,51.204424,13.9418,888
160685006019,Großneuhausen,,99625,Sömmerda,Thüringen,51.159123,11.286208,636
073385006009,Großniedesheim,,67259,Rhein-Pfalz-Kreis,Rheinland-Pfalz,49.57554,8.312351,1391
145210240240,Großolbersdorf,,09432,Erzgebirgskreis,Sachsen,50.692693,13.087894,2710
096710122122,Großostheim,M,63762,Aschaffenburg,Bayern,49.919187,9.074496,15873
146255212190,Großpostwitz/O.L. / Budestecy,,02692,Bautzen,Sachsen,51.119209,14.440359,2730
147290190190,Großpösna,,04463,Leipzig,Sachsen,51.270633,12.502563,5570
160745011033,Großpürschütz,,07751,Saale-Holzland-Kreis,Thüringen,50.820965,11.592181,376
081285004045,Großrinderfeld,,97950,Main-Tauber-Kreis,Baden-Württemberg,49.665421,9.733541,4088
100410512512,Großrosseln,,66352,Regionalverband Saarbrücken,Saarland,49.205999,6.839853,7835
160685012021,Großrudestedt,,99195,Sömmerda,Thüringen,51.093278,11.098991,1840
120660112112,Großräschen/Rań,Stadt,01983,Oberspreewald-Lausitz,Brandenburg,51.588116,14.010831,8355
146250200200,Großröhrsdorf,Stadt,01900,Bautzen,Sachsen,51.143211,14.024289,9477
145210250250,Großrückerswalde,,09518,Erzgebirgskreis,Sachsen,50.63018,13.124789,3178
145220210210,Großschirma,Stadt,09603,Mittelsachsen,Sachsen,50.966191,13.276907,5217
160715008025,Großschwabhausen,,99441,Weimarer Land,Thüringen,50.936779,11.483882,1286
146265220150,Großschweidnitz,,02708,Görlitz,Sachsen,51.06896,14.641025,1232
146265214140,Großschönau,,02779,Görlitz,Sachsen,50.896216,14.660908,5114
071435001227,Großseifen,,56472,Westerwaldkreis,Rheinland-Pfalz,50.633923,7.968292,624
010595919116,Großsolt,,24991,Schleswig-Flensburg,Schleswig-Holstein,54.699352,9.513444,1753
073405008210,Großsteinhausen,,66484,Südwestpfalz,Rheinland-Pfalz,49.19186,7.454333,577
120625211208,Großthiemig,,04932,Elbe-Elster,Brandenburg,51.381269,13.67473,981
160645051019,Großvargula,,99958,Unstrut-Hainich-Kreis,Thüringen,51.11802,10.785044,689
096760126126,Großwallstadt,,63868,Miltenberg,Bayern,49.878601,9.158679,4198
091805136119,Großweil,,82439,Garmisch-Partenkirchen,Bayern,47.675379,11.303171,1631
145220220220,Großweitzschen,,04720,Mittelsachsen,Sachsen,51.15772,13.045513,2643
120655502117,Großwoltersdorf,,16775,Oberhavel,Brandenburg,53.069534,13.096307,712
010545417040,Grothusenkoog,,25836,Nordfriesland,Schleswig-Holstein,54.302739,8.759033,26
010535373045,Grove,,21493,Herzogtum Lauenburg,Schleswig-Holstein,53.528123,10.492067,258
010515169038,Groven,,25774,Dithmarschen,Schleswig-Holstein,54.300165,8.989147,99
160695002017,Grub,,98530,Hildburghausen,Thüringen,50.55038,10.632762,147
094735418134,Grub a.Forst,,96271,Coburg,Bayern,50.228781,11.022901,2565
010550018018,Grube,,23749,Ostholstein,Schleswig-Holstein,54.23209,11.03599,1124
081175007028,Gruibingen,,73344,Göppingen,Baden-Württemberg,48.595838,9.640912,2249
073365008033,Grumbach,,67745,Kusel,Rheinland-Pfalz,49.659034,7.556339,460
010595937118,Grundhof,,24977,Schleswig-Flensburg,Schleswig-Holstein,54.773325,9.654546,942
084255010052,Grundsheim,,89613,Alb-Donau-Kreis,Baden-Württemberg,48.177459,9.667765,203
120675708205,Grunow-Dammendorf,,15299,Oder-Spree,Brandenburg,52.157661,14.394097,487
120695918232,Gräben,,14793,Potsdam-Mittelmark,Brandenburg,52.233327,12.427084,483
091840120120,Gräfelfing,,82166,München,Bayern,48.117816,11.431034,13472
094745427132,Gräfenberg,St,91322,Forchheim,Bayern,49.646221,11.248666,4160
072315006042,Gräfendhron,,54426,Bernkastel-Wittlich,Rheinland-Pfalz,49.793256,6.994096,95
096775623133,Gräfendorf,,97782,Main-Spessart,Bayern,50.121214,9.738256,1287
150910110110,Gräfenhainichen,Stadt,06773,Wittenberg,Sachsen-Anhalt,51.72918,12.455564,11228
160735005028,Gräfenthal,Stadt,98743,Saalfeld-Rudolstadt,Thüringen,50.525286,11.307918,1806
064340004004,Grävenwiesbach,,61279,Hochtaunuskreis,Hessen,50.388795,8.457886,5376
091790126126,Gröbenzell,,82194,Fürstenfeldbruck,Bayern,48.1927,11.37188,19362
010545459039,Gröde,,25869,Nordfriesland,Schleswig-Holstein,54.631686,8.717443,7
120625211196,Gröden,,04932,Elbe-Elster,Brandenburg,51.405884,13.573783,1309
010595920034,Grödersby,,24376,Schleswig-Flensburg,Schleswig-Holstein,54.637617,9.91842,219
146270050050,Gröditz,Stadt,01609,Meißen,Sachsen,51.412323,13.447811,6752
082375005032,Grömbach,,72294,Freudenstadt,Baden-Württemberg,48.57075,8.545469,641
010550016016,Grömitz,,23743,Ostholstein,Schleswig-Holstein,54.149015,10.961258,6812
150835054245,Gröningen,Stadt,39397,Börde,Sachsen-Anhalt,51.936468,11.219229,3343
010625270021,Grönwohld,,22956,Stormarn,Schleswig-Holstein,53.642627,10.408036,1489
145235107130,Grünbach,,08223,Vogtlandkreis,Sachsen,50.444011,12.366068,1625
065310006006,Grünberg,Stadt,35305,Gießen,Hessen,50.592526,8.959065,13683
064350012012,Gründau,,63584,Main-Kinzig-Kreis,Hessen,50.209015,9.137636,14560
071325009042,Grünebach,,57520,Altenkirchen (Westerwald),Rheinland-Pfalz,50.778622,7.906184,520
097765737113,Grünenbach,,88167,Lindau (Bodensee),Bayern,47.628654,10.008945,1581
033595406020,Grünendeich,,21720,Stade,Niedersachsen,53.568752,9.622879,1798
032559504504,Grünenplan,gemfr. Gebiet,,Holzminden,Niedersachsen,51.946505,9.709813,0
120665607116,Grünewald,,01945,Oberspreewald-Lausitz,Brandenburg,51.400232,13.994866,532
145210260260,Grünhain-Beierfeld,Stadt,08344,Erzgebirgskreis,Sachsen,50.561375,12.787358,5569
145215405270,Grünhainichen,,09579,Erzgebirgskreis,Sachsen,50.766691,13.15194,3032
120670201201,Grünheide (Mark),,15537,Oder-Spree,Brandenburg,52.425521,13.822805,8978
084365003039,Grünkraut,,88287,Ravensburg,Baden-Württemberg,47.743111,9.652681,3105
120735306261,Grünow,,17291,Uckermark,Brandenburg,53.315663,13.94663,956
130715156058,Grünow,,17237,Mecklenburgische Seenplatte,Mecklenburg-Vorpommern,53.344108,13.312545,310
081285003047,Grünsfeld,Stadt,97947,Main-Tauber-Kreis,Baden-Württemberg,49.607521,9.744701,3640
073320024024,Grünstadt,Stadt,67269,Bad Dürkheim,Rheinland-Pfalz,49.564892,8.162374,14419
091840122122,Grünwald,,82031,München,Bayern,48.039574,11.522716,11179
091849454454,Grünwalder Forst,,,München,Bayern,48.020682,11.523738,0
081360027027,Gschwend,,74417,Ostalbkreis,Baden-Württemberg,48.93413,9.74354,4581
091875160138,Gstadt a.Chiemsee,,83257,Rosenheim,Bayern,47.884326,12.41829,1157
120710160160,Guben,Stadt,03172,Spree-Neiße,Brandenburg,51.954129,14.712014,15794
071435009228,Guckheim,,56459,Westerwaldkreis,Rheinland-Pfalz,50.529277,7.947687,997
010515175039,Gudendorf,,25693,Dithmarschen,Schleswig-Holstein,54.024736,9.1082,424
066340007007,Gudensberg,Stadt,34281,Schwalm-Eder-Kreis,Hessen,51.178409,9.366029,9925
033595406021,Guderhandviertel,,21720,Stade,Niedersachsen,53.543716,9.61065,1116
010535318046,Gudow,,23899,Herzogtum Lauenburg,Schleswig-Holstein,53.555336,10.77219,1760
084365001040,Guggenhausen,,88379,Ravensburg,Baden-Württemberg,47.893685,9.455438,193
120715101164,Guhrow/Góry,,03096,Spree-Neiße,Brandenburg,51.817596,14.227923,510
071335011035,Guldental,,55452,Bad Kreuznach,Rheinland-Pfalz,49.891491,7.844848,2465
073315005035,Gumbsheim,,55597,Alzey-Worms,Rheinland-Pfalz,49.811876,7.986293,619
053740012012,Gummersbach,Stadt,51643,Oberbergischer Kreis,Nordrhein-Westfalen,51.028326,7.568149,51290
160745011034,Gumperda,,07768,Saale-Holzland-Kreis,Thüringen,50.810217,11.522751,396
120700149149,Gumtow,,16866,Prignitz,Brandenburg,52.978437,12.250211,3183
083155005047,Gundelfingen,,79194,Breisgau-Hochschwarzwald,Baden-Württemberg,48.042406,7.8668,12168
097735713136,Gundelfingen a.d.Donau,St,89423,Dillingen a.d.Donau,Bayern,48.549064,10.367549,7783
081250039039,Gundelsheim,Stadt,74831,Heilbronn,Baden-Württemberg,49.284163,9.160815,7449
094710137137,Gundelsheim,,96163,Bamberg,Bayern,49.936774,10.919428,3549
072335004213,Gunderath,,56767,Vulkaneifel,Rheinland-Pfalz,50.25468,6.97902,115
073315007036,Gundersheim,,67598,Alzey-Worms,Rheinland-Pfalz,49.696322,8.203102,1537
073335007028,Gundersweiler,,67724,Donnersbergkreis,Rheinland-Pfalz,49.592153,7.782996,518
073315007037,Gundheim,,67599,Alzey-Worms,Rheinland-Pfalz,49.675599,8.237388,1008
097745727136,Gundremmingen,,89355,Günzburg,Bayern,48.501014,10.404234,1376
083275005020,Gunningen,,78594,Tuttlingen,Baden-Württemberg,48.045705,8.69527,773
073395007024,Guntersblum,,67583,Mainz-Bingen,Rheinland-Pfalz,49.797475,8.345919,3941
095770136136,Gunzenhausen,St,91710,Weißenburg-Gunzenhausen,Bayern,49.113471,10.759225,16665
033545406008,Gusborn,,29476,Lüchow-Dannenberg,Niedersachsen,53.106259,11.195998,1209
072355001036,Gusenburg,,54413,Trier-Saarburg,Rheinland-Pfalz,49.634432,6.9015,1087
120645412190,Gusow-Platkow,,15306,Märkisch-Oderland,Brandenburg,52.571655,14.353613,1307
072355004037,Gusterath,,54317,Trier-Saarburg,Rheinland-Pfalz,49.698524,6.718916,1950
130735353038,Gustow,,18574,Vorpommern-Rügen,Mecklenburg-Vorpommern,54.3021,13.212968,569
083175005039,Gutach (Schwarzwaldbahn),,77793,Ortenaukreis,Baden-Württemberg,48.251539,8.209934,2279
083165006014,Gutach im Breisgau,,79261,Emmendingen,Baden-Württemberg,48.117019,7.986537,4599
120665607120,Guteborn,,01945,Oberspreewald-Lausitz,Brandenburg,51.420759,13.929125,528
071415011050,Gutenacker,,56370,Rhein-Lahn-Kreis,Rheinland-Pfalz,50.319634,7.921946,371
071335006036,Gutenberg,,55595,Bad Kreuznach,Rheinland-Pfalz,49.880588,7.7993,1043
150845052207,Gutenborn,,06712,Burgenlandkreis,Sachsen-Anhalt,51.007459,12.121581,1724
093765341133,Guteneck,,92543,Schwandorf,Bayern,49.444811,12.274621,802
095755521128,Gutenstetten,,91468,Neustadt a.d.Aisch-Bad Windsheim,Bayern,49.615842,10.630312,1324
084265006135,Gutenzell-Hürbel,,88484,Biberach,Baden-Württemberg,48.113537,9.997187,1814
130725255044,Gutow,,18276,Landkreis Rostock,Mecklenburg-Vorpommern,53.758901,12.134785,1021
066369200200,Gutsbezirk Kaufunger Wald,gemfr. Gebiet,,Werra-Meißner-Kreis,Hessen,51.27982,9.737941,0
084159971971,Gutsbezirk Münsingen,gemeindefreies Gebiet,72525,Reutlingen,Baden-Württemberg,48.445745,9.559519,0
066339200200,Gutsbezirk Reinhardswald,gemfr. Gebiet,,Kassel,Hessen,51.441518,9.592741,0
064359200200,Gutsbezirk Spessart,gemfr. Gebiet,,Main-Kinzig-Kreis,Hessen,50.241618,9.539483,0
094775437118,Guttenberg,,95358,Kulmbach,Bayern,50.154765,11.564189,469
096799452452,Guttenberger Wald,,,Würzburg,Bayern,49.734663,9.868219,0
072355004038,Gutweiler,,54317,Trier-Saarburg,Rheinland-Pfalz,49.719197,6.725361,748
066340008008,Guxhagen,,34302,Schwalm-Eder-Kreis,Hessen,51.203012,9.48077,5347
033575408018,Gyhum,,27404,Rotenburg (Wümme),Niedersachsen,53.219784,9.311117,2451
096745613139,Gädheim,,97503,Haßberge,Bayern,50.024261,10.343449,1329
130745453022,Gägelow,,23968,Nordwestmecklenburg,Mecklenburg-Vorpommern,53.899067,11.380828,2529
081155002015,Gärtringen,,71116,Böblingen,Baden-Württemberg,48.641924,8.901692,12934
081155005016,Gäufelden,,71126,Böblingen,Baden-Württemberg,48.55375,8.829578,9181
073375005031,Göcklingen,,76831,Südliche Weinstraße,Rheinland-Pfalz,49.162018,8.0416,888
146250150150,Göda / Hodźij,,02633,Bautzen,Sachsen,51.179523,14.319852,2917
071405003042,Gödenroth,,56290,Rhein-Hunsrück-Kreis,Rheinland-Pfalz,50.087303,7.487284,447
033535405013,Gödenstorf,,21376,Harburg,Niedersachsen,53.228515,10.123465,1076
081365005024,Göggingen,,73571,Ostalbkreis,Baden-Württemberg,48.8635,9.887271,2545
010555543014,Göhl,,23758,Ostholstein,Schleswig-Holstein,54.284726,10.941851,1105
130765659046,Göhlen,,19288,Ludwigslust-Parchim,Mecklenburg-Vorpommern,53.307337,11.369618,546
033545406006,Göhrde,,29473,Lüchow-Dannenberg,Niedersachsen,53.129893,10.957537,573
033549502502,Göhrde,gemfr. Gebiet,,Lüchow-Dannenberg,Niedersachsen,53.114155,10.833822,0
130735357031,Göhren,Ostseebad,18586,Vorpommern-Rügen,Mecklenburg-Vorpommern,54.341565,13.740906,1320
160775005008,Göhren,,04603,Altenburger Land,Thüringen,50.96715,12.366231,428
130715154043,Göhren-Lebbin,,17213,Mecklenburgische Seenplatte,Mecklenburg-Vorpommern,53.477876,12.512716,857
010535308034,Göldenitz,,23919,Herzogtum Lauenburg,Schleswig-Holstein,53.722025,10.631501,243
034565404007,Gölenkamp,,49843,Grafschaft Bentheim,Niedersachsen,52.510203,6.91598,593
073335003026,Göllheim,,67307,Donnersbergkreis,Rheinland-Pfalz,49.59502,8.051428,3789
160775005009,Göllnitz,,04626,Altenburger Land,Thüringen,50.947653,12.319799,300
010605024026,Gönnebek,,24610,Segeberg,Schleswig-Holstein,54.049007,10.177905,573
071315003025,Gönnersdorf,,53498,Ahrweiler,Rheinland-Pfalz,50.481464,7.267225,648
072335006028,Gönnersdorf,,54584,Vulkaneifel,Rheinland-Pfalz,50.32644,6.594609,491
073325006022,Gönnheim,,67161,Bad Dürkheim,Rheinland-Pfalz,49.448987,8.237788,1580
160775051011,Göpfersdorf,,04618,Altenburger Land,Thüringen,50.912971,12.595897,214
081175005026,Göppingen,Stadt,73033,Göppingen,Baden-Württemberg,48.703267,9.653964,58937
071435004023,Görgeshausen,,56412,Westerwaldkreis,Rheinland-Pfalz,50.409197,7.955085,983
097775755131,Görisried,,87657,Ostallgäu,Bayern,47.706839,10.506919,1333
120735303216,Göritz,,17291,Uckermark,Brandenburg,53.407652,13.913651,788
160755004033,Görkwitz,,07907,Saale-Orla-Kreis,Thüringen,50.587966,11.783904,305
146260110110,"Görlitz, Stadt",Hochschulstadt,02826,Görlitz,Sachsen,51.155287,14.988035,55186
130755558036,Görmin,,17121,Vorpommern-Greifswald,Mecklenburg-Vorpommern,53.991357,13.271276,888
160625053008,Görsbach,,99765,Nordhausen,Thüringen,51.462524,10.939387,947
083370038038,Görwihl,,79733,Waldshut,Baden-Württemberg,47.641249,8.07848,4174
120695918224,Görzke,,14828,Potsdam-Mittelmark,Brandenburg,52.172173,12.374401,1194
160755004034,Göschitz,,07907,Saale-Orla-Kreis,Thüringen,50.625954,11.867595,205
160745052025,Gösen,,07607,Saale-Holzland-Kreis,Thüringen,50.99241,11.876414,209
071345005030,Gösenroth,,55624,Birkenfeld,Rheinland-Pfalz,49.8898,7.326277,239
096775623132,Gössenheim,,97780,Main-Spessart,Bayern,50.019333,9.781104,1098
160755013035,Gössitz,,07389,Saale-Orla-Kreis,Thüringen,50.621276,11.586883,279
160775050012,Gößnitz,Stadt,04639,Altenburger Land,Thüringen,50.888453,12.433836,3413
094740129129,Gößweinstein,M,91327,Forchheim,Bayern,49.770226,11.33677,4298
010535318035,Göttin,,21514,Herzogtum Lauenburg,Schleswig-Holstein,53.533746,10.70343,71
031590016016,Göttingen,Stadt,37083,Göttingen,Niedersachsen,51.533337,9.935418,127259
010585893067,Güby,,24357,Rendsburg-Eckernförde,Schleswig-Holstein,54.48596,9.66656,642
071415003049,Gückingen,,65558,Rhein-Lahn-Kreis,Rheinland-Pfalz,50.39173,8.009686,1135
081255010038,Güglingen,Stadt,74363,Heilbronn,Baden-Württemberg,49.066703,8.99847,6394
120705009145,Gülitz-Reetz,,19348,Prignitz,Brandenburg,53.200474,11.967389,459
071325010043,Güllesheim,,56593,Altenkirchen (Westerwald),Rheinland-Pfalz,50.598367,7.529069,758
130715163059,Gültz,,17089,Mecklenburgische Seenplatte,Mecklenburg-Vorpommern,53.750087,13.185195,510
010535373047,Gülzow,,21483,Herzogtum Lauenburg,Schleswig-Holstein,53.442249,10.490939,1321
130715162060,Gülzow,,17153,Mecklenburgische Seenplatte,Mecklenburg-Vorpommern,53.693802,12.853157,397
130725255042,Gülzow-Prüzen,,18276,Landkreis Rostock,Mecklenburg-Vorpommern,53.820011,12.067109,1517
160685005022,Günstedt,,99631,Sömmerda,Thüringen,51.222335,11.080345,689
096790142142,Güntersleben,,97261,Würzburg,Bayern,49.869746,9.906743,4382
095749457457,Günthersbühler Forst,,,Nürnberger Land,Bayern,49.521981,11.207748,0
097775754138,Günzach,,87634,Ostallgäu,Bayern,47.823449,10.435285,1362
097740135135,Günzburg,GKSt,89312,Günzburg,Bayern,48.45447,10.281413,21423
150895052165,Güsten,Stadt,39439,Salzlandkreis,Sachsen-Anhalt,51.794501,11.605461,3843
010535318048,Güster,,21514,Herzogtum Lauenburg,Schleswig-Holstein,53.53952,10.680583,1279
130720043043,Güstrow,Barlachstadt,18273,Landkreis Rostock,Mecklenburg-Vorpommern,53.794458,12.175691,28959
083265002020,Gütenbach,,78148,Schwarzwald-Baar-Kreis,Baden-Württemberg,48.044875,8.138596,1025
057540008008,Gütersloh,Stadt,33330,Gütersloh,Nordrhein-Westfalen,51.907302,8.375587,100479
130755563044,Gützkow,Stadt,17506,Vorpommern-Greifswald,Mecklenburg-Vorpommern,53.937507,13.409609,3034
094725416146,Haag,,95473,Bayreuth,Bayern,49.869477,11.561865,946
091785130129,Haag a.d.Amper,,85410,Freising,Bayern,48.458593,11.832861,2716
091830119119,Haag i.OB,M,83527,Mühldorf a.Inn,Bayern,48.161682,12.182297,6532
010585853068,Haale,,24819,Rendsburg-Eckernförde,Schleswig-Holstein,54.174256,9.548925,495
051580008008,Haan,Stadt,42781,Mettmann,Nordrhein-Westfalen,51.192305,7.010639,30086
091840123123,Haar,St,85540,München,Bayern,48.109938,11.728428,22878
092750125125,Haarbach,,94542,Passau,Bayern,48.50226,13.149165,2456
091905176126,Habach,,82392,Weilheim-Schongau,Bayern,47.729306,11.281287,1127
066330011011,Habichtswald,,34317,Kassel,Hessen,51.32613,9.310504,5168
072325006231,Habscheid,,54597,Eifelkreis Bitburg-Prüm,Rheinland-Pfalz,50.188747,6.268236,656
010585890069,Haby,,24361,Rendsburg-Eckernförde,Schleswig-Holstein,54.395389,9.822077,549
071435002229,Hachenburg,Stadt,57627,Westerwaldkreis,Rheinland-Pfalz,50.660595,7.824153,6336
071335001037,Hackenheim,,55546,Bad Kreuznach,Rheinland-Pfalz,49.825452,7.900692,2166
092739453453,Hacklberg,,,Kelheim,Bayern,48.927286,11.783336,0
065330007007,Hadamar,Stadt,65589,Limburg-Weilburg,Hessen,50.448831,8.046008,13082
033585401012,Hademstorf,,29693,Heidekreis,Niedersachsen,52.713325,9.631441,833
010615168033,Hadenfeld,,25560,Steinburg,Schleswig-Holstein,54.033384,9.456001,147
096775621135,Hafenlohr,,97840,Main-Spessart,Bayern,49.869021,9.603567,1759
034525403008,Hage,Flecken,26524,Aurich,Niedersachsen,53.602759,7.284319,6520
093750143143,Hagelstadt,,93095,Regensburg,Bayern,48.895967,12.217849,2020
010605005031,Hagen,,24576,Segeberg,Schleswig-Holstein,53.946622,9.826977,449
059140000000,Hagen,Stadt der FernUniversität,58095,Hagen,Nordrhein-Westfalen,51.360171,7.467406,190384
034590020020,Hagen am Teutoburger Wald,,49170,Osnabrück,Niedersachsen,52.197155,7.978062,13275
033520060060,Hagen im Bremischen,,27628,Cuxhaven,Niedersachsen,53.355946,8.644053,10705
073345002008,Hagenbach,Stadt,76767,Germersheim,Rheinland-Pfalz,49.02038,8.247027,5354
032575407010,Hagenburg,Flecken,31558,Schaumburg,Niedersachsen,52.433351,9.323187,4516
095755520129,Hagenbüchach,,91469,Neustadt a.d.Aisch-Bad Windsheim,Bayern,49.533835,10.771067,1661
130760060060,Hagenow,Stadt,19230,Ludwigslust-Parchim,Mecklenburg-Vorpommern,53.432045,11.192521,12022
034525403009,Hagermarsch,,26524,Aurich,Niedersachsen,53.643639,7.294128,415
084355004018,Hagnau am Bodensee,,88709,Bodenseekreis,Baden-Württemberg,47.67625,9.320022,1402
071405004044,Hahn,,56850,Rhein-Hunsrück-Kreis,Rheinland-Pfalz,49.962412,7.270178,91
071435008232,Hahn am See,,56244,Westerwaldkreis,Rheinland-Pfalz,50.524386,7.889668,397
071435001231,Hahn bei Marienberg,,56472,Westerwaldkreis,Rheinland-Pfalz,50.632633,7.941251,455
093715301126,Hahnbach,M,92256,Amberg-Sulzbach,Bayern,49.533838,11.80264,4987
071335009038,Hahnenbach,,55606,Bad Kreuznach,Rheinland-Pfalz,49.810445,7.418344,533
073395007025,Hahnheim,,55278,Mainz-Bingen,Rheinland-Pfalz,49.862106,8.237836,1615
071415011051,Hahnstätten,,65623,Rhein-Lahn-Kreis,Rheinland-Pfalz,50.304439,8.069685,3018
071345001033,Hahnweiler,,55776,Birkenfeld,Rheinland-Pfalz,49.571581,7.221059,178
092780129129,Haibach,,94353,Straubing-Bogen,Bayern,49.02332,12.715244,2036
096710124124,Haibach,,63808,Aschaffenburg,Bayern,49.964977,9.202982,8019
092720122122,Haidmühle,,94145,Freyung-Grafenau,Bayern,48.827989,13.774766,1401
065320011011,Haiger,Stadt,35708,Lahn-Dill-Kreis,Hessen,50.742898,8.204719,18888
084170025025,Haigerloch,Stadt,72401,Zollernalbkreis,Baden-Württemberg,48.366535,8.804191,10930
095749458458,Haimendorfer Forst,,,Nürnberger Land,Bayern,49.45945,11.223705,0
091740121121,Haimhausen,,85778,Dachau,Bayern,48.3162,11.553037,5615
091710118118,Haiming,,84533,Altötting,Bayern,48.21297,12.88758,2567
066350013013,Haina (Kloster),,35114,Waldeck-Frankenberg,Hessen,51.026902,8.972107,3256
071415007110,Hainau,,56357,Rhein-Lahn-Kreis,Rheinland-Pfalz,50.222709,7.780981,164
064380004004,Hainburg,,63512,Offenbach,Hessen,50.082103,8.941007,14465
146265214170,Hainewalde,,02779,Görlitz,Sachsen,50.907406,14.701736,1512
073375003036,Hainfeld,,76835,Südliche Weinstraße,Rheinland-Pfalz,49.257384,8.100789,903
145220230230,Hainichen,Stadt,09661,Mittelsachsen,Sachsen,50.968719,13.12406,8255
160745015036,Hainichen,,07778,Saale-Holzland-Kreis,Thüringen,50.99635,11.621866,190
097795721154,Hainsfarth,,86744,Donau-Ries,Bayern,48.959308,10.623252,1404
160745052037,Hainspitz,,07607,Saale-Holzland-Kreis,Thüringen,50.963929,11.836937,554
082355007032,Haiterbach,Stadt,72221,Calw,Baden-Württemberg,48.524432,8.649992,5872
120615108216,Halbe,,15757,Dahme-Spreewald,Brandenburg,52.10614,13.698782,2504
034525403010,Halbemond,,26524,Aurich,Niedersachsen,53.56786,7.290133,962
150850135135,Halberstadt,Stadt,38820,Harz,Sachsen-Anhalt,51.896112,11.04731,37898
097770173173,Halblech,,87642,Ostallgäu,Bayern,47.629783,10.820668,3357
071435009233,Halbs,,56457,Westerwaldkreis,Rheinland-Pfalz,50.590281,7.962362,353
150830270270,Haldensleben,Stadt,39340,Börde,Sachsen-Anhalt,52.291363,11.411083,19121
097745728140,Haldenwang,,89356,Günzburg,Bayern,48.437474,10.449315,2157
097800122122,Haldenwang,,87490,Oberallgäu,Bayern,47.80179,10.346413,3779
120705006153,Halenbeck-Rohlsdorf,,16945,Prignitz,Brandenburg,53.247396,12.31074,527
091875162139,Halfing,,83128,Rosenheim,Bayern,47.951852,12.276636,2734
091780130130,Hallbergmoos,,85399,Freising,Bayern,48.324369,11.749896,11959
032555408016,Halle,,37620,Holzminden,Niedersachsen,51.991248,9.563019,1400
034565404008,Halle,,49843,Grafschaft Bentheim,Niedersachsen,52.453233,6.91795,652
150020000000,Halle (Saale),Stadt,06108,Halle (Saale),Sachsen-Anhalt,51.482478,11.970666,226767
057540012012,Halle (Westf.),Stadt,33790,Gütersloh,Nordrhein-Westfalen,52.061011,8.362,21393
059580020020,Hallenberg,Stadt,59969,Hochsauerlandkreis,Nordrhein-Westfalen,51.111987,8.621165,4367
094740133133,Hallerndorf,,91352,Forchheim,Bayern,49.759963,10.979423,4161
071335001039,Hallgarten,,67826,Bad Kreuznach,Rheinland-Pfalz,49.760557,7.787736,827
010545459050,Hallig Hooge,,25859,Nordfriesland,Schleswig-Holstein,54.566389,8.550938,105
072335006214,Hallschlag,,54611,Vulkaneifel,Rheinland-Pfalz,50.354821,6.437988,440
094710140140,Hallstadt,St,96103,Bamberg,Bayern,49.928417,10.875159,8781
091715102119,Halsbach,,84553,Altötting,Bayern,48.125357,12.675709,1072
145220240240,Halsbrücke,,09633,Mittelsachsen,Sachsen,50.953666,13.350271,4999
072325008045,Halsdorf,,54646,Eifelkreis Bitburg-Prüm,Rheinland-Pfalz,49.929351,6.374448,102
071405009045,Halsenbach,,56283,Rhein-Hunsrück-Kreis,Rheinland-Pfalz,50.17601,7.550566,1273
010560018018,Halstenbek,,25469,Pinneberg,Schleswig-Holstein,53.633617,9.837557,18082
055620016016,Haltern am See,Stadt,45721,Recklinghausen,Nordrhein-Westfalen,51.743737,7.187214,38142
059620012012,Halver,Stadt,58553,Märkischer Kreis,Nordrhein-Westfalen,51.186749,7.497997,16322
033535403014,Halvesbostel,,21646,Harburg,Niedersachsen,53.359267,9.601215,787
071415003052,Hambach,,65582,Rhein-Lahn-Kreis,Rheinland-Pfalz,50.397631,7.980571,499
010625244025,Hamberge,,23619,Stormarn,Schleswig-Holstein,53.838372,10.582459,1854
033565401003,Hambergen,,27729,Osterholz,Niedersachsen,53.310488,8.826407,5651
082155003029,Hambrücken,,76707,Karlsruhe,Baden-Württemberg,49.186033,8.544792,5581
071355002038,Hambuch,,56761,Cochem-Zell,Rheinland-Pfalz,50.225697,7.181888,732
020000000000,Hamburg,Freie und Hansestadt,20038,Hamburg,Hamburg,53.550678,9.99697,1862565
033510012012,Hambühren,,29313,Celle,Niedersachsen,52.635569,9.983254,10208
010585847070,Hamdorf,,24805,Rendsburg-Eckernförde,Schleswig-Holstein,54.225554,9.518657,1436
032520006006,Hameln,Stadt,31785,Hameln-Pyrmont,Niedersachsen,52.104402,9.356316,58244
033575405019,Hamersen,,27419,Rotenburg (Wümme),Niedersachsen,53.253123,9.481584,560
010535373049,Hamfelde,,22929,Herzogtum Lauenburg,Schleswig-Holstein,53.597194,10.44893,555
010625270026,Hamfelde,,22929,Stormarn,Schleswig-Holstein,53.604796,10.449254,520
059150000000,Hamm,Stadt,59065,Hamm,Nordrhein-Westfalen,51.678312,7.816947,179968
072325008046,Hamm,,54636,Eifelkreis Bitburg-Prüm,Rheinland-Pfalz,50.016047,6.419487,16
071325006044,Hamm (Sieg),Raiffeisengemeinde,57577,Altenkirchen (Westerwald),Rheinland-Pfalz,50.765515,7.672593,3851
073315002038,Hamm am Rhein,,67580,Alzey-Worms,Rheinland-Pfalz,49.733391,8.433477,1890
033595409022,Hammah,,21714,Stade,Niedersachsen,53.618178,9.365901,3171
096720127127,Hammelburg,St,97762,Bad Kissingen,Bayern,50.115381,9.89097,10694
130755559045,Hammer a.d. Uecker,,17358,Vorpommern-Greifswald,Mecklenburg-Vorpommern,53.599818,13.978606,454
064350013013,Hammersbach,,63546,Main-Kinzig-Kreis,Hessen,50.222678,8.985694,4843
160715008027,Hammerstedt,,99441,Weimarer Land,Thüringen,50.9533,11.45282,184
071385002024,Hammerstein,,56598,Neuwied,Rheinland-Pfalz,50.477546,7.350736,351
051700012012,Hamminkeln,Stadt,46499,Wesel,Nordrhein-Westfalen,51.730832,6.589158,26873
010625218027,Hammoor,,22941,Stormarn,Schleswig-Holstein,53.713776,10.322497,1290
010535323050,Hamwarde,,21502,Herzogtum Lauenburg,Schleswig-Holstein,53.452847,10.421397,884
010585853071,Hamweddel,,24816,Rendsburg-Eckernförde,Schleswig-Holstein,54.190502,9.618873,451
064150000000,Hanau,Brüder-Grimm-Stadt,63450,Hanau,Hessen,50.135573,8.915189,97956
033535406015,Handeloh,,21256,Harburg,Niedersachsen,53.244817,9.833344,2399
010590183183,Handewitt,,24983,Schleswig-Flensburg,Schleswig-Holstein,54.765104,9.324639,11556
033555402017,Handorf,,21447,Lüneburg,Niedersachsen,53.344975,10.344996,2101
034545405017,Handrup,,49838,Emsland,Niedersachsen,52.565882,7.570664,836
010585895072,Hanerau-Hademarschen,,25557,Rendsburg-Eckernförde,Schleswig-Holstein,54.127369,9.412577,3037
073315007039,Hangen-Weisheim,,55234,Alzey-Worms,Rheinland-Pfalz,49.710099,8.183478,430
073385007010,Hanhofen,,67374,Rhein-Pfalz-Kreis,Rheinland-Pfalz,49.316223,8.343154,2624
031515403011,Hankensbüttel,,29386,Gifhorn,Niedersachsen,52.730863,10.603682,4354
031590017017,Hann. Münden,Stadt,34346,Göttingen,Niedersachsen,51.415826,9.654832,23478
032410001001,Hannover,Landeshauptstadt,30159,Region Hannover,Niedersachsen,52.374551,9.738084,522131
071385005025,Hanroth,,56316,Neuwied,Rheinland-Pfalz,50.587891,7.641999,650
130755557046,Hanshagen,,17509,Vorpommern-Greifswald,Mecklenburg-Vorpommern,54.046024,13.542309,887
033535402016,Hanstedt,,21271,Harburg,Niedersachsen,53.258027,10.014498,6354
033605407010,Hanstedt,,29582,Uelzen,Niedersachsen,53.046471,10.375843,901
095745528128,Happurg,,91230,Nürnberger Land,Bayern,49.49335,11.471277,3547
071325007045,Harbach,,57572,Altenkirchen (Westerwald),Rheinland-Pfalz,50.862106,7.843559,526
150835053275,Harbke,,39365,Börde,Sachsen-Anhalt,52.189552,11.044778,1748
097790155155,Harburg (Schwaben),St,86655,Donau-Ries,Bayern,48.786821,10.692591,5598
010605005033,Hardebek,,24616,Segeberg,Schleswig-Holstein,53.988376,9.868731,491
031550005005,Hardegsen,Stadt,37181,Northeim,Niedersachsen,51.650579,9.829689,7250
071385009026,Hardert,,56579,Neuwied,Rheinland-Pfalz,50.518101,7.518774,840
082255001032,Hardheim,,74736,Neckar-Odenwald-Kreis,Baden-Württemberg,49.608193,9.474484,6802
071435001234,Hardt,,56472,Westerwaldkreis,Rheinland-Pfalz,50.634415,7.917314,456
083255005024,Hardt,,78739,Rottweil,Baden-Württemberg,48.18411,8.411379,2484
081255009111,Hardthausen am Kocher,,74239,Heilbronn,Baden-Württemberg,49.241418,9.40273,4478
034540018018,Haren (Ems),Stadt,49733,Emsland,Niedersachsen,52.790258,7.241603,24365
072325001233,Hargarten,,54649,Eifelkreis Bitburg-Prüm,Rheinland-Pfalz,50.096255,6.406425,98
071335006040,Hargesheim,,55595,Bad Kreuznach,Rheinland-Pfalz,49.862832,7.827383,2945
010535358051,Harmsdorf,,23911,Herzogtum Lauenburg,Schleswig-Holstein,53.700407,10.725868,311
010555546020,Harmsdorf,,23738,Ostholstein,Schleswig-Holstein,54.243787,10.828509,703
033535404017,Harmstorf,,21228,Harburg,Niedersachsen,53.348173,9.987203,832
034585401008,Harpstedt,Flecken,27243,Oldenburg,Niedersachsen,52.909164,8.586698,4733
010590120120,Harrislee,,24955,Schleswig-Flensburg,Schleswig-Holstein,54.804241,9.383175,11811
071385005027,Harschbach,,56307,Neuwied,Rheinland-Pfalz,50.572919,7.59522,433
071315001026,Harscheid,,53520,Ahrweiler,Rheinland-Pfalz,50.459476,6.893287,147
094775439119,Harsdorf,,95499,Kulmbach,Bayern,50.027984,11.56771,959
033595403023,Harsefeld,Flecken,21698,Stade,Niedersachsen,53.452282,9.500801,14782
057540016016,Harsewinkel,Die Mähdrescherstadt,33428,Gütersloh,Nordrhein-Westfalen,51.963062,8.227621,25523
150855051140,Harsleben / Harschlewe,,38829,Harz,Sachsen-Anhalt,51.869084,11.100333,2154
072325001234,Harspelt,,54617,Eifelkreis Bitburg-Prüm,Rheinland-Pfalz,50.138351,6.17294,69
032540020020,Harsum,,31177,Hildesheim,Niedersachsen,52.21046,9.964458,10846
071435007025,Hartenfels,,56244,Westerwaldkreis,Rheinland-Pfalz,50.571724,7.785433,789
010605043034,Hartenholm,,24628,Segeberg,Schleswig-Holstein,53.899992,10.06027,1853
095745527129,Hartenstein,,91235,Nürnberger Land,Bayern,49.596327,11.523338,1454
145240090090,Hartenstein,Stadt,08118,Zwickau,Sachsen,50.661865,12.671366,4411
160760088088,Harth-Pöllnitz,,07570,Greiz,Thüringen,50.756945,11.957738,2622
145220250250,Hartha,Stadt,04746,Mittelsachsen,Sachsen,51.097507,12.977781,6503
073385007011,Harthausen,,67376,Rhein-Pfalz-Kreis,Rheinland-Pfalz,49.294399,8.345933,3230
083155001048,Hartheim am Rhein,,79258,Breisgau-Hochschwarzwald,Baden-Württemberg,47.936423,7.624495,4887
145220260260,Hartmannsdorf,,09232,Mittelsachsen,Sachsen,50.886842,12.798823,4382
160745005038,Hartmannsdorf,,07613,Saale-Holzland-Kreis,Thüringen,50.961115,11.976132,657
145245111100,Hartmannsdorf b. Kirchberg,,08107,Zwickau,Sachsen,50.595343,12.547335,1320
146285230150,Hartmannsdorf-Reichenau,,01762,Sächsische Schweiz-Osterzgebirge,Sachsen,50.793078,13.575004,1040
073395002026,Harxheim,,55296,Mainz-Bingen,Rheinland-Pfalz,49.904189,8.264358,2236
031539504504,Harz (Landkreis Goslar),gemfr. Gebiet,,Goslar,Niedersachsen,51.780628,10.431148,0
031599501501,Harz (Landkreis Göttingen),gemfr. Geb.,,Göttingen,Niedersachsen,51.715579,10.388903,0
150850145145,Harzgerode,Stadt,06493,Harz,Sachsen-Anhalt,51.64064,11.139179,7309
160620065065,Harztor,,99768,Nordhausen,Thüringen,51.577129,10.786953,7306
034590021021,Hasbergen,,49205,Osnabrück,Niedersachsen,52.243059,7.955852,10874
072315008049,Hasborn,,54533,Bernkastel-Wittlich,Rheinland-Pfalz,50.053217,6.909976,606
073365010034,Haschbach am Remigiusberg,,66871,Kusel,Rheinland-Pfalz,49.525166,7.43105,677
083365007034,Hasel,,79686,Lörrach,Baden-Württemberg,47.654288,7.897903,1237
010565690019,Haselau,,25489,Pinneberg,Schleswig-Holstein,53.660647,9.623636,1137
092785248134,Haselbach,,94354,Straubing-Bogen,Bayern,49.003215,12.692437,1875
160775004015,Haselbach,,04617,Altenburger Land,Thüringen,51.068456,12.437043,799
146250220220,Haselbachtal,,01920,Bautzen,Sachsen,51.238868,14.037895,3882
010565690020,Haseldorf,,25489,Pinneberg,Schleswig-Holstein,53.635207,9.598383,1844
010545453041,Haselund,,25855,Nordfriesland,Schleswig-Holstein,54.591683,9.182961,928
034540019019,Haselünne,Stadt,49740,Emsland,Niedersachsen,52.67361,7.486718,13527
010605005035,Hasenkrug,,24616,Segeberg,Schleswig-Holstein,53.985027,9.849584,375
010605043036,Hasenmoor,,24640,Segeberg,Schleswig-Holstein,53.899913,9.981344,729
071355005039,Haserich,,56858,Cochem-Zell,Rheinland-Pfalz,50.03648,7.325554,215
083175004040,Haslach im Kinzigtal,Stadt,77716,Ortenaukreis,Baden-Württemberg,48.276357,8.087753,7190
096775620137,Hasloch,,97907,Main-Spessart,Bayern,49.793076,9.491265,1395
010560021021,Hasloh,,25474,Pinneberg,Schleswig-Holstein,53.694023,9.91173,3990
032565402011,Haßbergen,,31626,Nienburg (Weser),Niedersachsen,52.73085,9.230031,1709
150905051220,Hassel,,39596,Stendal,Sachsen-Anhalt,52.640158,11.92681,896
032565409010,Hassel (Weser),,27324,Nienburg (Weser),Niedersachsen,52.802471,9.205763,1771
071325010046,Hasselbach,,57635,Altenkirchen (Westerwald),Rheinland-Pfalz,50.712481,7.528677,317
071405003046,Hasselbach,,56288,Rhein-Hunsrück-Kreis,Rheinland-Pfalz,50.040666,7.446573,230
010595990121,Hasselberg,,24376,Schleswig-Flensburg,Schleswig-Holstein,54.715122,9.977353,932
064350015015,Hasselroth,,63594,Main-Kinzig-Kreis,Hessen,50.161122,9.090602,7386
033575406020,Hassendorf,,27367,Rotenburg (Wümme),Niedersachsen,53.112036,9.268038,1211
096740147147,Haßfurt,St,97437,Haßberge,Bayern,50.031494,10.506648,13867
160685009025,Haßleben,,99189,Sömmerda,Thüringen,51.107938,10.993689,930
073320025025,Haßloch,,67454,Bad Dürkheim,Rheinland-Pfalz,49.363164,8.255791,20396
082255002033,Haßmersheim,,74855,Neckar-Odenwald-Kreis,Baden-Württemberg,49.301027,9.14612,5052
010585888073,Haßmoor,,24790,Rendsburg-Eckernförde,Schleswig-Holstein,54.291922,9.819595,248
032575403011,Haste,,31559,Schaumburg,Niedersachsen,52.381033,9.39349,2785
034580009009,Hatten,,26209,Oldenburg,Niedersachsen,53.018388,8.349977,14250
081175009029,Hattenhofen,,73110,Göppingen,Baden-Württemberg,48.666458,9.574768,2925
091795131128,Hattenhofen,,82285,Fürstenfeldbruck,Bayern,48.221965,11.117263,1559
064360005005,Hattersheim am Main,Stadt,65795,Main-Taunus-Kreis,Hessen,50.07225,8.485929,28467
071435002235,Hattert,,57644,Westerwaldkreis,Rheinland-Pfalz,50.667929,7.770903,1786
071345002034,Hattgenstein,,55767,Birkenfeld,Rheinland-Pfalz,49.697297,7.159844,255
059540016016,Hattingen,Stadt,45525,Ennepe-Ruhr-Kreis,Nordrhein-Westfalen,51.399035,7.184107,53044
031595403018,Hattorf am Harz,,37197,Göttingen,Niedersachsen,51.651267,10.235606,3972
010545492042,Hattstedt,,25856,Nordfriesland,Schleswig-Holstein,54.528049,9.02454,2617
010545492043,Hattstedtermarsch,,25856,Nordfriesland,Schleswig-Holstein,54.554793,8.964562,280
073345003009,Hatzenbühl,,76770,Germersheim,Rheinland-Pfalz,49.110695,8.243475,2881
071375009208,Hatzenport,,56332,Mayen-Koblenz,Rheinland-Pfalz,50.228389,7.419168,586
066350014014,Hatzfeld (Eder),Stadt,35116,Waldeck-Frankenberg,Hessen,50.993022,8.547851,2865
073405002014,Hauenstein,,76846,Südwestpfalz,Rheinland-Pfalz,49.192059,7.852592,3541
095775532138,Haundorf,,91729,Weißenburg-Gunzenhausen,Bayern,49.176499,10.773709,2825
066320007007,Hauneck,,36282,Hersfeld-Rotenburg,Hessen,50.835037,9.722458,3070
066320008008,Haunetal,Marktgemeinde,36166,Hersfeld-Rotenburg,Hessen,50.768555,9.694067,2795
097735713137,Haunsheim,,89437,Dillingen a.d.Donau,Bayern,48.597246,10.377094,1613
091769451451,Haunstetter Forst,,,Eichstätt,Bayern,49.030571,11.429449,0
094719455455,Hauptsmoor,,,Bamberg,Bayern,49.893852,10.962625,0
073355011012,Hauptstuhl,,66851,Kaiserslautern,Rheinland-Pfalz,49.400211,7.492518,1199
096779457457,Haurain,,,Main-Spessart,Bayern,50.090975,9.48998,0
071355002040,Hauroth,,56761,Cochem-Zell,Rheinland-Pfalz,50.25112,7.102164,335
083175005041,Hausach,Stadt,77756,Ortenaukreis,Baden-Württemberg,48.28416,8.171188,5851
071405009047,Hausbay,,56291,Rhein-Hunsrück-Kreis,Rheinland-Pfalz,50.106728,7.558543,241
071345005035,Hausen,,55608,Birkenfeld,Rheinland-Pfalz,49.872734,7.373515,168
092735217125,Hausen,,93345,Kelheim,Bayern,48.857489,12.006111,2280
094740134134,Hausen,,91353,Forchheim,Bayern,49.690973,11.036282,3698
096735637129,Hausen,,97647,Rhön-Grabfeld,Bayern,50.505343,10.12623,690
096765630128,Hausen,,63840,Miltenberg,Bayern,49.869813,9.209492,1835
071385009007,Hausen (Wied),,53547,Neuwied,Rheinland-Pfalz,50.5424,7.407087,1840
084255010055,Hausen am Bussen,,89597,Alb-Donau-Kreis,Baden-Württemberg,48.211503,9.624615,283
084175006029,Hausen am Tann,,72361,Zollernalbkreis,Baden-Württemberg,48.198362,8.836598,491
096790143143,Hausen b.Würzburg,,97262,Würzburg,Bayern,49.927963,10.027047,2520
083365007036,Hausen im Wiesental,,79688,Lörrach,Baden-Württemberg,47.681727,7.8401,2371
083275004023,Hausen ob Verena,,78595,Tuttlingen,Baden-Württemberg,48.053362,8.722,837
091820119119,Hausham,,83734,Miesbach,Bayern,47.752233,11.836996,8177
160645001021,Haussömmern,,99955,Unstrut-Hainich-Kreis,Thüringen,51.191707,10.818833,198
071375003034,Hausten,,56745,Mayen-Koblenz,Rheinland-Pfalz,50.398843,7.118293,385
073365008035,Hausweiler,,67742,Kusel,Rheinland-Pfalz,49.647845,7.564799,43
092750126126,Hauzenberg,St,94051,Passau,Bayern,48.65453,13.625401,11965
010535373052,Havekost,,21493,Herzogtum Lauenburg,Schleswig-Holstein,53.539918,10.473088,199
120635309134,Havelaue,,14715,Havelland,Brandenburg,52.703673,12.310633,880
150900225225,Havelberg,Hansestadt,39539,Stendal,Sachsen-Anhalt,52.824884,12.073338,6246
120695902270,Havelsee,Stadt,14798,Potsdam-Mittelmark,Brandenburg,52.495639,12.455492,3181
031585402016,Haverlah,,38275,Wolfenbüttel,Niedersachsen,52.052342,10.328568,1536
010595987037,Havetoft,,24873,Schleswig-Flensburg,Schleswig-Holstein,54.649422,9.516189,963
055580020020,Havixbeck,,48329,Coesfeld,Nordrhein-Westfalen,51.975907,7.414407,12357
097785757149,Hawangen,,87749,Unterallgäu,Bayern,47.971213,10.26318,1260
084155006034,Hayingen,Stadt,72534,Reutlingen,Baden-Württemberg,48.274365,9.475391,2211
160615006044,Haynrode,,37339,Eichsfeld,Thüringen,51.445261,10.443275,688
092770124124,Hebertsfelden,,84332,Rottal-Inn,Bayern,48.407465,12.820358,3633
091740122122,Hebertshausen,,85241,Dachau,Bayern,48.291688,11.464164,5894
084175004031,Hechingen,Stadt,72379,Zollernalbkreis,Baden-Württemberg,48.351487,8.962947,19807
033525407020,Hechthausen,,21755,Cuxhaven,Niedersachsen,53.641149,9.237924,3669
120645403205,Heckelberg-Brunow,,16259,Märkisch-Oderland,Brandenburg,52.737857,13.837146,722
071405004048,Hecken,,55481,Rhein-Hunsrück-Kreis,Rheinland-Pfalz,49.91566,7.398918,110
071315002027,Heckenbach,,53506,Ahrweiler,Rheinland-Pfalz,50.46435,7.063502,241
072315008050,Heckenmünster,,54518,Bernkastel-Wittlich,Rheinland-Pfalz,49.90898,6.786356,139
072325006236,Heckhuscheid,,54619,Eifelkreis Bitburg-Prüm,Rheinland-Pfalz,50.177699,6.223448,157
150890175175,Hecklingen,Stadt,39444,Salzlandkreis,Sachsen-Anhalt,51.847482,11.533566,6446
072355008040,Heddert,,54429,Trier-Saarburg,Rheinland-Pfalz,49.643008,6.763447,296
082265007027,Heddesbach,,69434,Rhein-Neckar-Kreis,Baden-Württemberg,49.480066,8.827181,472
082260028028,Heddesheim,,68542,Rhein-Neckar-Kreis,Baden-Württemberg,49.504679,8.603136,12294
031585407017,Hedeper,,38322,Wolfenbüttel,Niedersachsen,52.066225,10.680737,462
150855051160,Hedersleben,,06458,Harz,Sachsen-Anhalt,51.858198,11.254384,1229
010515178043,Hedwigenkoog,,25761,Dithmarschen,Schleswig-Holstein,54.177985,8.840953,209
010565660022,Heede,,25355,Pinneberg,Schleswig-Holstein,53.783499,9.802298,845
034545401020,Heede,,26892,Emsland,Niedersachsen,52.993267,7.298923,2526
055540024024,Heek,,48619,Borken,Nordrhein-Westfalen,52.116177,7.111581,8773
032565402012,Heemsen,,31622,Nienburg (Weser),Niedersachsen,52.704419,9.262984,1815
031585402018,Heere,,38277,Wolfenbüttel,Niedersachsen,52.065605,10.249768,995
033575408021,Heeslingen,,27404,Rotenburg (Wümme),Niedersachsen,53.314849,9.335088,4868
032575401012,Heeßen,,31707,Schaumburg,Niedersachsen,52.23215,9.105587,1383
073365008036,Hefersweiler,,67753,Kusel,Rheinland-Pfalz,49.603087,7.687967,559
032555408017,Hehlen,,37619,Holzminden,Niedersachsen,51.984688,9.470187,1646
010510044044,Heide,Stadt,25746,Dithmarschen,Schleswig-Holstein,54.193962,9.091156,22002
120610219219,Heideblick,,15926,Dahme-Spreewald,Brandenburg,51.832852,13.642563,3514
095760126126,Heideck,St,91180,Roth,Bayern,49.132203,11.126163,4684
010625244031,Heidekamp,,23858,Stormarn,Schleswig-Holstein,53.854309,10.501018,518
120625202219,Heideland,,03238,Elbe-Elster,Brandenburg,51.603797,13.670059,461
160745005039,Heideland,,07613,Saale-Holzland-Kreis,Thüringen,51.001155,11.909246,1738
082210000000,Heidelberg,Stadt,69117,Heidelberg,Baden-Württemberg,49.410524,8.705543,155756
055540028028,Heiden,,46359,Borken,Nordrhein-Westfalen,51.825996,6.932484,8704
033535406018,Heidenau,,21258,Harburg,Niedersachsen,53.314334,9.652803,2310
146280160160,Heidenau,Stadt,01809,Sächsische Schweiz-Osterzgebirge,Sachsen,50.980894,13.863536,16686
095769454454,Heidenberg,,,Roth,Bayern,49.286753,10.999405,0
072315006204,Heidenburg,,54426,Bernkastel-Wittlich,Rheinland-Pfalz,49.800618,6.917787,690
095775536140,Heidenheim,M,91719,Weißenburg-Gunzenhausen,Bayern,49.017099,10.743353,2487
081355002019,Heidenheim an der Brenz,Stadt,89522,Heidenheim,Baden-Württemberg,48.677736,10.154639,50618
064390005005,Heidenrod,,65321,Rheingau-Taunus-Kreis,Hessen,50.212879,7.995855,7437
145215132280,Heidersdorf,,09526,Erzgebirgskreis,Sachsen,50.675204,13.406375,742
120610217217,Heidesee,,15754,Dahme-Spreewald,Brandenburg,52.293584,13.790831,7407
010565690023,Heidgraben,,25436,Pinneberg,Schleswig-Holstein,53.705801,9.685133,2872
010605005037,Heidmoor,,24632,Segeberg,Schleswig-Holstein,53.864473,9.819023,311
010605063038,Heidmühlen,,24598,Segeberg,Schleswig-Holstein,53.972482,10.083729,682
072315008051,Heidweiler,,54518,Bernkastel-Wittlich,Rheinland-Pfalz,49.910366,6.745152,170
096715602126,Heigenbrücken,,63869,Aschaffenburg,Bayern,50.026528,9.371773,2207
010575782025,Heikendorf,,24226,Plön,Schleswig-Holstein,54.371303,10.207126,8372
072325005047,Heilbach,,54673,Eifelkreis Bitburg-Prüm,Rheinland-Pfalz,50.057738,6.29337,112
160610045045,Heilbad Heiligenstadt,Stadt,37308,Eichsfeld,Thüringen,51.378474,10.137999,18230
071435004026,Heilberscheid,,56412,Westerwaldkreis,Rheinland-Pfalz,50.411216,7.892491,628
081210000000,Heilbronn,Universitätsstadt,74072,Heilbronn,Baden-Württemberg,49.140428,9.217953,131986
072325008048,Heilenbach,,54636,Eifelkreis Bitburg-Prüm,Rheinland-Pfalz,50.06426,6.46523,104
084355005020,Heiligenberg,,88633,Bodenseekreis,Baden-Württemberg,47.821299,9.312802,2836
120680181181,Heiligengrabe,,16909,Ostprignitz-Ruppin,Brandenburg,53.145062,12.364917,4352
010550021021,Heiligenhafen,Stadt,23774,Ostholstein,Schleswig-Holstein,54.373048,10.974623,9484
051580012012,Heiligenhaus,Stadt,42579,Mettmann,Nordrhein-Westfalen,51.326038,6.966531,26252
073355010013,Heiligenmoschel,,67699,Kaiserslautern,Rheinland-Pfalz,49.555985,7.757549,614
071435004027,Heiligenroth,,56412,Westerwaldkreis,Rheinland-Pfalz,50.449798,7.863387,1461
094710142142,Heiligenstadt i.OFr.,M,91332,Bamberg,Bayern,49.86497,11.170726,3616
010615138034,Heiligenstedten,,25524,Steinburg,Schleswig-Holstein,53.930303,9.467898,1500
010615138035,Heiligenstedtenerkamp,,25524,Steinburg,Schleswig-Holstein,53.898674,9.466889,709
082265007029,Heiligkreuzsteinach,,69253,Rhein-Neckar-Kreis,Baden-Württemberg,49.485877,8.797006,2614
095710165165,Heilsbronn,St,91560,Ansbach,Bayern,49.339366,10.786643,9692
010625244032,Heilshoop,,23619,Stormarn,Schleswig-Holstein,53.887659,10.530579,546
053580012012,Heimbach,Stadt,52396,Düren,Nordrhein-Westfalen,50.633398,6.480769,4487
071345001036,Heimbach,,55779,Birkenfeld,Rheinland-Pfalz,49.61458,7.250356,1029
071435002236,Heimborn,,57629,Westerwaldkreis,Rheinland-Pfalz,50.708997,7.755328,284
096715603127,Heimbuchenthal,,63872,Aschaffenburg,Bayern,49.895194,9.303118,2140
097760114114,Heimenkirch,M,88178,Lindau (Bodensee),Bayern,47.630373,9.903797,3484
097785761150,Heimertingen,,87751,Unterallgäu,Bayern,48.038173,10.154832,1830
082365001025,Heimsheim,Stadt,71296,Enzkreis,Baden-Württemberg,48.805183,8.863456,5530
071335009041,Heimweiler,,55606,Bad Kreuznach,Rheinland-Pfalz,49.755668,7.486976,410
032555409018,Heinade,,37627,Holzminden,Niedersachsen,51.839233,9.632864,775
033595409024,Heinbockel,,21726,Stade,Niedersachsen,53.574148,9.326721,1453
120715107176,Heinersbrück/Móst,,03185,Spree-Neiße,Brandenburg,51.817153,14.507622,564
094720150150,Heinersreuth,,95500,Bayreuth,Bayern,49.967748,11.53198,3700
094729458458,Heinersreuther Forst,,,Bayreuth,Bayern,49.964796,11.506742,0
031585403019,Heiningen,,38312,Wolfenbüttel,Niedersachsen,52.070091,10.554777,682
081175011030,Heiningen,,73092,Göppingen,Baden-Württemberg,48.660666,9.651131,5077
010585895074,Heinkenborstel,,24594,Rendsburg-Eckernförde,Schleswig-Holstein,54.130804,9.75104,138
096715602128,Heinrichsthal,,63871,Aschaffenburg,Bayern,50.071523,9.344068,819
096719453453,Heinrichsthaler Forst,,,Aschaffenburg,Bayern,50.052689,9.372651,0
130755559048,Heinrichswalde,,17379,Vorpommern-Greifswald,Mecklenburg-Vorpommern,53.613514,13.777084,339
053700016016,Heinsberg,Stadt,52525,Heinsberg,Nordrhein-Westfalen,51.061906,6.094538,43163
145235125150,Heinsdorfergrund,,08468,Vogtlandkreis,Sachsen,50.620787,12.366175,1935
032555408019,Heinsen,,37649,Holzminden,Niedersachsen,51.883855,9.434358,697
071405004049,Heinzenbach,,55483,Rhein-Hunsrück-Kreis,Rheinland-Pfalz,49.975394,7.415982,436
071335009042,Heinzenberg,,55606,Bad Kreuznach,Rheinland-Pfalz,49.824894,7.484983,29
073365008038,Heinzenhausen,,67742,Kusel,Rheinland-Pfalz,49.628652,7.606073,254
072325006238,Heisdorf,,54614,Eifelkreis Bitburg-Prüm,Rheinland-Pfalz,50.134721,6.429544,117
010565690024,Heist,,25492,Pinneberg,Schleswig-Holstein,53.654819,9.656576,2973
071415003053,Heistenbach,,65558,Rhein-Lahn-Kreis,Rheinland-Pfalz,50.379129,7.98542,1046
083155006050,Heitersheim,Stadt,79423,Breisgau-Hochschwarzwald,Baden-Württemberg,47.871917,7.664915,6577
160650032032,Helbedündorf,,99713,Kyffhäuserkreis,Thüringen,51.341369,10.593341,2113
150875052205,Helbra,,06311,Mansfeld-Südharz,Sachsen-Anhalt,51.555953,11.492038,3687
160695004063,Heldburg,Stadt,98663,Hildburghausen,Thüringen,50.28002,10.725542,3261
091835145120,Heldenstein,,84431,Mühldorf a.Inn,Bayern,48.241755,12.36415,2821
071435010028,Helferskirchen,,56244,Westerwaldkreis,Rheinland-Pfalz,50.512795,7.814659,1236
010560025025,Helgoland,,27498,Pinneberg,Schleswig-Holstein,54.181561,7.887147,1329
071435006237,Hellenhahn-Schellenberg,,56479,Westerwaldkreis,Rheinland-Pfalz,50.61068,8.024118,1222
053660020020,Hellenthal,,53940,Euskirchen,Nordrhein-Westfalen,50.490262,6.4342,7834
071345005037,Hellertshausen,,55758,Birkenfeld,Rheinland-Pfalz,49.820353,7.277309,203
010515178045,Hellschen-Heringsand-Unterschaar,,25764,Dithmarschen,Schleswig-Holstein,54.194536,8.872882,159
033575406022,Hellwege,,27367,Rotenburg (Wümme),Niedersachsen,53.074033,9.232909,1100
094750136136,Helmbrechts,St,95233,Hof,Bayern,50.236794,11.715874,8125
071325010047,Helmenzen,,57612,Altenkirchen (Westerwald),Rheinland-Pfalz,50.694927,7.623126,936
071325010048,Helmeroth,,57612,Altenkirchen (Westerwald),Rheinland-Pfalz,50.741338,7.737901,217
096795649144,Helmstadt,M,97264,Würzburg,Bayern,49.760569,9.707384,2547
082265009106,Helmstadt-Bargen,,74921,Rhein-Neckar-Kreis,Baden-Württemberg,49.326395,8.975061,3887
031540028028,Helmstedt,Stadt,38350,Helmstedt,Niedersachsen,52.227571,11.010462,25099
031549502502,Helmstedt,gemfr. Gebiet,,Helmstedt,Niedersachsen,52.244135,11.040026,0
010575727026,Helmstorf,,24321,Plön,Schleswig-Holstein,54.286644,10.593478,299
032575405013,Helpsen,,31691,Schaumburg,Niedersachsen,52.311691,9.115865,1891
066330012012,Helsa,,34298,Kassel,Hessen,51.257311,9.686204,5305
010515166046,Helse,,25709,Dithmarschen,Schleswig-Holstein,53.977556,9.010226,832
073405006015,Heltersberg,,67716,Südwestpfalz,Rheinland-Pfalz,49.312475,7.713758,1891
033575402023,Helvesiek,,27389,Rotenburg (Wümme),Niedersachsen,53.215831,9.490545,894
093750148148,Hemau,St,93155,Regensburg,Bayern,49.053299,11.781339,9408
010565660026,Hemdingen,,25485,Pinneberg,Schleswig-Holstein,53.762926,9.836865,1791
059620016016,Hemer,Stadt,58675,Märkischer Kreis,Nordrhein-Westfalen,51.385395,7.765233,35005
095720130130,Hemhofen,,91334,Erlangen-Höchstadt,Bayern,49.683384,10.939122,5220
010515169047,Hemme,,25774,Dithmarschen,Schleswig-Holstein,54.28021,9.010966,521
071325010049,Hemmelzen,,57612,Altenkirchen (Westerwald),Rheinland-Pfalz,50.692642,7.580795,282
095755519130,Hemmersheim,,97258,Neustadt a.d.Aisch-Bad Windsheim,Bayern,49.562474,10.095223,664
032410007007,Hemmingen,Stadt,30966,Region Hannover,Niedersachsen,52.32069,9.747743,18932
081185006027,Hemmingen,,71282,Ludwigsburg,Baden-Württemberg,48.865398,9.032461,7901
010515172048,Hemmingstedt,,25770,Dithmarschen,Schleswig-Holstein,54.147509,9.072111,2860
033525407022,Hemmoor,Stadt,21745,Cuxhaven,Niedersachsen,53.692362,9.153373,8709
082265003031,Hemsbach,Stadt,69502,Rhein-Neckar-Kreis,Baden-Württemberg,49.592797,8.656453,11915
033575401024,Hemsbünde,,27386,Rotenburg (Wümme),Niedersachsen,53.091079,9.466735,1145
033575401025,Hemslingen,,27386,Rotenburg (Wümme),Niedersachsen,53.087928,9.597826,1461
032515405019,Hemsloh,,49453,Diepholz,Niedersachsen,52.601629,8.509428,523
071405004050,Henau,,55490,Rhein-Hunsrück-Kreis,Rheinland-Pfalz,49.869699,7.495945,155
096735633130,Hendungen,,97640,Rhön-Grabfeld,Bayern,50.394282,10.353266,833
095745529131,Henfenfeld,,91239,Nürnberger Land,Bayern,49.496846,11.390931,1735
160695002021,Henfstädt,,98660,Hildburghausen,Thüringen,50.515389,10.589037,304
092710125125,Hengersberg,M,94491,Deggendorf,Bayern,48.773446,13.051305,7810
053820020020,Hennef (Sieg),Stadt,53773,Rhein-Sieg-Kreis,Nordrhein-Westfalen,50.775911,7.282575,48188
120650136136,Hennigsdorf,Stadt,16761,Oberhavel,Brandenburg,52.639059,13.209009,26677
010515169049,Hennstedt,,25779,Dithmarschen,Schleswig-Holstein,54.283636,9.168248,2028
010615189036,Hennstedt,,25581,Steinburg,Schleswig-Holstein,54.030506,9.718676,614
071335009043,Hennweiler,,55619,Bad Kreuznach,Rheinland-Pfalz,49.819237,7.436117,1190
073365009037,Henschtal,,66909,Kusel,Rheinland-Pfalz,49.464774,7.408479,325
010600039039,Henstedt-Ulzburg,,24558,Segeberg,Schleswig-Holstein,53.790485,9.980847,28325
072355008043,Hentern,,54314,Trier-Saarburg,Rheinland-Pfalz,49.61707,6.693105,457
091760131131,Hepberg,,85120,Eichstätt,Bayern,48.822885,11.461106,3020
064310011011,Heppenheim (Bergstraße),Kreisstadt,64646,Bergstraße,Hessen,49.641185,8.644017,27864
033575407026,Hepstedt,,27412,Rotenburg (Wümme),Niedersachsen,53.258743,9.082648,1011
084375005044,Herbertingen,,88518,Sigmaringen,Baden-Württemberg,48.061061,9.438105,4738
083165004017,Herbolzheim,Stadt,79336,Emmendingen,Baden-Württemberg,48.222221,7.777447,10783
065320012012,Herborn,Stadt,35745,Lahn-Dill-Kreis,Hessen,50.682575,8.302982,20421
071345005038,Herborn,,55758,Birkenfeld,Rheinland-Pfalz,49.766709,7.294177,516
081350020020,Herbrechtingen,Stadt,89542,Heidenheim,Baden-Württemberg,48.621668,10.175775,13238
160645051022,Herbsleben,,99955,Unstrut-Hainich-Kreis,Thüringen,51.118059,10.838522,2781
096735634131,Herbstadt,,97633,Rhön-Grabfeld,Bayern,50.330664,10.501167,614
065350008008,Herbstein,Stadt,36358,Vogelsbergkreis,Hessen,50.562502,9.348731,4583
072325005049,Herbstmühle,,54673,Eifelkreis Bitburg-Prüm,Rheinland-Pfalz,50.001599,6.224003,25
073365010039,Herchweiler,,66871,Kusel,Rheinland-Pfalz,49.514034,7.29075,478
059540020020,Herdecke,Stadt,58313,Ennepe-Ruhr-Kreis,Nordrhein-Westfalen,51.3994,7.430129,22772
071325003050,Herdorf,Stadt,57562,Altenkirchen (Westerwald),Rheinland-Pfalz,50.778162,7.949645,6508
084375004124,Herdwangen-Schönach,,88634,Sigmaringen,Baden-Württemberg,47.862679,9.168242,3385
097725707156,Heretsried,,86465,Augsburg,Bayern,48.459,10.736938,1030
057580012012,Herford,Hansestadt,32052,Herford,Nordrhein-Westfalen,52.115598,8.673516,67503
072325007050,Herforst,,54662,Eifelkreis Bitburg-Prüm,Rheinland-Pfalz,49.946466,6.695817,1228
097760131131,Hergatz,,88145,Lindau (Bodensee),Bayern,47.649596,9.829729,2448
071335006044,Hergenfeld,,55452,Bad Kreuznach,Rheinland-Pfalz,49.904556,7.762822,502
071435009238,Hergenroth,,56457,Westerwaldkreis,Rheinland-Pfalz,50.581311,7.972902,457
097765735115,Hergensweiler,,88138,Lindau (Bodensee),Bayern,47.610668,9.77809,1893
073375002037,Hergersweiler,,76872,Südliche Weinstraße,Rheinland-Pfalz,49.09667,8.09162,232
150875052210,Hergisdorf,,06313,Mansfeld-Südharz,Sachsen-Anhalt,51.537983,11.47889,1395
066320009009,Heringen (Werra),Stadt,36266,Hersfeld-Rotenburg,Hessen,50.888153,10.007553,6669
160625053064,Heringen/Helme,Stadt,99765,Nordhausen,Thüringen,51.447014,10.875723,4474
010555543022,Heringsdorf,,23777,Ostholstein,Schleswig-Holstein,54.300432,11.003697,1160
130750049049,Heringsdorf,Ostseebad,17424,Vorpommern-Greifswald,Mecklenburg-Vorpommern,53.954343,14.1672,5790
072355004044,Herl,,54317,Trier-Saarburg,Rheinland-Pfalz,49.730854,6.821259,248
066360005005,Herleshausen,,37293,Werra-Meißner-Kreis,Hessen,51.006221,10.161532,2620
081355001021,Hermaringen,,89568,Heidenheim,Baden-Württemberg,48.596078,10.261636,2341
073405006016,Hermersberg,,66919,Südwestpfalz,Rheinland-Pfalz,49.322729,7.629693,1655
072355001045,Hermeskeil,Stadt,54411,Trier-Saarburg,Rheinland-Pfalz,49.655416,6.94817,6677
120665607124,Hermsdorf,,01945,Oberspreewald-Lausitz,Brandenburg,51.404965,13.894611,733
160745014041,Hermsdorf,Stadt,07629,Saale-Holzland-Kreis,Thüringen,50.896145,11.856674,8210
146285201170,Hermsdorf/Erzgeb.,,01776,Sächsische Schweiz-Osterzgebirge,Sachsen,50.76075,13.630105,725
059160000000,Herne,Stadt,44623,Herne,Nordrhein-Westfalen,51.540365,7.222793,155851
071415011054,Herold,,56368,Rhein-Lahn-Kreis,Rheinland-Pfalz,50.278017,7.934103,385
094740135135,Heroldsbach,,91336,Forchheim,Bayern,49.693227,10.997822,5050
095720131131,Heroldsberg,M,90562,Erlangen-Höchstadt,Bayern,49.535894,11.156797,8281
084255007139,Heroldstatt,,72535,Alb-Donau-Kreis,Baden-Württemberg,48.446332,9.669339,2931
073365008040,Herren-Sulzbach,,67742,Kusel,Rheinland-Pfalz,49.648863,7.528804,157
081155003021,Herrenberg,Stadt,71083,Böblingen,Baden-Württemberg,48.595705,8.867369,34192
071375003035,Herresbach,,56729,Mayen-Koblenz,Rheinland-Pfalz,50.357341,7.020963,475
095710166166,Herrieden,St,91567,Ansbach,Bayern,49.23568,10.495052,8295
083375005049,Herrischried,,79737,Waldshut,Baden-Württemberg,47.665518,8.001829,2648
092735217127,Herrngiersdorf,,84097,Kelheim,Bayern,48.790009,12.065933,1412
146260180180,Herrnhut,Stadt,02747,Görlitz,Sachsen,51.015492,14.74397,5695
096779458458,Herrnwald,,,Main-Spessart,Bayern,50.09903,9.571336,0
091880124124,Herrsching a.Ammersee,,82211,Starnberg,Bayern,47.998832,11.177104,11099
071345005039,Herrstein,,55756,Birkenfeld,Rheinland-Pfalz,49.78073,7.337804,807
095740132132,Hersbruck,St,91217,Nürnberger Land,Bayern,49.507981,11.429693,12346
071435007029,Herschbach,,56249,Westerwaldkreis,Rheinland-Pfalz,50.574191,7.738599,3018
071435008239,Herschbach (Oberwesterwald),,56414,Westerwaldkreis,Rheinland-Pfalz,50.505286,7.926335,949
073405009017,Herschberg,,66919,Südwestpfalz,Rheinland-Pfalz,49.305887,7.546333,820
071315001028,Herschbroich,,53518,Ahrweiler,Rheinland-Pfalz,50.365659,6.968847,282
059620020020,Herscheid,,58849,Märkischer Kreis,Nordrhein-Westfalen,51.177282,7.745898,6821
073365009041,Herschweiler-Pettersheim,,66909,Kusel,Rheinland-Pfalz,49.476474,7.34879,1285
072325006332,Hersdorf,,54597,Eifelkreis Bitburg-Prüm,Rheinland-Pfalz,50.171871,6.508737,399
055620020020,Herten,Stadt,45699,Recklinghausen,Nordrhein-Westfalen,51.59465,7.140236,60941
073325002026,Herxheim am Berg,,67273,Bad Dürkheim,Rheinland-Pfalz,49.509464,8.17949,734
073375004038,Herxheim bei Landau/ Pfalz,,76863,Südliche Weinstraße,Rheinland-Pfalz,49.146625,8.217143,11093
073375004039,Herxheimweyher,,76863,Südliche Weinstraße,Rheinland-Pfalz,49.152162,8.254224,601
120620224224,Herzberg (Elster),Stadt,04916,Elbe-Elster,Brandenburg,51.69229,13.23544,8732
120685804188,Herzberg (Mark),,16835,Ostprignitz-Ruppin,Brandenburg,52.902818,12.96994,646
031590019019,Herzberg am Harz,Stadt,37412,Göttingen,Niedersachsen,51.65664,10.340023,12792
057540020020,Herzebrock-Clarholz,,33442,Gütersloh,Nordrhein-Westfalen,51.879791,8.240956,16419
072325001240,Herzfeld,,54619,Eifelkreis Bitburg-Prüm,Rheinland-Pfalz,50.133734,6.209693,35
010615134037,Herzhorn,,25379,Steinburg,Schleswig-Holstein,53.786143,9.483017,1126
034545403021,Herzlake,,49770,Emsland,Niedersachsen,52.684854,7.606648,4788
095720132132,Herzogenaurach,St,91074,Erlangen-Höchstadt,Bayern,49.568566,10.883873,24237
053340016016,Herzogenrath,Stadt,52134,Städteregion Aachen,Nordrhein-Westfalen,50.865711,6.089184,48574
034575402010,Hesel,,26835,Leer,Niedersachsen,53.305406,7.59365,4714
032575405014,Hespe,,31693,Schaumburg,Niedersachsen,52.328099,9.108916,2024
095725539133,Heßdorf,,91093,Erlangen-Höchstadt,Bayern,49.627077,10.909826,3808
073385006012,Heßheim,,67258,Rhein-Pfalz-Kreis,Rheinland-Pfalz,49.545778,8.309203,3089
081185001028,Hessigheim,,74394,Ludwigsburg,Baden-Württemberg,48.992263,9.187949,2502
066360006006,Hessisch Lichtenau,Stadt,37235,Werra-Meißner-Kreis,Hessen,51.198577,9.720907,12337
032520007007,Hessisch Oldendorf,Stadt,31840,Hameln-Pyrmont,Niedersachsen,52.168347,9.252506,18567
071355005041,Hesweiler,,56865,Cochem-Zell,Rheinland-Pfalz,50.042851,7.279078,118
010565690027,Hetlingen,,25491,Pinneberg,Schleswig-Holstein,53.607678,9.63544,1450
160715008031,Hetschburg,,99438,Weimarer Land,Thüringen,50.913161,11.299672,227
073405009018,Hettenhausen,,66919,Südwestpfalz,Rheinland-Pfalz,49.336202,7.555393,190
073325007027,Hettenleidelheim,,67310,Bad Dürkheim,Rheinland-Pfalz,49.534527,8.069795,3056
071345005040,Hettenrodt,,55758,Birkenfeld,Rheinland-Pfalz,49.73953,7.254544,644
091865157126,Hettenshausen,,85276,Pfaffenhofen a.d.Ilm,Bayern,48.500628,11.504584,2149
084375001047,Hettingen,Stadt,72513,Sigmaringen,Baden-Württemberg,48.219073,9.234626,1861
096795655146,Hettstadt,,97265,Würzburg,Bayern,49.801523,9.815768,3597
150870220220,Hettstedt,Stadt,06333,Mansfeld-Südharz,Sachsen-Anhalt,51.645013,11.51366,12783
072315008053,Hetzerath,,54523,Bernkastel-Wittlich,Rheinland-Pfalz,49.878596,6.814376,2553
094745426137,Hetzles,,91077,Forchheim,Bayern,49.635223,11.128533,1362
081365006028,Heubach,Stadt,73540,Ostalbkreis,Baden-Württemberg,48.78878,9.934626,10145
065310007007,Heuchelheim a. d. Lahn,,35452,Gießen,Hessen,50.582394,8.631242,7773
073385006013,Heuchelheim bei Frankenthal,,67259,Rhein-Pfalz-Kreis,Rheinland-Pfalz,49.56327,8.289569,1287
073375005040,Heuchelheim-Klingen,,76831,Südliche Weinstraße,Rheinland-Pfalz,49.146644,8.053527,811
081365006029,Heuchlingen,,73572,Ostalbkreis,Baden-Württemberg,48.853843,9.942563,1864
032575402015,Heuerßen,,31700,Schaumburg,Niedersachsen,52.329615,9.277037,901
160775009016,Heukewalde,,04626,Altenburger Land,Thüringen,50.837385,12.269508,188
071325010051,Heupelzen,,57612,Altenkirchen (Westerwald),Rheinland-Pfalz,50.723875,7.620546,251
064380005005,Heusenstamm,Stadt,63150,Offenbach,Hessen,50.059432,8.806283,19312
096735638133,Heustreu,,97618,Rhön-Grabfeld,Bayern,50.35418,10.258,1269
100410513513,Heusweiler,,66265,Regionalverband Saarbrücken,Saarland,49.338578,6.928681,18427
160615009047,Heuthen,,37308,Eichsfeld,Thüringen,51.33269,10.220946,706
083155005051,Heuweiler,,79194,Breisgau-Hochschwarzwald,Baden-Württemberg,48.052008,7.903166,1159
071435002240,Heuzert,,57627,Westerwaldkreis,Rheinland-Pfalz,50.697905,7.759156,122
032555408020,Heyen,,37619,Holzminden,Niedersachsen,52.008111,9.504859,403
160775050017,Heyersdorf,,04626,Altenburger Land,Thüringen,50.848248,12.354895,111
057580016016,Hiddenhausen,,32120,Herford,Nordrhein-Westfalen,52.166041,8.616108,19669
160765004027,Hilbersdorf,,07580,Greiz,Thüringen,50.819911,12.149375,194
059700020020,Hilchenbach,Stadt,57271,Siegen-Wittgenstein,Nordrhein-Westfalen,50.995897,8.113101,14412
160690024024,Hildburghausen,Stadt,98646,Hildburghausen,Thüringen,50.425612,10.729007,11632
051580016016,Hilden,Stadt,40721,Mettmann,Nordrhein-Westfalen,51.168245,6.933705,55157
066310012012,Hilders,Marktgemeinde,36115,Fulda,Hessen,50.572246,10.002214,4733
032540021021,Hildesheim,Stadt,31134,Hildesheim,Niedersachsen,52.150623,9.948181,98510
081155004022,Hildrizhausen,,71157,Böblingen,Baden-Württemberg,48.624078,8.965976,3581
071325010052,Hilgenroth,,57612,Altenkirchen (Westerwald),Rheinland-Pfalz,50.736535,7.650016,298
032565409013,Hilgermissen,,27318,Nienburg (Weser),Niedersachsen,52.844913,9.149399,2024
071435003030,Hilgert,,56206,Westerwaldkreis,Rheinland-Pfalz,50.455738,7.689004,1516
091740147147,Hilgertshausen-Tandern,,86567,Dachau,Bayern,48.429543,11.354829,3342
034545406022,Hilkenbrook,,26897,Emsland,Niedersachsen,52.984367,7.70807,774
057700012012,Hille,,32479,Minden-Lübbecke,Nordrhein-Westfalen,52.337196,8.743508,16274
031515405012,Hillerse,,38543,Gifhorn,Niedersachsen,52.413097,10.404067,2489
072335006029,Hillesheim,Stadt,54576,Vulkaneifel,Rheinland-Pfalz,50.291371,6.672058,3207
073395007028,Hillesheim,,67586,Mainz-Bingen,Rheinland-Pfalz,49.77799,8.256303,675
010515178050,Hillgroven,,25764,Dithmarschen,Schleswig-Holstein,54.227921,8.874901,54
071435003031,Hillscheid,,56204,Westerwaldkreis,Rheinland-Pfalz,50.402861,7.696086,2444
095760127127,Hilpoltstein,St,91161,Roth,Bayern,49.190711,11.188846,13654
072315006054,Hilscheid,,54426,Bernkastel-Wittlich,Rheinland-Pfalz,49.731524,7.00483,261
073405003019,Hilst,,66957,Südwestpfalz,Rheinland-Pfalz,49.124989,7.529388,321
097725712157,Hiltenfingen,,86856,Augsburg,Bayern,48.161613,10.718065,1637
034590022022,Hilter am Teutoburger Wald,,49176,Osnabrück,Niedersachsen,52.13943,8.146029,10067
094745427138,Hiltpoltstein,M,91355,Forchheim,Bayern,49.660459,11.32105,1479
083350035035,Hilzingen,,78247,Konstanz,Baden-Württemberg,47.765627,8.777866,9196
033605407011,Himbergen,,29584,Uelzen,Niedersachsen,53.093107,10.727876,1708
094770121121,Himmelkron,,95502,Kulmbach,Bayern,50.063103,11.595618,3249
033595409025,Himmelpforten,,21709,Stade,Niedersachsen,53.614176,9.30532,5172
096775625142,Himmelstadt,,97267,Main-Spessart,Bayern,49.924436,9.799753,1598
071415007055,Himmighofen,,56357,Rhein-Lahn-Kreis,Rheinland-Pfalz,50.212893,7.765383,332
010615189038,Hingstheide,,25563,Steinburg,Schleswig-Holstein,53.907529,9.753261,78
130755555050,Hinrichshagen,,17498,Vorpommern-Greifswald,Mecklenburg-Vorpommern,54.066754,13.32391,934
034520011011,Hinte,,26759,Aurich,Niedersachsen,53.415474,7.193843,7269
092725212126,Hinterschmiding,,94146,Freyung-Grafenau,Bayern,48.823037,13.601129,2442
130755552051,Hintersee,,17375,Vorpommern-Greifswald,Mecklenburg-Vorpommern,53.627649,14.261641,295
071345005041,Hintertiefenbach,,55743,Birkenfeld,Rheinland-Pfalz,49.739617,7.356002,324
073405002020,Hinterweidenthal,,66999,Südwestpfalz,Rheinland-Pfalz,49.194296,7.756935,1484
072335001030,Hinterweiler,,54570,Vulkaneifel,Rheinland-Pfalz,50.236396,6.755523,221
083155008052,Hinterzarten,,79856,Breisgau-Hochschwarzwald,Baden-Württemberg,47.903858,8.105627,2510
072355004046,Hinzenburg,,54316,Trier-Saarburg,Rheinland-Pfalz,49.663962,6.727006,138
072355001047,Hinzert-Pölert,,54421,Trier-Saarburg,Rheinland-Pfalz,49.699721,6.909359,288
073365008042,Hinzweiler,,67756,Kusel,Rheinland-Pfalz,49.591813,7.548683,295
033575403027,Hipstedt,,27432,Rotenburg (Wümme),Niedersachsen,53.495714,8.968361,1209
084165003018,Hirrlingen,,72145,Tübingen,Baden-Württemberg,48.412349,8.887737,3123
094710145145,Hirschaid,M,96114,Bamberg,Bayern,49.816976,10.98909,12429
093710127127,Hirschau,St,92242,Amberg-Sulzbach,Bayern,49.544228,11.942747,5726
093715302128,Hirschbach,,92275,Amberg-Sulzbach,Bayern,49.55553,11.537719,1184
071415003057,Hirschberg,,65558,Rhein-Lahn-Kreis,Rheinland-Pfalz,50.378067,7.922446,409
160750046046,Hirschberg,Stadt,07927,Saale-Orla-Kreis,Thüringen,50.406073,11.818713,2105
082260107107,Hirschberg an der Bergstraße,,69493,Rhein-Neckar-Kreis,Baden-Württemberg,49.49855,8.656323,9647
120625211232,Hirschfeld,,04932,Elbe-Elster,Brandenburg,51.386942,13.616906,1173
145245111110,Hirschfeld,,08144,Zwickau,Sachsen,50.625377,12.459731,1040
160765008028,Hirschfeld,,07554,Greiz,Thüringen,50.941708,12.186948,93
071405004053,Hirschfeld (Hunsrück),,55483,Rhein-Hunsrück-Kreis,Rheinland-Pfalz,49.897172,7.241851,285
064310012012,Hirschhorn (Neckar),Stadt,69434,Bergstraße,Hessen,49.447519,8.896627,3482
073355010014,Hirschhorn/ Pfalz,,67732,Kaiserslautern,Rheinland-Pfalz,49.519289,7.678926,723
146270070070,Hirschstein,,01594,Meißen,Sachsen,51.258137,13.31228,1945
073405001021,Hirschthal,,66996,Südwestpfalz,Rheinland-Pfalz,49.049044,7.756748,77
071375003036,Hirten,,56729,Mayen-Koblenz,Rheinland-Pfalz,50.32619,7.113625,253
071325010053,Hirz-Maulsbach,,57635,Altenkirchen (Westerwald),Rheinland-Pfalz,50.683376,7.476652,310
064400011011,Hirzenhain,,63697,Wetteraukreis,Hessen,50.390853,9.135835,2750
033555407018,Hittbergen,,21522,Lüneburg,Niedersachsen,53.344572,10.59062,961
033545406009,Hitzacker (Elbe),Stadt,29456,Lüchow-Dannenberg,Niedersachsen,53.151971,11.0472,4566
091760132132,Hitzhofen,,85122,Eichstätt,Bayern,48.847072,11.321686,3017
010605005040,Hitzhusen,,24576,Segeberg,Schleswig-Holstein,53.923021,9.851845,1250
073315007011,Hochborn,,55234,Alzey-Worms,Rheinland-Pfalz,49.724196,8.200787,409
010515163051,Hochdonn,,25712,Dithmarschen,Schleswig-Holstein,54.019564,9.293145,1083
081165007027,Hochdorf,,73269,Esslingen,Baden-Württemberg,48.692863,9.46184,4773
084265003058,Hochdorf,,88454,Biberach,Baden-Württemberg,48.02488,9.787135,2383
073385001014,Hochdorf-Assenheim,,67126,Rhein-Pfalz-Kreis,Rheinland-Pfalz,49.41743,8.276523,3068
064360006006,Hochheim am Main,Stadt,65239,Main-Taunus-Kreis,Hessen,50.01113,8.353313,18422
146250230230,Hochkirch / Bukecy,,02627,Bautzen,Sachsen,51.148497,14.57016,2162
072315001056,Hochscheid,,54472,Bernkastel-Wittlich,Rheinland-Pfalz,49.874917,7.217797,254
073355002015,Hochspeyer,,67691,Kaiserslautern,Rheinland-Pfalz,49.44412,7.89553,4721
073375007041,Hochstadt (Pfalz),,76879,Südliche Weinstraße,Rheinland-Pfalz,49.239511,8.208647,2771
094785446127,Hochstadt a.Main,,96272,Lichtenfels,Bayern,50.150313,11.171136,1558
071335009046,Hochstetten-Dhaun,,55606,Bad Kreuznach,Rheinland-Pfalz,49.799078,7.505357,1664
071335001045,Hochstätten,,55585,Bad Kreuznach,Rheinland-Pfalz,49.764613,7.83198,656
082265004032,Hockenheim,Stadt,68766,Rhein-Neckar-Kreis,Baden-Württemberg,49.318938,8.547437,21623
072355007048,Hockweiler,,54316,Trier-Saarburg,Rheinland-Pfalz,49.703335,6.69231,282
033585401014,Hodenhagen,,29693,Heidekreis,Niedersachsen,52.762312,9.583601,3099
010615138039,Hodorf,,25569,Steinburg,Schleswig-Holstein,53.904109,9.428529,200
071435001243,Hof,,56472,Westerwaldkreis,Rheinland-Pfalz,50.666559,8.014413,1317
094640000000,Hof,,95015,Hof,Bayern,50.316521,11.913545,46778
066310013013,Hofbieber,,36145,Fulda,Hessen,50.587183,9.837891,6275
010585889076,Hoffeld,,24582,Rendsburg-Eckernförde,Schleswig-Holstein,54.187049,9.986036,181
071315001030,Hoffeld,,53534,Ahrweiler,Rheinland-Pfalz,50.371144,6.820991,307
066330013013,Hofgeismar,Stadt,34369,Kassel,Hessen,51.494179,9.383496,14439
064360007007,Hofheim am Taunus,Kreisstadt,65719,Main-Taunus-Kreis,Hessen,50.088576,8.446053,39259
096745612149,Hofheim i.UFr.,St,97461,Haßberge,Bayern,50.137398,10.522104,5125
092750127127,Hofkirchen,M,94544,Passau,Bayern,48.6781,13.118197,3534
083175004046,Hofstetten,,77716,Ortenaukreis,Baden-Württemberg,48.257209,8.068304,1789
091815141124,Hofstetten,,86928,Landsberg am Lech,Bayern,48.008676,10.973051,1850
083175010047,Hohberg,,77749,Ortenaukreis,Baden-Württemberg,48.423963,7.908087,8186
150830298298,Hohe Börde,,39167,Börde,Sachsen-Anhalt,52.166272,11.483142,18747
096769455455,Hohe Wart,,,Miltenberg,Bayern,49.914347,9.264481,0
130725258045,Hohen Demzin,,17166,Landkreis Rostock,Mecklenburg-Vorpommern,53.720072,12.542909,361
120650144144,Hohen Neuendorf,Stadt,16540,Oberhavel,Brandenburg,52.671291,13.279528,26857
130765664062,Hohen Pritz,,19406,Ludwigslust-Parchim,Mecklenburg-Vorpommern,53.628644,11.89155,362
130725257046,Hohen Sprenz,,18299,Landkreis Rostock,Mecklenburg-Vorpommern,53.912664,12.195504,506
130745451031,Hohen Viecheln,,23996,Nordwestmecklenburg,Mecklenburg-Vorpommern,53.784554,11.510574,709
130715160063,Hohen Wangelin,,17194,Mecklenburgische Seenplatte,Mecklenburg-Vorpommern,53.611121,12.426222,522
073315003041,Hohen-Sülzen,,67591,Alzey-Worms,Rheinland-Pfalz,49.619342,8.226648,733
065320013013,Hohenahr,,35644,Lahn-Dill-Kreis,Hessen,50.67496,8.525823,4874
097795722162,Hohenaltheim,,86745,Donau-Ries,Bayern,48.78423,10.534662,555
010615138040,Hohenaspe,,25582,Steinburg,Schleswig-Holstein,53.989067,9.527581,1910
092720127127,Hohenau,,94545,Freyung-Grafenau,Bayern,48.85085,13.489842,3269
094795443127,Hohenberg a.d.Eger,St,95691,Wunsiedel i.Fichtelgebirge,Bayern,50.096856,12.222982,1384
150905051245,Hohenberg-Krusemark,,39596,Stendal,Sachsen-Anhalt,52.722925,11.947319,1128
120665607132,Hohenbocka,,01945,Oberspreewald-Lausitz,Brandenburg,51.43189,14.007666,969
130715151064,Hohenbollentin,,17111,Mecklenburgische Seenplatte,Mecklenburg-Vorpommern,53.788771,13.020607,98
091840129129,Hohenbrunn,,85662,München,Bayern,48.048186,11.702249,9032
120625209237,Hohenbucko,,04936,Elbe-Elster,Brandenburg,51.763612,13.47168,620
093710129129,Hohenburg,M,92277,Amberg-Sulzbach,Bayern,49.294684,11.799037,1805
146265502190,Hohendubrau / Wysoka Dubrawa,,02906,Görlitz,Sachsen,51.26465,14.645712,1837
010575727029,Hohenfelde,,24257,Plön,Schleswig-Holstein,54.370898,10.496402,1038
010615134041,Hohenfelde,,25358,Steinburg,Schleswig-Holstein,53.844594,9.624106,889
010625270033,Hohenfelde,,22946,Stormarn,Schleswig-Holstein,53.630603,10.473458,50
130725251047,Hohenfelde,,18209,Landkreis Rostock,Mecklenburg-Vorpommern,54.0779,11.909261,746
160715007032,Hohenfelden,,99448,Weimarer Land,Thüringen,50.878926,11.160457,374
083355006096,Hohenfels,,78355,Konstanz,Baden-Württemberg,47.885245,9.109328,2236
093730134134,Hohenfels,M,92366,Neumarkt i.d.OPf.,Bayern,49.203225,11.848658,2288
072335006033,Hohenfels-Essingen,,54570,Vulkaneifel,Rheinland-Pfalz,50.249784,6.733818,340
120605011092,Hohenfinow,,16248,Barnim,Brandenburg,52.809713,13.925103,524
091905174129,Hohenfurch,,86978,Weilheim-Schongau,Bayern,47.849139,10.897689,1721
160615008048,Hohengandern,,37318,Eichsfeld,Thüringen,51.374713,9.948252,563
031570002002,Hohenhameln,,31249,Peine,Niedersachsen,52.258403,10.062749,9396
010535323053,Hohenhorn,,21526,Herzogtum Lauenburg,Schleswig-Holstein,53.475734,10.367611,522
091780133133,Hohenkammer,,85411,Freising,Bayern,48.4241,11.523555,2697
130745454032,Hohenkirchen,,23968,Nordwestmecklenburg,Mecklenburg-Vorpommern,53.915746,11.306226,1029
071315004206,Hohenleimbach,,56746,Ahrweiler,Rheinland-Pfalz,50.412022,7.063639,370
120625207240,Hohenleipisch,,04934,Elbe-Elster,Brandenburg,51.497262,13.558446,1857
160765056029,Hohenleuben,Stadt,07958,Greiz,Thüringen,50.711787,12.051165,1373
091750123123,Hohenlinden,,85664,Ebersberg,Bayern,48.15734,11.996522,3339
010615189042,Hohenlockstedt,,25551,Steinburg,Schleswig-Holstein,53.964541,9.617875,5918
130715151065,Hohenmocker,,17111,Mecklenburgische Seenplatte,Mecklenburg-Vorpommern,53.820859,13.177869,449
150840235235,Hohenmölsen,Stadt,06679,Burgenlandkreis,Sachsen-Anhalt,51.156346,12.099888,9211
091900130130,Hohenpeißenberg,,82383,Weilheim-Schongau,Bayern,47.794447,11.006471,3865
091775125121,Hohenpolding,,84432,Erding,Bayern,48.383516,12.130701,1654
066320010010,Hohenroda,,36284,Hersfeld-Rotenburg,Hessen,50.782922,9.914097,3033
096735635135,Hohenroth,,97618,Rhön-Grabfeld,Bayern,50.314143,10.17179,3562
120735304309,Hohenselchow-Groß Pinnow,,16306,Uckermark,Brandenburg,53.204435,14.279904,694
081175007031,Hohenstadt,,73345,Göppingen,Baden-Württemberg,48.54445,9.663973,733
064390006006,Hohenstein,,65329,Rheingau-Taunus-Kreis,Hessen,50.194814,8.09854,5829
084155001090,Hohenstein,,72531,Reutlingen,Baden-Württemberg,48.348388,9.3727,3788
160620062062,Hohenstein,,99755,Nordhausen,Thüringen,51.556335,10.593938,2012
145240120120,Hohenstein-Ernstthal,Stadt,09337,Zwickau,Sachsen,50.800879,12.713152,13788
084375002053,Hohentengen,,88367,Sigmaringen,Baden-Württemberg,48.028673,9.376107,4147
083375003053,Hohentengen am Hochrhein,,79801,Waldshut,Baden-Württemberg,47.570554,8.434369,3633
092740141141,Hohenthann,,84098,Landshut,Bayern,48.659528,12.092887,4270
091860128128,Hohenwart,M,86558,Pfaffenhofen a.d.Ilm,Bayern,48.593242,11.382671,4903
160735051035,Hohenwarte,,07338,Saalfeld-Rudolstadt,Thüringen,50.606442,11.481941,158
093720135135,Hohenwarth,,93480,Cham,Bayern,49.203826,12.934712,1890
010585895077,Hohenwestedt,,24594,Rendsburg-Eckernförde,Schleswig-Holstein,54.09019,9.653278,5428
130715156066,Hohenzieritz,,17237,Mecklenburgische Seenplatte,Mecklenburg-Vorpommern,53.444498,13.09924,444
073365008043,Hohenöllen,,67744,Kusel,Rheinland-Pfalz,49.621112,7.626777,358
010585847078,Hohn,,24806,Rendsburg-Eckernförde,Schleswig-Holstein,54.298721,9.503416,2819
145210290290,Hohndorf,,09394,Erzgebirgskreis,Sachsen,50.746869,12.669884,3335
033515403015,Hohne,,29362,Celle,Niedersachsen,52.588534,10.371589,1663
032575403016,Hohnhorst,,31559,Schaumburg,Niedersachsen,52.368567,9.371285,2246
146280190190,Hohnstein,Stadt,01848,Sächsische Schweiz-Osterzgebirge,Sachsen,50.979682,14.110821,3150
033555407019,Hohnstorf (Elbe),,21522,Lüneburg,Niedersachsen,53.365767,10.554873,2280
010575727030,Hohwacht (Ostsee),,24321,Plön,Schleswig-Holstein,54.317936,10.676409,786
010625262035,Hoisdorf,,22955,Stormarn,Schleswig-Holstein,53.660162,10.309948,3479
034600005005,Holdorf,,49451,Vechta,Niedersachsen,52.588255,8.123229,7586
130745458033,Holdorf,,19217,Nordwestmecklenburg,Mecklenburg-Vorpommern,53.728156,11.064526,409
032555401021,Holenberg,,37642,Holzminden,Niedersachsen,51.909735,9.584829,391
130715161067,Holldorf,,17094,Mecklenburgische Seenplatte,Mecklenburg-Vorpommern,53.465463,13.272109,740
032540022022,Holle,,31188,Hildesheim,Niedersachsen,52.087422,10.16074,6561
097710140140,Hollenbach,,86568,Aichach-Friedberg,Bayern,48.488339,11.075061,2484
010535358054,Hollenbek,,23883,Herzogtum Lauenburg,Schleswig-Holstein,53.592298,10.819794,476
033535403019,Hollenstedt,,21279,Harburg,Niedersachsen,53.36705,9.715365,3771
071435004033,Holler,,56412,Westerwaldkreis,Rheinland-Pfalz,50.412335,7.834451,1009
033595406026,Hollern-Twielenfleth,,21723,Stade,Niedersachsen,53.592055,9.550708,3269
094725412154,Hollfeld,St,96142,Bayreuth,Bayern,49.937051,11.290753,4784
010515169053,Hollingstedt,,25788,Dithmarschen,Schleswig-Holstein,54.290548,9.226797,320
010595993039,Hollingstedt,,24876,Schleswig-Flensburg,Schleswig-Holstein,54.455932,9.336606,1016
071405003055,Hollnich,,56288,Rhein-Hunsrück-Kreis,Rheinland-Pfalz,50.072848,7.487869,304
033525404024,Hollnseth,,21769,Cuxhaven,Niedersachsen,53.589311,9.103115,844
096735638136,Hollstadt,,97618,Rhön-Grabfeld,Bayern,50.353197,10.288395,1496
010545489048,Holm,,25923,Nordfriesland,Schleswig-Holstein,54.831367,8.860525,98
010565690028,Holm,,25488,Pinneberg,Schleswig-Holstein,53.622062,9.671854,3279
033565401004,Holste,,27729,Osterholz,Niedersachsen,53.373558,8.857641,1398
010615168043,Holstenniendorf,,25584,Steinburg,Schleswig-Holstein,54.041651,9.348113,435
072325005053,Holsthum,,54668,Eifelkreis Bitburg-Prüm,Rheinland-Pfalz,49.892397,6.414135,625
010595952124,Holt,,24994,Schleswig-Flensburg,Schleswig-Holstein,54.810456,9.147393,148
034625401006,Holtgast,,26427,Wittmund,Niedersachsen,53.632162,7.580929,1796
130765665063,Holthusen,,19075,Ludwigslust-Parchim,Mecklenburg-Vorpommern,53.542809,11.35391,986
034575402011,Holtland,,26835,Leer,Niedersachsen,53.277841,7.578676,2214
010585890080,Holtsee,,24363,Rendsburg-Eckernförde,Schleswig-Holstein,54.39873,9.854739,1276
071415003059,Holzappel,,56379,Rhein-Lahn-Kreis,Rheinland-Pfalz,50.350798,7.895743,1092
071405008056,Holzbach,,55469,Rhein-Hunsrück-Kreis,Rheinland-Pfalz,49.955319,7.531642,594
010585890081,Holzbunge,,24361,Rendsburg-Eckernförde,Schleswig-Holstein,54.377747,9.705374,364
010585893082,Holzdorf,,24364,Rendsburg-Eckernförde,Schleswig-Holstein,54.554372,9.896959,860
032555409022,Holzen,,37632,Holzminden,Niedersachsen,51.933805,9.666365,484
072355004050,Holzerath,,54316,Trier-Saarburg,Rheinland-Pfalz,49.680445,6.760971,447
081155004024,Holzgerlingen,Stadt,71088,Böblingen,Baden-Württemberg,48.637131,9.011719,14184
097785765151,Holzgünz,,87752,Unterallgäu,Bayern,48.02553,10.258484,1371
071415007060,Holzhausen an der Haide,,56357,Rhein-Lahn-Kreis,Rheinland-Pfalz,50.22027,7.908817,1209
071415003061,Holzheim,,65558,Rhein-Lahn-Kreis,Rheinland-Pfalz,50.353803,8.048265,880
097735719140,Holzheim,,89438,Dillingen a.d.Donau,Bayern,48.513757,10.529584,3748
097755739126,Holzheim,,89291,Neu-Ulm,Bayern,48.379539,10.10655,1971
097795725163,Holzheim,,86684,Donau-Ries,Bayern,48.612696,10.949824,1141
093755332153,Holzheim a.Forst,,93183,Regensburg,Bayern,49.149359,11.997827,1077
084255008062,Holzkirch,,89183,Alb-Donau-Kreis,Baden-Württemberg,48.531479,9.99421,283
091820120120,Holzkirchen,M,83607,Miesbach,Bayern,47.881423,11.697732,16310
096795649149,Holzkirchen,,97292,Würzburg,Bayern,49.782004,9.6806,936
081165008029,Holzmaden,,73271,Esslingen,Baden-Württemberg,48.633843,9.51855,2284
032550023023,Holzminden,Stadt,37603,Holzminden,Niedersachsen,51.828764,9.447159,18921
032559505505,Holzminden,gemfr. Gebiet,,Holzminden,Niedersachsen,51.820315,9.518896,0
160655052038,Holzsußra,,99713,Kyffhäuserkreis,Thüringen,51.293006,10.692642,268
059780016016,Holzwickede,,59439,Unna,Nordrhein-Westfalen,51.502798,7.617843,17596
071435006244,Homberg,,56479,Westerwaldkreis,Rheinland-Pfalz,50.640944,8.105589,189
073365008044,Homberg,,67744,Kusel,Rheinland-Pfalz,49.651671,7.516083,206
066340009009,"Homberg (Efze), Reformationsstadt",Kreisstadt,34576,Schwalm-Eder-Kreis,Hessen,51.032974,9.407119,14703
065350009009,Homberg (Ohm),Stadt,35315,Vogelsbergkreis,Hessen,50.728382,8.997428,6973
100450114114,Homburg,Kreisstadt,66424,Saarpfalz-Kreis,Saarland,49.323778,7.342736,43382
072325005054,Hommerdingen,,54675,Eifelkreis Bitburg-Prüm,Rheinland-Pfalz,49.909617,6.322121,90
071315001032,Honerath,,53518,Ahrweiler,Rheinland-Pfalz,50.377553,6.899857,164
010575747031,Honigsee,,24211,Plön,Schleswig-Holstein,54.228283,10.187224,442
072315009057,Hontheim,,54538,Bernkastel-Wittlich,Rheinland-Pfalz,50.068801,6.992845,848
034565401009,Hoogstede,,49846,Grafschaft Bentheim,Niedersachsen,52.581113,6.94796,2898
130765658064,Hoort,,19230,Ludwigslust-Parchim,Mecklenburg-Vorpommern,53.483489,11.360243,564
097775756135,Hopferau,,87659,Ostallgäu,Bayern,47.612561,10.633921,1230
120640227227,Hoppegarten,,15366,Märkisch-Oderland,Brandenburg,52.504358,13.650114,18218
130725256048,Hoppenrade,,18292,Landkreis Rostock,Mecklenburg-Vorpommern,53.727797,12.273269,576
073365008045,Hoppstädten,,67744,Kusel,Rheinland-Pfalz,49.692111,7.535879,287
071345002042,Hoppstädten-Weiersbach,,55768,Birkenfeld,Rheinland-Pfalz,49.614027,7.200262,3362
055660020020,Hopsten,,48496,Steinfurt,Nordrhein-Westfalen,52.383026,7.602873,7717
072315006058,Horath,,54497,Bernkastel-Wittlich,Rheinland-Pfalz,49.811594,6.986249,491
082375003040,Horb am Neckar,Stadt,72160,Freudenstadt,Baden-Württemberg,48.445165,8.692721,25651
071335009047,Horbach,,55606,Bad Kreuznach,Rheinland-Pfalz,49.823442,7.51382,41
071435004034,Horbach,,56412,Westerwaldkreis,Rheinland-Pfalz,50.373894,7.85137,703
073405006025,Horbach,,66851,Südwestpfalz,Rheinland-Pfalz,49.331443,7.653301,500
083155007056,Horben,,79289,Breisgau-Hochschwarzwald,Baden-Württemberg,47.935189,7.858704,1204
071345005043,Horbruch,,55483,Birkenfeld,Rheinland-Pfalz,49.889057,7.238815,361
097720159159,Horgau,,86497,Augsburg,Bayern,48.394913,10.683894,2953
084365008095,Horgenzell,,88263,Ravensburg,Baden-Württemberg,47.806456,9.497983,5436
071415003062,Horhausen,,56379,Rhein-Lahn-Kreis,Rheinland-Pfalz,50.361472,7.892393,309
071325010055,Horhausen (Westerwald),,56593,Altenkirchen (Westerwald),Rheinland-Pfalz,50.587962,7.531002,2156
146265503200,Horka,,02923,Görlitz,Sachsen,51.301033,14.899639,1562
071405008058,Horn,,55469,Rhein-Hunsrück-Kreis,Rheinland-Pfalz,50.046007,7.541651,381
057660032032,Horn-Bad Meinberg,Stadt,32805,Lippe,Nordrhein-Westfalen,51.87278,8.945418,17320
073405008211,Hornbach,Stadt,66500,Südwestpfalz,Rheinland-Pfalz,49.186042,7.369616,1387
010535313056,Hornbek,,21514,Herzogtum Lauenburg,Schleswig-Holstein,53.5589,10.648548,202
083170051051,Hornberg,Stadt,78132,Ortenaukreis,Baden-Württemberg,48.212461,8.229573,4154
033595405027,Horneburg,Flecken,21640,Stade,Niedersachsen,53.506914,9.584394,6823
130745456034,Hornstorf,,23974,Nordwestmecklenburg,Mecklenburg-Vorpommern,53.909104,11.53202,1359
160645001027,Hornsömmern,,99955,Unstrut-Hainich-Kreis,Thüringen,51.212091,10.821713,144
072335004216,Horperath,,56766,Vulkaneifel,Rheinland-Pfalz,50.244322,6.953626,119
073395008029,Horrweiler,,55457,Mainz-Bingen,Rheinland-Pfalz,49.898103,7.964195,868
073365010046,Horschbach,,66887,Kusel,Rheinland-Pfalz,49.589464,7.527443,237
010535358057,Horst,,23883,Herzogtum Lauenburg,Schleswig-Holstein,53.638591,10.77065,269
010615134044,Horst (Holstein),,25358,Steinburg,Schleswig-Holstein,53.81099,9.618468,5961
010545492052,Horstedt,,25860,Nordfriesland,Schleswig-Holstein,54.525582,9.069038,792
033575406028,Horstedt,,27367,Rotenburg (Wümme),Niedersachsen,53.177667,9.228784,1265
055660024024,Horstmar,Stadt der Burgmannshöfe,48612,Steinfurt,Nordrhein-Westfalen,52.080812,7.305156,7528
066310014014,Hosenfeld,,36154,Fulda,Hessen,50.505073,9.479489,4560
084365001047,Hoßkirch,,88374,Ravensburg,Baden-Württemberg,47.940508,9.446033,736
072325007055,Hosten,,54664,Eifelkreis Bitburg-Prüm,Rheinland-Pfalz,49.89228,6.619416,172
071345005044,Hottenbach,,55758,Birkenfeld,Rheinland-Pfalz,49.824068,7.2988,550
032565409014,Hoya,Stadt,27318,Nienburg (Weser),Niedersachsen,52.805855,9.135517,3862
032565409015,Hoyerhagen,,27318,Nienburg (Weser),Niedersachsen,52.829149,9.08566,957
146250240240,Hoyerswerda / Wojerecy,Stadt,02977,Bautzen,Sachsen,51.438944,14.244028,30759
010545492054,Hude,,25876,Nordfriesland,Schleswig-Holstein,54.387212,9.215821,177
034580010010,Hude (Oldenburg),,27798,Oldenburg,Niedersachsen,53.112607,8.457772,15994
091905177131,Huglfing,,82386,Weilheim-Schongau,Bayern,47.769223,11.156424,2882
130735360039,Hugoldsdorf,,18465,Vorpommern-Rügen,Mecklenburg-Vorpommern,54.152787,12.753785,121
097795723167,Huisheim,,86685,Donau-Ries,Bayern,48.823186,10.704435,1639
010615138045,Huje,,25588,Steinburg,Schleswig-Holstein,53.976997,9.435612,262
010585893084,Hummelfeld,,24357,Rendsburg-Eckernförde,Schleswig-Holstein,54.461884,9.718396,270
160745011042,Hummelshain,,07768,Saale-Holzland-Kreis,Thüringen,50.767023,11.629954,605
094725414155,Hummeltal,,95503,Bayreuth,Bayern,49.896162,11.504726,2462
010545489055,Humptrup,,25923,Nordfriesland,Schleswig-Holstein,54.863199,8.864538,758
096789453453,Hundelshausen,,,Schweinfurt,Bayern,49.93494,10.472252,0
092785249139,Hunderdorf,,94336,Straubing-Bogen,Bayern,48.942672,12.724927,3238
160765006033,Hundhaupten,,07557,Greiz,Thüringen,50.829431,11.988469,329
092715202126,Hunding,,94551,Deggendorf,Bayern,48.84269,13.178538,1162
071435008037,Hundsangen,,56414,Westerwaldkreis,Rheinland-Pfalz,50.452588,7.98814,1936
071335010049,Hundsbach,,55621,Bad Kreuznach,Rheinland-Pfalz,49.725307,7.553439,357
071435005038,Hundsdorf,,56235,Westerwaldkreis,Rheinland-Pfalz,50.470276,7.702876,468
065310008008,Hungen,Stadt,35410,Gießen,Hessen,50.475592,8.901404,12754
071405009060,Hungenroth,,56281,Rhein-Hunsrück-Kreis,Rheinland-Pfalz,50.143568,7.60096,273
071415007063,Hunzel,,56355,Rhein-Lahn-Kreis,Rheinland-Pfalz,50.248256,7.83789,246
072315008062,Hupperath,,54518,Bernkastel-Wittlich,Rheinland-Pfalz,49.99659,6.83347,645
091815139126,Hurlach,,86857,Landsberg am Lech,Bayern,48.118825,10.813731,1947
010595919127,Husby,,24975,Schleswig-Flensburg,Schleswig-Holstein,54.76516,9.5774,2345
010540056056,Husum,Stadt,25813,Nordfriesland,Schleswig-Holstein,54.476434,9.051328,24090
032565410016,Husum,,31632,Nienburg (Weser),Niedersachsen,52.565208,9.252157,2335
092750128128,Hutthurm,M,94116,Passau,Bayern,48.67336,13.474171,6332
150850185185,Huy,,38838,Harz,Sachsen-Anhalt,51.975885,10.980339,6578
083365009106,Häg-Ehrsberg,,79685,Lörrach,Baden-Württemberg,47.742861,7.906265,810
146265235160,Hähnichen,,02923,Görlitz,Sachsen,51.364625,14.863051,1154
032565409009,Hämelhausen,,27324,Nienburg (Weser),Niedersachsen,52.780784,9.277964,558
071435009230,Härtlingen,,56459,Westerwaldkreis,Rheinland-Pfalz,50.539935,7.915105,389
083375006045,Häusern,,79837,Waldshut,Baden-Württemberg,47.754099,8.16842,1304
033585402013,Häuslingen,,27336,Heidekreis,Niedersachsen,52.809645,9.392826,791
096790147147,Höchberg,M,97204,Würzburg,Bayern,49.784677,9.881124,9564
083375006051,Höchenschwand,,79862,Waldshut,Baden-Württemberg,47.735352,8.166213,2563
096735634134,Höchheim,,97633,Rhön-Grabfeld,Bayern,50.363156,10.449855,1044
064370009009,Höchst i. Odw.,,64739,Odenwaldkreis,Hessen,49.799584,8.993999,9744
095720135135,Höchstadt a.d.Aisch,St,91315,Erlangen-Höchstadt,Bayern,49.70285,10.805721,13867
072335004215,Höchstberg,,56767,Vulkaneifel,Rheinland-Pfalz,50.242769,7.005109,336
071435002241,Höchstenbach,,57629,Westerwaldkreis,Rheinland-Pfalz,50.63191,7.743499,717
097735716139,Höchstädt a.d.Donau,St,89420,Dillingen a.d.Donau,Bayern,48.611681,10.567234,6902
094795442126,Höchstädt i.Fichtelgebirge,,95186,Wunsiedel i.Fichtelgebirge,Bayern,50.102341,12.087209,1011
082355008035,Höfen an der Enz,,75339,Calw,Baden-Württemberg,48.802725,8.585296,1620
010545494045,Högel,,25858,Nordfriesland,Schleswig-Holstein,54.643538,9.056667,493
010605053041,Högersdorf,,23795,Segeberg,Schleswig-Holstein,53.920748,10.284353,389
010575727027,Högsdorf,,24327,Plön,Schleswig-Holstein,54.251994,10.615055,405
033545403010,Höhbeck,,29478,Lüchow-Dannenberg,Niedersachsen,53.069938,11.403614,629
073405006022,Höheinöd,,66989,Südwestpfalz,Rheinland-Pfalz,49.289761,7.609229,1165
073405009023,Höheischweiler,,66989,Südwestpfalz,Rheinland-Pfalz,49.231392,7.550352,789
091840127127,Höhenkirchen-Siegertsbrunn,,85635,München,Bayern,48.01942,11.712037,11039
120645403222,Höhenland,,16259,Märkisch-Oderland,Brandenburg,52.703291,13.885506,1053
073405009024,Höhfröschen,,66989,Südwestpfalz,Rheinland-Pfalz,49.245712,7.562003,864
071435009242,Höhn,,56462,Westerwaldkreis,Rheinland-Pfalz,50.619104,7.986337,3218
010575755028,Höhndorf,,24217,Plön,Schleswig-Holstein,54.372619,10.370674,476
071435003032,Höhr-Grenzhausen,Stadt,56203,Westerwaldkreis,Rheinland-Pfalz,50.434108,7.66835,9415
071415010058,Hömberg,,56379,Rhein-Lahn-Kreis,Rheinland-Pfalz,50.335322,7.783447,324
071315002029,Hönningen,,53506,Ahrweiler,Rheinland-Pfalz,50.471946,6.953376,1100
082255001039,Höpfingen,,74746,Neckar-Odenwald-Kreis,Baden-Württemberg,49.601552,9.428764,3067
031595403020,Hörden am Harz,,37412,Göttingen,Niedersachsen,51.668706,10.287111,909
073345006011,Hördt,,76771,Germersheim,Rheinland-Pfalz,49.166223,8.327028,2743
091785129132,Hörgertshausen,,85413,Freising,Bayern,48.549214,11.866009,1989
073335006030,Höringen,,67724,Donnersbergkreis,Rheinland-Pfalz,49.555054,7.797746,654
010545439046,Hörnum (Sylt),,25997,Nordfriesland,Schleswig-Holstein,54.756098,8.287218,824
072335001031,Hörscheid,,54552,Vulkaneifel,Rheinland-Pfalz,50.217537,6.874115,119
072335004032,Hörschhausen,,54552,Vulkaneifel,Rheinland-Pfalz,50.243981,6.937132,123
160670088088,Hörsel,,99880,Gotha,Thüringen,50.919889,10.585193,4636
160630098098,Hörselberg-Hainich,,99820,Wartburgkreis,Thüringen,51.020247,10.508706,5979
055660016016,Hörstel,Stadt,48477,Steinfurt,Nordrhein-Westfalen,52.300221,7.587248,20166
010585853075,Hörsten,,24797,Rendsburg-Eckernförde,Schleswig-Holstein,54.226932,9.578749,59
010595952123,Hörup,,24980,Schleswig-Flensburg,Schleswig-Holstein,54.740497,9.104012,629
096710130130,Hösbach,M,63768,Aschaffenburg,Bayern,50.003889,9.203202,13046
091875162145,Höslwang,,83129,Rosenheim,Bayern,47.954333,12.329632,1214
150835053320,Hötensleben,,39393,Börde,Sachsen-Anhalt,52.118627,11.020955,3388
095775534141,Höttingen,,91798,Weißenburg-Gunzenhausen,Bayern,49.062695,11.005087,1076
010515169052,Hövede,,25782,Dithmarschen,Schleswig-Holstein,54.243806,9.293409,51
057740024024,Hövelhof,Sennegemeinde,33161,Paderborn,Nordrhein-Westfalen,51.820295,8.658605,16809
071325008054,Hövels,,57537,Altenkirchen (Westerwald),Rheinland-Pfalz,50.788259,7.780245,529
057620020020,Höxter,Stadt,37671,Höxter,Nordrhein-Westfalen,51.775666,9.381623,28166
071435004036,Hübingen,,56412,Westerwaldkreis,Rheinland-Pfalz,50.35855,7.843481,514
071435006245,Hüblingen,,56479,Westerwaldkreis,Rheinland-Pfalz,50.565789,8.086647,293
053700020020,Hückelhoven,Stadt,41836,Heinsberg,Nordrhein-Westfalen,51.05634,6.226269,41192
053740016016,Hückeswagen,Schloss-Stadt,42499,Oberbergischer Kreis,Nordrhein-Westfalen,51.14861,7.334939,14480
032515401020,Hüde,,49448,Diepholz,Niedersachsen,52.49539,8.356987,1240
071335006048,Hüffelsheim,,55595,Bad Kreuznach,Rheinland-Pfalz,49.822271,7.799758,1276
082255002042,Hüffenhardt,,74928,Neckar-Odenwald-Kreis,Baden-Württemberg,49.291052,9.082798,2077
073365009047,Hüffler,,66909,Kusel,Rheinland-Pfalz,49.495123,7.391341,471
083265001027,Hüfingen,Stadt,78183,Schwarzwald-Baar-Kreis,Baden-Württemberg,47.9255,8.488945,8060
082165007022,Hügelsheim,,76549,Rastatt,Baden-Württemberg,48.797453,8.111634,4999
084155005039,Hülben,,72584,Reutlingen,Baden-Württemberg,48.520004,9.408307,3135
057700016016,Hüllhorst,,32609,Minden-Lübbecke,Nordrhein-Westfalen,52.2723,8.672107,13304
130765658065,Hülseburg,,19230,Ludwigslust-Parchim,Mecklenburg-Vorpommern,53.513166,11.194378,149
032575406017,Hülsede,,31867,Schaumburg,Niedersachsen,52.25013,9.36141,1028
071315001033,Hümmel,,53520,Ahrweiler,Rheinland-Pfalz,50.461408,6.778824,485
071385009030,Hümmerich,,53547,Neuwied,Rheinland-Pfalz,50.568365,7.496106,821
066310015015,Hünfeld,Konrad-Zuse-Stadt,36088,Fulda,Hessen,50.672895,9.769026,16955
065330008008,Hünfelden,,65597,Limburg-Weilburg,Hessen,50.30926,8.161342,9818
064390007007,Hünstetten,,65510,Rheingau-Taunus-Kreis,Hessen,50.267277,8.233802,10380
051700016016,Hünxe,,46569,Wesel,Nordrhein-Westfalen,51.642308,6.766381,13676
053580016016,Hürtgenwald,,52393,Düren,Nordrhein-Westfalen,50.723394,6.392832,9196
053620028028,Hürth,Stadt,50354,Rhein-Erft-Kreis,Nordrhein-Westfalen,50.874348,6.856696,62160
010595919126,Hürup,,24975,Schleswig-Flensburg,Schleswig-Holstein,54.748128,9.529426,2388
010595993041,Hüsby,,24850,Schleswig-Flensburg,Schleswig-Holstein,54.496335,9.484548,800
073355008016,Hütschenhausen,,66882,Kaiserslautern,Rheinland-Pfalz,49.419652,7.481347,3937
010605048042,Hüttblek,,24641,Segeberg,Schleswig-Holstein,53.83945,10.071819,385
010585890083,Hütten,,24358,Rendsburg-Eckernförde,Schleswig-Holstein,54.437083,9.718725,230
072325005056,Hütten,,54673,Eifelkreis Bitburg-Prüm,Rheinland-Pfalz,50.014281,6.251291,56
065320014014,Hüttenberg,,35625,Lahn-Dill-Kreis,Hessen,50.520459,8.57712,10550
072325008057,Hütterscheid,,54636,Eifelkreis Bitburg-Prüm,Rheinland-Pfalz,49.99724,6.387642,167
072325008058,Hüttingen an der Kyll,,54636,Eifelkreis Bitburg-Prüm,Rheinland-Pfalz,49.968369,6.588167,329
072325005059,Hüttingen bei Lahr,,54675,Eifelkreis Bitburg-Prüm,Rheinland-Pfalz,49.930194,6.297999,147
084255006064,Hüttisheim,,89185,Alb-Donau-Kreis,Baden-Württemberg,48.280646,9.94165,1524
081365001033,Hüttlingen,,73460,Ostalbkreis,Baden-Württemberg,48.892987,10.097961,6060
034545407023,Hüven,,49751,Emsland,Niedersachsen,52.785938,7.551923,567
083375006059,Ibach,,79837,Waldshut,Baden-Württemberg,47.743143,8.067051,337
055660028028,Ibbenbüren,Stadt,49477,Steinfurt,Nordrhein-Westfalen,52.275364,7.714734,51803
097745730143,Ichenhausen,St,89335,Günzburg,Bayern,48.372441,10.305508,9373
091730130130,Icking,,82057,Bad Tölz-Wolfratshausen,Bayern,47.956857,11.437241,3715
071340045045,Idar-Oberstein,Stadt,55743,Birkenfeld,Rheinland-Pfalz,49.713356,7.312126,30170
071325010056,Idelberg,,57612,Altenkirchen (Westerwald),Rheinland-Pfalz,50.720856,7.726674,62
150905051270,Iden,,39606,Stendal,Sachsen-Anhalt,52.779812,11.910947,726
072325008060,Idenheim,,54636,Eifelkreis Bitburg-Prüm,Rheinland-Pfalz,49.898055,6.570084,423
072325008061,Idesheim,,54636,Eifelkreis Bitburg-Prüm,Rheinland-Pfalz,49.874626,6.573613,412
010595987042,Idstedt,,24879,Schleswig-Flensburg,Schleswig-Holstein,54.582071,9.511916,894
064390008008,Idstein,Hochschulstadt,65510,Rheingau-Taunus-Kreis,Hessen,50.220898,8.270744,25736
091905179132,Iffeldorf,,82393,Weilheim-Schongau,Bayern,47.771539,11.323047,2743
082165005023,Iffezheim,,76473,Rastatt,Baden-Württemberg,48.822716,8.140588,5219
072355007051,Igel,,54298,Trier-Saarburg,Rheinland-Pfalz,49.709442,6.553829,2064
094740140140,Igensdorf,M,91338,Forchheim,Bayern,49.622736,11.230404,5063
081285001058,Igersheim,,97999,Main-Tauber-Kreis,Baden-Württemberg,49.496624,9.815731,5517
092710127127,Iggensbach,,94547,Deggendorf,Bayern,48.728394,13.140134,2206
081365005034,Iggingen,,73574,Ostalbkreis,Baden-Württemberg,48.831329,9.879122,2613
091815139127,Igling,,86859,Landsberg am Lech,Bayern,48.073414,10.805609,2531
033525411025,Ihlienworth,,21775,Cuxhaven,Niedersachsen,53.74069,8.916402,1527
034520012012,Ihlow,,26632,Aurich,Niedersachsen,53.406936,7.43444,12376
120725204157,Ihlow,,15936,Teltow-Fläming,Brandenburg,51.866956,13.338552,630
083155002059,Ihringen,,79241,Breisgau-Hochschwarzwald,Baden-Württemberg,48.045815,7.64615,6308
092735215133,Ihrlerstein,,93346,Kelheim,Bayern,48.940788,11.861126,4184
150895052185,Ilberstedt,,06408,Salzlandkreis,Sachsen-Anhalt,51.80105,11.670404,947
073335004031,Ilbesheim,,67294,Donnersbergkreis,Rheinland-Pfalz,49.690394,8.074159,587
073375005042,Ilbesheim bei Landau in der Pfalz,,76831,Südliche Weinstraße,Rheinland-Pfalz,49.182621,8.053633,1195
071355002042,Illerich,,56814,Cochem-Zell,Rheinland-Pfalz,50.200602,7.179921,827
084255006137,Illerkirchberg,,89171,Alb-Donau-Kreis,Baden-Württemberg,48.33831,9.999035,5036
084255003066,Illerrieden,,89186,Alb-Donau-Kreis,Baden-Württemberg,48.271364,10.053883,3361
097750129129,Illertissen,St,89257,Neu-Ulm,Bayern,48.222701,10.10286,18433
095755524133,Illesheim,,91471,Neustadt a.d.Aisch-Bad Windsheim,Bayern,49.480197,10.379299,945
082360028028,Illingen,,75428,Enzkreis,Baden-Württemberg,48.954066,8.918461,7791
100430112112,Illingen,,66557,Neunkirchen,Saarland,49.377607,7.051397,15935
084375004056,Illmensee,,88636,Sigmaringen,Baden-Württemberg,47.862015,9.37451,2026
093715304131,Illschwang,,92278,Amberg-Sulzbach,Bayern,49.448023,11.685083,2114
160700029029,Ilmenau,Stadt,98693,Ilm-Kreis,Thüringen,50.688839,10.915563,38834
091865157130,Ilmmünster,,85304,Pfaffenhofen a.d.Ilm,Bayern,48.486776,11.501701,2207
160710101101,Ilmtal-Weinstraße,,99510,Weimarer Land,Thüringen,51.059959,11.441263,6169
031570009009,Ilsede,,31241,Peine,Niedersachsen,52.263896,10.221491,21469
150850190190,Ilsenburg (Harz),Stadt,38871,Harz,Sachsen-Anhalt,51.865815,10.679796,9414
081255012046,Ilsfeld,,74360,Heilbronn,Baden-Württemberg,49.05512,9.24477,9826
081275005043,Ilshofen,Stadt,74532,Schwäbisch Hall,Baden-Württemberg,49.169825,9.921075,6990
082260036036,Ilvesheim,,68549,Rhein-Neckar-Kreis,Baden-Württemberg,49.472324,8.567892,9207
083275003025,Immendingen,,78194,Tuttlingen,Baden-Württemberg,47.939111,8.733578,6585
066330014014,Immenhausen,Stadt,34376,Kassel,Hessen,51.427223,9.480087,7078
093770127127,Immenreuth,,95505,Tirschenreuth,Bayern,49.907153,11.869284,1928
084355002024,Immenstaad am Bodensee,,88090,Bodenseekreis,Baden-Württemberg,47.666622,9.37146,6448
097800124124,Immenstadt i.Allgäu,St,87509,Oberallgäu,Bayern,47.560431,10.218869,14391
010515175054,Immenstedt,,25767,Dithmarschen,Schleswig-Holstein,54.180686,9.299737,111
010545453057,Immenstedt,,25885,Nordfriesland,Schleswig-Holstein,54.541449,9.162503,683
072335001034,Immerath,,54552,Vulkaneifel,Rheinland-Pfalz,50.130917,6.956368,230
072315006064,Immert,,54426,Bernkastel-Wittlich,Rheinland-Pfalz,49.765169,7.020323,150
073335003032,Immesheim,,67308,Donnersbergkreis,Rheinland-Pfalz,49.636212,8.103536,131
073375005043,Impflingen,,76831,Südliche Weinstraße,Rheinland-Pfalz,49.162213,8.112662,1006
073335006033,Imsbach,,67817,Donnersbergkreis,Rheinland-Pfalz,49.582433,7.879713,874
073335007034,Imsweiler,,67808,Donnersbergkreis,Rheinland-Pfalz,49.601854,7.798783,551
097710141141,Inchenhofen,M,86570,Aichach-Friedberg,Bayern,48.511121,11.115439,2754
053580020020,Inden,,52459,Düren,Nordrhein-Westfalen,50.853621,6.370002,7624
071325010057,Ingelbach,,57610,Altenkirchen (Westerwald),Rheinland-Pfalz,50.681079,7.709536,495
081265003039,Ingelfingen,Stadt,74653,Hohenlohekreis,Baden-Württemberg,49.299402,9.654049,5501
073390030030,Ingelheim am Rhein,Stadt,55218,Mainz-Bingen,Rheinland-Pfalz,49.974439,8.056342,35016
072325008062,Ingendorf,,54636,Eifelkreis Bitburg-Prüm,Rheinland-Pfalz,49.93317,6.45701,223
091905174133,Ingenried,,86980,Weilheim-Schongau,Bayern,47.814295,10.782169,1122
081185002077,Ingersheim,,74379,Ludwigsburg,Baden-Württemberg,48.961199,9.184679,6223
150835052323,Ingersleben,,39343,Börde,Sachsen-Anhalt,52.21351,11.141725,1290
084265002062,Ingoldingen,,88456,Biberach,Baden-Württemberg,48.025577,9.739688,3159
091610000000,Ingolstadt,,85047,Ingolstadt,Bayern,48.76542,11.423387,141185
092725211128,Innernzell,,94548,Freyung-Grafenau,Bayern,48.851421,13.275329,1516
091880126126,Inning a.Ammersee,,82266,Starnberg,Bayern,48.076283,11.15189,4822
091775125122,Inning a.Holz,,84416,Erding,Bayern,48.347862,12.077904,1562
130735362040,Insel Hiddensee,Seebad,18565,Vorpommern-Rügen,Mecklenburg-Vorpommern,54.568008,13.105547,913
034579501501,Insel Lütje Hörn,gemfr. Gebiet,,Leer,Niedersachsen,53.589754,6.865946,0
130740035035,Insel Poel,Ostseebad,23999,Nordwestmecklenburg,Mecklenburg-Vorpommern,53.99737,11.439916,2507
073375004044,Insheim,,76865,Südliche Weinstraße,Rheinland-Pfalz,49.158327,8.146376,2193
095715501169,Insingen,,91610,Ansbach,Bayern,49.302953,10.164123,1211
071315001034,Insul,,53520,Ahrweiler,Rheinland-Pfalz,50.439971,6.915705,477
091890124124,Inzell,,83334,Traunstein,Bayern,47.762533,12.748835,4704
084375006059,Inzigkofen,,72514,Sigmaringen,Baden-Württemberg,48.070908,9.179617,2958
083365003043,Inzlingen,,79594,Lörrach,Baden-Württemberg,47.587829,7.690549,2555
096755616139,Iphofen,St,97346,Kitzingen,Bayern,49.70383,10.259423,4768
071335010050,Ippenschied,,55566,Bad Kreuznach,Rheinland-Pfalz,49.867177,7.631423,148
095755519134,Ippesheim,M,97258,Neustadt a.d.Aisch-Bad Windsheim,Bayern,49.602473,10.224031,1074
095750135135,Ipsheim,M,91472,Neustadt a.d.Aisch-Bad Windsheim,Bayern,49.526422,10.483195,2175
093745329127,Irchenrieth,,92699,Neustadt a.d.Waldnaab,Bayern,49.622724,12.224495,1676
092785257140,Irlbach,,94342,Straubing-Bogen,Bayern,48.840996,12.752435,1124
072315009501,Irmenach,,56843,Bernkastel-Wittlich,Rheinland-Pfalz,49.924122,7.187218,624
071435006246,Irmtraut,,56479,Westerwaldkreis,Rheinland-Pfalz,50.554954,8.060456,806
083275001027,Irndorf,,78597,Tuttlingen,Baden-Württemberg,48.066334,8.971759,683
072325005063,Irrel,,54666,Eifelkreis Bitburg-Prüm,Rheinland-Pfalz,49.844941,6.455876,1698
072325001245,Irrhausen,,54689,Eifelkreis Bitburg-Prüm,Rheinland-Pfalz,50.080624,6.212344,216
072355008052,Irsch,,54451,Trier-Saarburg,Rheinland-Pfalz,49.603856,6.59358,1624
091820123123,Irschenberg,,83737,Miesbach,Bayern,47.83423,11.918716,3226
097775749139,Irsee,M,87660,Ostallgäu,Bayern,47.908097,10.57232,1596
096799453453,Irtenberger Wald,,,Würzburg,Bayern,49.736308,9.805923,0
091770123123,Isen,M,84424,Erding,Bayern,48.212835,12.057134,5619
071385003031,Isenburg,,56271,Neuwied,Rheinland-Pfalz,50.476039,7.58845,579
031515404013,Isenbüttel,,38550,Gifhorn,Niedersachsen,52.434993,10.578957,6031
059620024024,Iserlohn,Stadt,58636,Märkischer Kreis,Nordrhein-Westfalen,51.374541,7.699212,91811
032410008008,Isernhagen,,30916,Region Hannover,Niedersachsen,52.434232,9.846975,24074
071325010058,Isert,,57612,Altenkirchen (Westerwald),Rheinland-Pfalz,50.726403,7.703492,108
091840130130,Ismaning,,85737,München,Bayern,48.225107,11.670834,18093
084360049049,Isny im Allgäu,Stadt,88316,Ravensburg,Baden-Württemberg,47.692238,10.039361,15145
082360030030,Ispringen,,75228,Enzkreis,Baden-Württemberg,48.918096,8.667748,5968
071415003064,Isselbach,,65558,Rhein-Lahn-Kreis,Rheinland-Pfalz,50.388932,7.889672,386
055540032032,Isselburg,Stadt,46419,Borken,Nordrhein-Westfalen,51.833522,6.46301,11251
094755428137,Issigau,,95188,Hof,Bayern,50.37648,11.721307,978
051540020020,Issum,,47661,Kleve,Nordrhein-Westfalen,51.534877,6.425912,12428
034565403010,Isterberg,,48465,Grafschaft Bentheim,Niedersachsen,52.360206,7.175623,637
034565404011,Itterbeck,,49847,Grafschaft Bentheim,Niedersachsen,52.505277,6.801312,1690
081255004047,Ittlingen,,74930,Heilbronn,Baden-Württemberg,49.192169,8.933835,2643
010610046046,Itzehoe,Stadt,25524,Steinburg,Schleswig-Holstein,53.926549,9.512178,32725
094730138138,Itzgrund,,96274,Coburg,Bayern,50.124689,10.87883,2315
010605034043,Itzstedt,,23845,Segeberg,Schleswig-Holstein,53.806384,10.156532,2507
130755553053,Iven,,17391,Vorpommern-Greifswald,Mecklenburg-Vorpommern,53.796527,13.428644,180
130715162068,Ivenack,,17153,Mecklenburgische Seenplatte,Mecklenburg-Vorpommern,53.710632,12.969859,785
130715160069,Jabel,,17194,Mecklenburgische Seenplatte,Mecklenburg-Vorpommern,53.537352,12.543819,611
091730131131,Jachenau,,83676,Bad Tölz-Wolfratshausen,Bayern,47.605803,11.43382,828
120675706237,Jacobsdorf,,15236,Oder-Spree,Brandenburg,52.338669,14.354154,1849
034610005005,Jade,,26349,Wesermarsch,Niedersachsen,53.330894,8.18808,5843
010595915043,Jagel,,24878,Schleswig-Flensburg,Schleswig-Holstein,54.457148,9.537499,991
081255007048,Jagsthausen,,74249,Heilbronn,Baden-Württemberg,49.309857,9.469854,1747
081365003035,Jagstzell,,73489,Ostalbkreis,Baden-Württemberg,49.030777,10.097352,2365
145220275275,Jahnatal,,04749,Mittelsachsen,Sachsen,51.202502,13.159129,4702
145210310310,Jahnsdorf/Erzgeb.,,09387,Erzgebirgskreis,Sachsen,50.739907,12.848674,5262
010585895085,Jahrsdorf,,24594,Rendsburg-Eckernförde,Schleswig-Holstein,54.065682,9.631937,224
130735358041,Jakobsdorf,,18442,Vorpommern-Rügen,Mecklenburg-Vorpommern,54.233454,12.933137,435
073335004035,Jakobsweiler,,67814,Donnersbergkreis,Rheinland-Pfalz,49.612314,7.95719,249
033545406011,Jameln,,29479,Lüchow-Dannenberg,Niedersachsen,53.04021,11.075472,1067
120615113224,Jamlitz,,15868,Dahme-Spreewald,Brandenburg,51.991607,14.354101,495
092720129129,Jandelsbrunn,,94118,Freyung-Grafenau,Bayern,48.730343,13.689597,3329
010595912128,Janneby,,24992,Schleswig-Flensburg,Schleswig-Holstein,54.625583,9.300482,409
010595952129,Jardelund,,24994,Schleswig-Flensburg,Schleswig-Holstein,54.82508,9.201196,296
130755554054,Jarmen,Stadt,17126,Vorpommern-Greifswald,Mecklenburg-Vorpommern,53.924079,13.340233,2787
130755560055,Jatznick,,17309,Vorpommern-Greifswald,Mecklenburg-Vorpommern,53.580841,13.939446,2148
071335010051,Jeckenbach,,55592,Bad Kreuznach,Rheinland-Pfalz,49.708944,7.608181,206
033605407012,Jelmstorf,,29585,Uelzen,Niedersachsen,53.100994,10.522747,743
031515401014,Jembke,,38477,Gifhorn,Niedersachsen,52.497889,10.761218,2072
034570012012,Jemgum,,26844,Leer,Niedersachsen,53.265053,7.382705,3506
160530000000,Jena,Stadt,07743,Jena,Thüringen,50.93006,11.591842,109725
160745015043,Jenalöbnitz,,07751,Saale-Holzland-Kreis,Thüringen,50.949204,11.692249,156
097775748140,Jengen,,86860,Ostallgäu,Bayern,47.999749,10.725372,2606
150860080080,Jerichow,Stadt,39319,Jerichower Land,Sachsen-Anhalt,52.49836,12.024965,6571
010595912131,Jerrishoe,,24963,Schleswig-Flensburg,Schleswig-Holstein,54.657224,9.3718,1034
010625218036,Jersbek,,22941,Stormarn,Schleswig-Holstein,53.741287,10.22162,1791
031545402012,Jerxheim,,38381,Helmstedt,Niedersachsen,52.083452,10.898594,1038
066340010010,Jesberg,,34632,Schwalm-Eder-Kreis,Hessen,50.996531,9.145795,2084
130745457036,Jesendorf,,19417,Nordwestmecklenburg,Mecklenburg-Vorpommern,53.804278,11.598868,524
091795131130,Jesenwang,,82287,Fürstenfeldbruck,Bayern,48.166407,11.131529,1668
147305601140,Jesewitz,,04838,Nordsachsen,Sachsen,51.422934,12.562548,3036
150910145145,Jessen (Elster),Stadt,06917,Wittenberg,Sachsen-Anhalt,51.790085,12.954825,13639
033535404020,Jesteburg,,21266,Harburg,Niedersachsen,53.306429,9.952787,7758
083375002060,Jestetten,,79798,Waldshut,Baden-Württemberg,47.649692,8.567756,5290
073365008048,Jettenbach,,66887,Kusel,Rheinland-Pfalz,49.53576,7.55688,737
091835148122,Jettenbach,,84555,Mühldorf a.Inn,Bayern,48.169593,12.382539,763
081155005053,Jettingen,,71131,Böblingen,Baden-Württemberg,48.577417,8.774656,8012
097740144144,Jettingen-Scheppach,M,89343,Günzburg,Bayern,48.389117,10.436027,6996
091860132132,Jetzendorf,,85305,Pfaffenhofen a.d.Ilm,Bayern,48.434134,11.419839,3144
010585853086,Jevenstedt,,24808,Rendsburg-Eckernförde,Schleswig-Holstein,54.234604,9.668849,3309
034550007007,Jever,Stadt,26441,Friesland,Niedersachsen,53.575606,7.900312,14774
120605006100,Joachimsthal,Stadt,16247,Barnim,Brandenburg,52.97943,13.744797,3402
073345003012,Jockgrim,,76751,Germersheim,Rheinland-Pfalz,49.094237,8.276512,7528
096710133133,Johannesberg,,63867,Aschaffenburg,Bayern,50.030749,9.143557,4079
145210320320,Johanngeorgenstadt,Stadt,08349,Erzgebirgskreis,Sachsen,50.429487,12.721689,3567
092770126126,Johanniskirchen,,84381,Rottal-Inn,Bayern,48.534981,12.949253,2324
010545494059,Joldelund,,25862,Nordfriesland,Schleswig-Holstein,54.652937,9.139662,845
160775009018,Jonaswalde,,04626,Altenburger Land,Thüringen,50.838866,12.286209,312
146265227210,Jonsdorf,Kurort,02796,Görlitz,Sachsen,50.854179,14.698092,1411
033590028028,Jork,,21635,Stade,Niedersachsen,53.53298,9.680838,11693
064350016016,Jossgrund,,63637,Main-Kinzig-Kreis,Hessen,50.191178,9.472834,3407
072325001246,Jucken,,54689,Eifelkreis Bitburg-Prüm,Rheinland-Pfalz,50.055011,6.230638,169
073395006031,Jugenheim in Rheinhessen,,55270,Mainz-Bingen,Rheinland-Pfalz,49.895146,8.084809,1654
034520013013,Juist,Inselgemeinde,26571,Aurich,Niedersachsen,53.678347,6.995328,1136
092770127127,Julbach,,84387,Rottal-Inn,Bayern,48.253891,12.957959,2288
010535343058,Juliusburg,,21483,Herzogtum Lauenburg,Schleswig-Holstein,53.41715,10.506484,180
084175004036,Jungingen,,72417,Zollernalbkreis,Baden-Württemberg,48.328284,9.040267,1419
120715102189,Jämlitz-Klein Düben,,03130,Spree-Neiße,Brandenburg,51.56729,14.661683,433
120715107193,Jänschwalde/Janšojce,,03197,Spree-Neiße,Brandenburg,51.861753,14.498912,1575
145210330330,Jöhstadt,Stadt,09477,Erzgebirgskreis,Sachsen,50.51431,13.08976,2413
130725258049,Jördenstorf,,17168,Landkreis Rostock,Mecklenburg-Vorpommern,53.877142,12.613701,1066
010595912132,Jörl,,24992,Schleswig-Flensburg,Schleswig-Holstein,54.612615,9.271832,872
150815051225,Jübar,,38489,Altmarkkreis Salzwedel,Sachsen-Anhalt,52.688922,10.907754,1508
010595993044,Jübek,,24855,Schleswig-Flensburg,Schleswig-Holstein,54.55668,9.394391,2796
051620012012,Jüchen,Stadt,41363,Rhein-Kreis Neuss,Nordrhein-Westfalen,51.100795,6.503837,23926
031595401021,Jühnde,,37127,Göttingen,Niedersachsen,51.463704,9.801204,911
053580024024,Jülich,Stadt,52428,Düren,Nordrhein-Westfalen,50.922697,6.357721,34890
072335006035,Jünkerath,,54584,Vulkaneifel,Rheinland-Pfalz,50.342514,6.583364,1784
130725252050,Jürgenshagen,,18246,Landkreis Rostock,Mecklenburg-Vorpommern,53.95359,11.89606,1127
130715162070,Jürgenstorf,,17153,Mecklenburgische Seenplatte,Mecklenburg-Vorpommern,53.661019,12.905849,900
120720169169,Jüterbog,Stadt,14913,Teltow-Fläming,Brandenburg,51.99201,13.081594,12926
010615138047,Kaaks,,25582,Steinburg,Schleswig-Holstein,53.990091,9.469405,441
051620016016,Kaarst,Stadt,41564,Rhein-Kreis Neuss,Nordrhein-Westfalen,51.231804,6.614471,43295
010555546023,Kabelhorst,,23738,Ostholstein,Schleswig-Holstein,54.215844,10.921118,405
150880150150,Kabelsketal,,06184,Saalekreis,Sachsen-Anhalt,51.428848,12.116478,8859
071435009247,Kaden,,56459,Westerwaldkreis,Rheinland-Pfalz,50.547667,7.914787,591
071435004039,Kadenbach,,56337,Westerwaldkreis,Rheinland-Pfalz,50.386876,7.72874,1276
096710134134,Kahl a.Main,,63796,Aschaffenburg,Bayern,50.070293,9.005097,8457
160740044044,Kahla,Stadt,07768,Saale-Holzland-Kreis,Thüringen,50.801787,11.588184,6825
071355002043,Kaifenheim,,56761,Cochem-Zell,Rheinland-Pfalz,50.245693,7.226688,787
071355002044,Kail,,56829,Cochem-Zell,Rheinland-Pfalz,50.183944,7.243385,291
010615168048,Kaisborstel,,25560,Steinburg,Schleswig-Holstein,54.017568,9.470192,67
010515166057,Kaiser-Wilhelm-Koog,,25709,Dithmarschen,Schleswig-Holstein,53.942933,8.926364,327
150845051246,Kaiserpfalz,,06642,Burgenlandkreis,Sachsen-Anhalt,51.247883,11.460967,1572
081195005037,Kaisersbach,,73667,Rems-Murr-Kreis,Baden-Württemberg,48.928912,9.639182,2381
071355002045,Kaisersesch,Stadt,56759,Cochem-Zell,Rheinland-Pfalz,50.230638,7.140669,3256
073120000000,Kaiserslautern,Stadt,67657,Kaiserslautern,Rheinland-Pfalz,49.445456,7.768864,100426
097790169169,Kaisheim,M,86687,Donau-Ries,Bayern,48.768255,10.79681,3977
033535406021,Kakenstorf,,21255,Harburg,Niedersachsen,53.30721,9.766204,1477
066310016016,Kalbach,,36148,Fulda,Hessen,50.423848,9.640881,6477
033575405029,Kalbe,,27419,Rotenburg (Wümme),Niedersachsen,53.295093,9.550106,604
150810240240,Kalbe (Milde),Stadt,39624,Altmarkkreis Salzwedel,Sachsen-Anhalt,52.656091,11.389156,6976
160655055042,Kalbsrieth,,06556,Kyffhäuserkreis,Thüringen,51.342646,11.337353,591
095720137137,Kalchreuth,,90562,Erlangen-Höchstadt,Bayern,49.55682,11.129965,2994
095729457457,Kalchreuther Forst,,,Erlangen-Höchstadt,Bayern,49.547477,11.09316,0
031550006006,Kalefeld,,37589,Northeim,Niedersachsen,51.795915,10.034411,5732
071315002036,Kalenborn,,53505,Ahrweiler,Rheinland-Pfalz,50.548295,6.993044,727
071355002046,Kalenborn,,56759,Cochem-Zell,Rheinland-Pfalz,50.26167,7.076151,243
072335006036,Kalenborn-Scheuern,,54570,Vulkaneifel,Rheinland-Pfalz,50.258428,6.602709,397
051540024024,Kalkar,Stadt,47546,Kleve,Nordrhein-Westfalen,51.737225,6.287775,14513
130745454037,Kalkhorst,,23942,Nordwestmecklenburg,Mecklenburg-Vorpommern,53.970527,11.045858,1732
073335007036,Kalkofen,,67822,Donnersbergkreis,Rheinland-Pfalz,49.733009,7.835687,161
053660024024,Kall,,53925,Euskirchen,Nordrhein-Westfalen,50.542174,6.558667,11180
057660036036,Kalletal,,32689,Lippe,Nordrhein-Westfalen,52.106847,8.948163,13256
093755332156,Kallmünz,M,93183,Regensburg,Bayern,49.161341,11.955753,2810
073325002028,Kallstadt,,67169,Bad Dürkheim,Rheinland-Pfalz,49.4913,8.175079,1234
071375002041,Kalt,,56294,Mayen-Koblenz,Rheinland-Pfalz,50.267065,7.393724,451
071315001037,Kaltenborn,,53520,Ahrweiler,Rheinland-Pfalz,50.405834,7.016961,344
071375008209,Kaltenengers,,56220,Mayen-Koblenz,Rheinland-Pfalz,50.416846,7.541639,2198
071415011065,Kaltenholzhausen,,65558,Rhein-Lahn-Kreis,Rheinland-Pfalz,50.300507,8.104056,552
010600044044,Kaltenkirchen,Stadt,24568,Segeberg,Schleswig-Holstein,53.838257,9.959311,23502
160665005095,Kaltennordheim,Stadt,36452,Schmalkalden-Meiningen,Thüringen,50.626676,10.156215,5562
097775751141,Kaltental,M,87662,Ostallgäu,Bayern,47.909688,10.753276,1720
010575739032,Kalübbe,,24326,Plön,Schleswig-Holstein,54.118146,10.283107,563
059780020020,Kamen,Stadt,59174,Unna,Nordrhein-Westfalen,51.592335,7.662404,42319
146250250250,Kamenz / Kamjenc,Stadt,01917,Bautzen,Sachsen,51.270734,14.098251,16918
150905052285,Kamern,,39524,Stendal,Sachsen-Anhalt,52.748794,12.112871,1162
097740145145,Kammeltal,,89358,Günzburg,Bayern,48.372717,10.364935,3345
071435003040,Kammerforst,,56206,Westerwaldkreis,Rheinland-Pfalz,50.462408,7.676389,265
160645053032,Kammerforst,,99986,Unstrut-Hainich-Kreis,Thüringen,51.121835,10.431127,776
095760128128,Kammerstein,,91126,Roth,Bayern,49.292456,10.974932,3050
130755562056,Kamminke,,17419,Vorpommern-Greifswald,Mecklenburg-Vorpommern,53.868539,14.206466,229
097785762180,Kammlach,,87754,Unterallgäu,Bayern,48.045102,10.419999,1872
071415009066,Kamp-Bornhofen,,56341,Rhein-Lahn-Kreis,Rheinland-Pfalz,50.22497,7.622901,1508
051700020020,Kamp-Lintfort,Stadt,47475,Wesel,Nordrhein-Westfalen,51.500067,6.551987,38217
010545439061,Kampen (Sylt),,25999,Nordfriesland,Schleswig-Holstein,54.955508,8.342294,492
073345004013,Kandel,Stadt,76870,Germersheim,Rheinland-Pfalz,49.081369,8.192761,9337
083365001045,Kandern,Stadt,79400,Lörrach,Baden-Württemberg,47.714834,7.662899,8710
010535373059,Kankelau,,21514,Herzogtum Lauenburg,Schleswig-Holstein,53.549311,10.56832,217
084265001064,Kanzach,,88422,Biberach,Baden-Württemberg,48.07669,9.558743,508
072355003055,Kanzem,,54441,Trier-Saarburg,Rheinland-Pfalz,49.66577,6.576779,624
073375002045,Kapellen-Drusweiler,,76889,Südliche Weinstraße,Rheinland-Pfalz,49.102769,8.031227,988
160715008037,Kapellendorf,,99510,Weimarer Land,Thüringen,50.975426,11.468126,415
072335004217,Kaperich,,56767,Vulkaneifel,Rheinland-Pfalz,50.248599,7.025031,165
071405004062,Kappel,,55483,Rhein-Hunsrück-Kreis,Rheinland-Pfalz,49.999714,7.359467,441
083175002152,Kappel-Grafenhausen,,77966,Ortenaukreis,Baden-Württemberg,48.291847,7.743559,5246
010590045045,Kappeln,Stadt,24376,Schleswig-Flensburg,Schleswig-Holstein,54.659144,9.931158,8812
073365008049,Kappeln,,67744,Kusel,Rheinland-Pfalz,49.676018,7.569651,193
083175006056,Kappelrodeck,,77876,Ortenaukreis,Baden-Württemberg,48.591492,8.117423,6324
073375002046,Kapsweyer,,76889,Südliche Weinstraße,Rheinland-Pfalz,49.044923,8.020328,896
071405009063,Karbach,,56281,Rhein-Hunsrück-Kreis,Rheinland-Pfalz,50.159074,7.616308,639
096775621146,Karbach,M,97842,Main-Spessart,Bayern,49.867316,9.637912,1495
064400012012,Karben,Stadt,61184,Wetteraukreis,Hessen,50.230102,8.773103,22600
010585893087,Karby,,24398,Rendsburg-Eckernförde,Schleswig-Holstein,54.623058,9.974822,525
130765654067,Karenz,,19294,Ludwigslust-Parchim,Mecklenburg-Vorpommern,53.230175,11.344488,211
130715160071,Kargow,,17192,Mecklenburgische Seenplatte,Mecklenburg-Vorpommern,53.51158,12.780172,628
072315008065,Karl,,54534,Bernkastel-Wittlich,Rheinland-Pfalz,50.04106,6.803182,205
082150096096,Karlsbad,,76307,Karlsruhe,Baden-Württemberg,48.916735,8.50601,16049
130755563156,Karlsburg,,17495,Vorpommern-Greifswald,Mecklenburg-Vorpommern,53.971795,13.608854,1722
160745007045,Karlsdorf,,07646,Saale-Holzland-Kreis,Thüringen,50.796938,11.797404,115
082155003103,Karlsdorf-Neuthard,,76689,Karlsruhe,Baden-Württemberg,49.136151,8.545484,10693
091740126126,Karlsfeld,,85757,Dachau,Bayern,48.222151,11.473188,21403
130755561058,Karlshagen,Ostseebad,17449,Vorpommern-Greifswald,Mecklenburg-Vorpommern,54.113863,13.832312,2832
072325005064,Karlshausen,,54673,Eifelkreis Bitburg-Prüm,Rheinland-Pfalz,50.022448,6.227939,417
091850139139,Karlshuld,,86668,Neuburg-Schrobenhausen,Bayern,48.682264,11.286999,5997
091850140140,Karlskron,,85123,Neuburg-Schrobenhausen,Bayern,48.67737,11.4132,5150
082120000000,Karlsruhe,Stadt,76133,Karlsruhe,Baden-Württemberg,49.009626,8.405282,309050
096770148148,Karlstadt,St,97753,Main-Spessart,Bayern,49.962153,9.764132,14739
096710114114,Karlstein a.Main,,63791,Aschaffenburg,Bayern,50.048052,9.008497,7590
010545489062,Karlum,,25926,Nordfriesland,Schleswig-Holstein,54.828646,8.975269,197
130735352042,Karnin,,18469,Vorpommern-Rügen,Mecklenburg-Vorpommern,54.305423,12.792493,234
010515169058,Karolinenkoog,,25774,Dithmarschen,Schleswig-Holstein,54.292554,8.965495,146
130765662068,Karrenzin,,19372,Ludwigslust-Parchim,Mecklenburg-Vorpommern,53.338856,11.801777,516
096775623149,Karsbach,,97783,Main-Spessart,Bayern,50.041066,9.783261,1703
150845053250,Karsdorf,,06638,Burgenlandkreis,Sachsen-Anhalt,51.279783,11.652332,1392
120700173173,Karstädt,,19357,Prignitz,Brandenburg,53.156602,11.745992,5803
130765657069,Karstädt,,19294,Ludwigslust-Parchim,Mecklenburg-Vorpommern,53.286786,11.489899,597
033545406012,Karwitz,,29481,Lüchow-Dannenberg,Niedersachsen,53.087565,11.015675,739
071385004501,Kasbach-Ohlenberg,,53547,Neuwied,Rheinland-Pfalz,50.589134,7.283651,1436
072325005065,Kaschenbach,,54668,Eifelkreis Bitburg-Prüm,Rheinland-Pfalz,49.876595,6.479424,67
071415007067,Kasdorf,,56357,Rhein-Lahn-Kreis,Rheinland-Pfalz,50.206101,7.784912,234
072355004056,Kasel,,54317,Trier-Saarburg,Rheinland-Pfalz,49.761893,6.731751,1293
120615114244,Kasel-Golzig,,15938,Dahme-Spreewald,Brandenburg,51.934426,13.698458,689
094775438124,Kasendorf,M,95359,Kulmbach,Bayern,50.03592,11.350335,2432
010535373060,Kasseburg,,22929,Herzogtum Lauenburg,Schleswig-Holstein,53.567213,10.415399,594
010555591024,Kasseedorf,,23717,Ostholstein,Schleswig-Holstein,54.164947,10.72002,1387
066110000000,Kassel,documenta-Stadt,34117,Kassel,Hessen,51.314684,9.495199,197230
130725261051,Kassow,,18258,Landkreis Rostock,Mecklenburg-Vorpommern,53.878433,12.073504,357
072355008057,Kastel-Staadt,,54441,Trier-Saarburg,Rheinland-Pfalz,49.564873,6.559328,415
071405003064,Kastellaun,Stadt,56288,Rhein-Hunsrück-Kreis,Rheinland-Pfalz,50.071241,7.44201,5722
091715106121,Kastl,,84556,Altötting,Bayern,48.193923,12.696097,2804
093710132132,Kastl,M,92280,Amberg-Sulzbach,Bayern,49.368542,11.679347,2550
093775348128,Kastl,,95506,Tirschenreuth,Bayern,49.830863,11.896759,1488
010535308061,Kastorf,,23847,Herzogtum Lauenburg,Schleswig-Holstein,53.748875,10.570134,1202
010545417063,Katharinenheerd,,25836,Nordfriesland,Schleswig-Holstein,54.335199,8.828074,169
031550007007,Katlenburg-Lindau,,37191,Northeim,Niedersachsen,51.682775,10.099285,6735
010605048045,Kattendorf,,24568,Segeberg,Schleswig-Holstein,53.843003,10.023721,788
073335007037,Katzenbach,,67806,Donnersbergkreis,Rheinland-Pfalz,49.645269,7.812228,462
071415011068,Katzenelnbogen,Stadt,56368,Rhein-Lahn-Kreis,Rheinland-Pfalz,50.267629,7.976385,2287
160735012037,Katzhütte,,98746,Saalfeld-Rudolstadt,Thüringen,50.552775,11.053083,1170
130755557059,Katzow,,17509,Vorpommern-Greifswald,Mecklenburg-Vorpommern,54.048988,13.672854,593
073355010017,Katzweiler,,67734,Kaiserslautern,Rheinland-Pfalz,49.504075,7.69771,1879
072335004037,Katzwinkel,,54552,Vulkaneifel,Rheinland-Pfalz,50.247773,6.920943,145
071325008080,Katzwinkel (Sieg),,57581,Altenkirchen (Westerwald),Rheinland-Pfalz,50.812178,7.82303,1783
071415009069,Kaub,Stadt,56349,Rhein-Lahn-Kreis,Rheinland-Pfalz,50.089638,7.764933,788
160765004034,Kauern,,07554,Greiz,Thüringen,50.844258,12.144833,444
097620000000,Kaufbeuren,,87600,Kaufbeuren,Bayern,47.879698,10.620583,46193
091810128128,Kaufering,M,86916,Landsberg am Lech,Bayern,48.092915,10.85649,9957
066330015015,Kaufungen,Kunigundengemeinde,34260,Kassel,Hessen,51.282759,9.633789,12838
160735051038,Kaulsdorf,,07338,Saalfeld-Rudolstadt,Thüringen,50.62195,11.431459,2340
071325009059,Kausen,,57520,Altenkirchen (Westerwald),Rheinland-Pfalz,50.740757,7.865199,781
010605034046,Kayhude,,23863,Segeberg,Schleswig-Holstein,53.757591,10.134312,1167
064400013013,Kefenrod,,63699,Wetteraukreis,Hessen,50.345008,9.210801,2616
083170057057,Kehl,Stadt,77694,Ortenaukreis,Baden-Württemberg,48.572447,7.813177,39584
071415007070,Kehlbach,,56355,Rhein-Lahn-Kreis,Rheinland-Pfalz,50.259051,7.758449,178
160625054024,Kehmstedt,,99752,Nordhausen,Thüringen,51.472501,10.609569,442
071375003043,Kehrig,,56729,Mayen-Koblenz,Rheinland-Pfalz,50.279555,7.222549,1254
071405008065,Keidelheim,,55471,Rhein-Hunsrück-Kreis,Rheinland-Pfalz,49.992528,7.499289,335
160755013047,Keila,,07389,Saale-Orla-Kreis,Thüringen,50.636686,11.660746,73
072335004218,Kelberg,,53539,Vulkaneifel,Rheinland-Pfalz,50.286294,6.918408,1869
150875051250,Kelbra (Kyffhäuser),Stadt,06537,Mansfeld-Südharz,Sachsen-Anhalt,51.435698,11.041425,3196
092730137137,Kelheim,St,93309,Kelheim,Bayern,48.919056,11.869879,17066
064360008008,Kelkheim (Taunus),Stadt,65779,Main-Taunus-Kreis,Hessen,50.133925,8.452115,28175
072355008058,Kell am See,,54427,Trier-Saarburg,Rheinland-Pfalz,49.634125,6.82194,1911
160615014056,Kella,,37308,Eichsfeld,Thüringen,51.229319,10.078401,481
071335009202,Kellenbach,,55606,Bad Kreuznach,Rheinland-Pfalz,49.844683,7.491678,256
010550025025,Kellenhusen (Ostsee),,23746,Ostholstein,Schleswig-Holstein,54.190749,11.060024,1194
010615189049,Kellinghusen,Stadt,25548,Steinburg,Schleswig-Holstein,53.949204,9.717572,8243
097755740132,Kellmünz a.d.Iller,M,89293,Neu-Ulm,Bayern,48.123643,10.129397,1561
064330007007,Kelsterbach,Stadt,65451,Groß-Gerau,Hessen,50.06318,8.528848,16622
082360070070,Keltern,,75210,Enzkreis,Baden-Württemberg,48.901298,8.576844,8693
150910160160,Kemberg,Stadt,06901,Wittenberg,Sachsen-Anhalt,51.772478,12.633727,9217
071415010071,Kemmenau,,56132,Rhein-Lahn-Kreis,Rheinland-Pfalz,50.346524,7.75062,516
094710150150,Kemmern,,96164,Bamberg,Bayern,49.953688,10.875861,2489
093775348129,Kemnath,St,95478,Tirschenreuth,Bayern,49.870144,11.887026,5864
130755557060,Kemnitz,,17509,Vorpommern-Greifswald,Mecklenburg-Vorpommern,54.075684,13.533193,1164
051660012012,Kempen,Stadt,47906,Viersen,Nordrhein-Westfalen,51.364493,6.418755,34105
071315004502,Kempenich,,56746,Ahrweiler,Rheinland-Pfalz,50.418515,7.119851,1890
071345005046,Kempfeld,,55758,Birkenfeld,Rheinland-Pfalz,49.791206,7.242394,766
097630000000,Kempten (Allgäu),,87435,Kempten (Allgäu),Bayern,47.724016,10.317823,67645
097809451451,Kempter Wald,,,Oberallgäu,Bayern,47.709854,10.441791,0
072355006060,Kenn,,54344,Trier-Saarburg,Rheinland-Pfalz,49.800233,6.724969,2897
130715151072,Kentzlin,,17111,Mecklenburgische Seenplatte,Mecklenburg-Vorpommern,53.754769,12.971224,184
130735352043,Kenz-Küstrow,,18314,Vorpommern-Rügen,Mecklenburg-Vorpommern,54.326153,12.734802,516
083165004020,Kenzingen,Stadt,79341,Emmendingen,Baden-Württemberg,48.193031,7.769903,10748
072325005066,Keppeshausen,,54673,Eifelkreis Bitburg-Prüm,Rheinland-Pfalz,49.964853,6.170735,17
071375002048,Kerben,,56295,Mayen-Koblenz,Rheinland-Pfalz,50.31049,7.359005,532
051540028028,Kerken,,47647,Kleve,Nordrhein-Westfalen,51.45652,6.374152,13186
081190093093,Kernen im Remstal,,71394,Rems-Murr-Kreis,Baden-Württemberg,48.808537,9.317937,15906
053620032032,Kerpen,Kolpingstadt,50171,Rhein-Erft-Kreis,Nordrhein-Westfalen,50.869982,6.694948,66585
072335006038,Kerpen (Eifel),,54578,Vulkaneifel,Rheinland-Pfalz,50.309689,6.729582,489
072335006219,Kerschenbach,,54589,Vulkaneifel,Rheinland-Pfalz,50.348588,6.500522,194
073335002038,Kerzenheim,,67304,Donnersbergkreis,Rheinland-Pfalz,49.576262,8.060919,2041
071325010060,Kescheid,,57632,Altenkirchen (Westerwald),Rheinland-Pfalz,50.661107,7.484659,128
072325001247,Kesfeld,,54619,Eifelkreis Bitburg-Prüm,Rheinland-Pfalz,50.153178,6.234591,71
071315002039,Kesseling,,53506,Ahrweiler,Rheinland-Pfalz,50.482055,7.02495,553
072315001066,Kesten,,54518,Bernkastel-Wittlich,Rheinland-Pfalz,49.900891,6.955777,332
071415009072,Kestert,,56348,Rhein-Lahn-Kreis,Rheinland-Pfalz,50.182764,7.649006,636
082260037037,Ketsch,,68775,Rhein-Neckar-Kreis,Baden-Württemberg,49.366957,8.526937,13117
071325010061,Kettenhausen,,57612,Altenkirchen (Westerwald),Rheinland-Pfalz,50.707891,7.628467,340
073315001042,Kettenheim,,55234,Alzey-Worms,Rheinland-Pfalz,49.721185,8.114743,321
034595402023,Kettenkamp,,49577,Osnabrück,Niedersachsen,52.586115,7.829719,1765
097785758221,Kettershausen,,86498,Unterallgäu,Bayern,48.182167,10.261922,1898
071375008211,Kettig,,56220,Mayen-Koblenz,Rheinland-Pfalz,50.398168,7.461457,3516
120630148148,Ketzin/Havel,Stadt,14669,Havelland,Brandenburg,52.477436,12.843529,6684
051540032032,Kevelaer,Stadt,47623,Kleve,Nordrhein-Westfalen,51.58178,6.24718,28296
072325001248,Kickeshausen,,54689,Eifelkreis Bitburg-Prüm,Rheinland-Pfalz,50.068207,6.238883,43
010615134050,Kiebitzreihe,,25368,Steinburg,Schleswig-Holstein,53.782407,9.614131,2215
064390009009,Kiedrich,,65399,Rheingau-Taunus-Kreis,Hessen,50.040883,8.085089,3873
091870148148,Kiefersfelden,,83088,Rosenheim,Bayern,47.614695,12.188472,6513
010020000000,Kiel,Landeshauptstadt,24103,Kiel,Schleswig-Holstein,54.321775,10.13727,252668
091895170126,Kienberg,,83361,Traunstein,Bayern,48.036232,12.462379,1373
059620028028,Kierspe,Stadt,58566,Märkischer Kreis,Nordrhein-Westfalen,51.136194,7.586453,16450
082365006031,Kieselbronn,,75249,Enzkreis,Baden-Württemberg,48.934399,8.753077,2923
130715159073,Kieve,,17209,Mecklenburgische Seenplatte,Mecklenburg-Vorpommern,53.274411,12.595884,128
160685005064,Kindelbrück,,99638,Sömmerda,Thüringen,51.259715,11.089721,3823
073325007029,Kindenheim,,67271,Bad Dürkheim,Rheinland-Pfalz,49.610384,8.161415,1046
072315009067,Kinderbeuern,,54538,Bernkastel-Wittlich,Rheinland-Pfalz,50.010208,7.024636,1035
091760137137,Kinding,M,85125,Eichstätt,Bayern,49.001445,11.383818,2549
073355011018,Kindsbach,,66862,Kaiserslautern,Rheinland-Pfalz,49.416087,7.615011,2521
072315009068,Kinheim,,54538,Bernkastel-Wittlich,Rheinland-Pfalz,49.975676,7.05552,760
091815142129,Kinsau,,86981,Landsberg am Lech,Bayern,47.877716,10.9085,1055
072325001249,Kinzenburg,,54597,Eifelkreis Bitburg-Prüm,Rheinland-Pfalz,50.120749,6.341581,47
091760138138,Kipfenberg,M,85110,Eichstätt,Bayern,48.950023,11.393928,5767
083175007059,Kippenheim,,77971,Ortenaukreis,Baden-Württemberg,48.294627,7.82454,5559
071435001248,Kirburg,,57629,Westerwaldkreis,Rheinland-Pfalz,50.676458,7.923292,604
130765658070,Kirch Jesar,,19230,Ludwigslust-Parchim,Mecklenburg-Vorpommern,53.44055,11.277452,657
091890127127,Kirchanschöring,,83417,Traunstein,Bayern,47.95282,12.837565,3338
081255002049,Kirchardt,,74912,Heilbronn,Baden-Württemberg,49.205097,8.990394,5939
010575747033,Kirchbarkau,,24245,Plön,Schleswig-Holstein,54.211515,10.142365,821
091775125124,Kirchberg,,84434,Erding,Bayern,48.40547,12.048411,1170
145245111130,Kirchberg,Stadt,08107,Zwickau,Sachsen,50.62301,12.525992,7678
071405004067,Kirchberg (Hunsrück),Stadt,55481,Rhein-Hunsrück-Kreis,Rheinland-Pfalz,49.942426,7.405,4189
084265004065,Kirchberg an der Iller,,88486,Biberach,Baden-Württemberg,48.132256,10.081464,2196
081275008046,Kirchberg an der Jagst,Stadt,74592,Schwäbisch Hall,Baden-Württemberg,49.20226,9.981388,4221
081195001038,Kirchberg an der Murr,,71737,Rems-Murr-Kreis,Baden-Württemberg,48.943006,9.34086,4144
092760126126,Kirchberg i.Wald,,94259,Regen,Bayern,48.898825,13.185092,4392
032555408025,Kirchbrak,,37619,Holzminden,Niedersachsen,51.965529,9.57338,860
032515404021,Kirchdorf,,27245,Diepholz,Niedersachsen,52.594752,8.836015,2207
091835147123,Kirchdorf,,83527,Mühldorf a.Inn,Bayern,48.175555,12.195986,1339
092735218139,Kirchdorf,,93348,Kelheim,Bayern,48.770301,11.904181,934
091780136136,Kirchdorf a.d.Amper,,85414,Freising,Bayern,48.4583,11.651933,3344
092770128128,Kirchdorf a.Inn,,84375,Rottal-Inn,Bayern,48.242505,12.979918,5341
084265004066,Kirchdorf an der Iller,,88457,Biberach,Baden-Württemberg,48.076496,10.126512,4024
092760127127,Kirchdorf i.Wald,,94261,Regen,Bayern,48.910004,13.26636,2027
094745423143,Kirchehrenbach,,91356,Forchheim,Bayern,49.733627,11.144989,2167
071325010062,Kircheib,,57635,Altenkirchen (Westerwald),Rheinland-Pfalz,50.709359,7.458566,581
071325007063,Kirchen (Sieg),Stadt,57548,Altenkirchen (Westerwald),Rheinland-Pfalz,50.808187,7.882897,8318
093745323128,Kirchendemenreuth,,92665,Neustadt a.d.Waldnaab,Bayern,49.775975,12.092204,907
094790129129,Kirchenlamitz,St,95153,Wunsiedel i.Fichtelgebirge,Bayern,50.151691,11.950309,3122
094725415156,Kirchenpingarten,,95466,Bayreuth,Bayern,49.921908,11.786196,1244
095740135135,Kirchensittenbach,,91241,Nürnberger Land,Bayern,49.556363,11.421843,2065
084160022022,Kirchentellinsfurt,,72138,Tübingen,Baden-Württemberg,48.53123,9.149618,5492
093745326129,Kirchenthumbach,M,91281,Neustadt a.d.Waldnaab,Bayern,49.749394,11.724506,3274
160615008057,Kirchgandern,,37318,Eichsfeld,Thüringen,51.385016,9.960293,596
033555404020,Kirchgellersen,,21394,Lüneburg,Niedersachsen,53.230268,10.293226,2306
065340011011,Kirchhain,Stadt,35274,Marburg-Biedenkopf,Hessen,50.820738,8.921032,16254
092750130130,Kirchham,,94148,Passau,Bayern,48.34569,13.266784,2763
097785758157,Kirchhaslach,,87755,Unterallgäu,Bayern,48.149798,10.309701,1321
160645001033,Kirchheilingen,,99947,Unstrut-Hainich-Kreis,Thüringen,51.181918,10.709358,754
066320011011,Kirchheim,,36275,Hersfeld-Rotenburg,Hessen,50.841316,9.57383,3623
096795650153,Kirchheim,,97268,Würzburg,Bayern,49.655984,9.858042,2171
081185003040,Kirchheim am Neckar,,74366,Ludwigsburg,Baden-Württemberg,49.044258,9.145033,6004
081365002037,Kirchheim am Ries,,73467,Ostalbkreis,Baden-Württemberg,48.877758,10.400463,1750
073325007030,Kirchheim an der Weinstraße,,67281,Bad Dürkheim,Rheinland-Pfalz,49.538079,8.180509,1871
091840131131,Kirchheim b.München,,85551,München,Bayern,48.176569,11.755421,13392
097785760158,Kirchheim i.Schw.,M,87757,Unterallgäu,Bayern,48.172874,10.474075,2501
081165001033,Kirchheim unter Teck,Stadt,73230,Esslingen,Baden-Württemberg,48.646093,9.453784,42299
073335004039,Kirchheimbolanden,Stadt,67292,Donnersbergkreis,Rheinland-Pfalz,49.664151,8.010665,7956
059660016016,Kirchhundem,,57399,Olpe,Nordrhein-Westfalen,51.086248,8.090176,11509
096745610160,Kirchlauter,,96166,Haßberge,Bayern,50.043605,10.716606,1311
057580020020,Kirchlengern,,32278,Herford,Nordrhein-Westfalen,52.198451,8.642152,16334
033610005005,Kirchlinteln,,27308,Verden,Niedersachsen,52.939262,9.314682,10148
010575727034,Kirchnüchel,,23714,Plön,Schleswig-Holstein,54.20411,10.680134,186
092780141141,Kirchroth,,94356,Straubing-Bogen,Bayern,48.953672,12.542296,3958
071315002040,Kirchsahr,,53505,Ahrweiler,Rheinland-Pfalz,50.522426,6.899297,357
034585401011,Kirchseelte,,27243,Oldenburg,Niedersachsen,52.947891,8.677608,1176
091750124124,Kirchseeon,M,85614,Ebersberg,Bayern,48.071806,11.887809,10342
033575407030,Kirchtimke,,27412,Rotenburg (Wümme),Niedersachsen,53.250963,9.150798,936
071375003049,Kirchwald,,56729,Mayen-Koblenz,Rheinland-Pfalz,50.373341,7.154183,1005
033575401031,Kirchwalsede,,27386,Rotenburg (Wümme),Niedersachsen,53.020946,9.393998,1256
091715102122,Kirchweidach,,84558,Altötting,Bayern,48.085899,12.64351,2881
072335001039,Kirchweiler,,54570,Vulkaneifel,Rheinland-Pfalz,50.229711,6.744762,397
160615006058,Kirchworbis,,37339,Eichsfeld,Thüringen,51.41134,10.398331,1282
083155003064,Kirchzarten,,79199,Breisgau-Hochschwarzwald,Baden-Württemberg,47.965089,7.955318,10266
096760131131,Kirchzell,M,63931,Miltenberg,Bayern,49.618171,9.177112,2218
072355008062,Kirf,,54441,Trier-Saarburg,Rheinland-Pfalz,49.550991,6.480615,839
100450115115,Kirkel,,66459,Saarpfalz-Kreis,Saarland,49.284514,7.226366,10191
071335009052,Kirn,Stadt,55606,Bad Kreuznach,Rheinland-Pfalz,49.788787,7.456773,8551
073365008050,Kirrweiler,,67744,Kusel,Rheinland-Pfalz,49.634749,7.501388,158
073375006047,Kirrweiler (Pfalz),,67489,Südliche Weinstraße,Rheinland-Pfalz,49.302153,8.165496,2070
072335004220,Kirsbach,,53539,Vulkaneifel,Rheinland-Pfalz,50.325178,6.994117,75
160755004048,Kirschkau,,07919,Saale-Orla-Kreis,Thüringen,50.604897,11.887131,191
071335010053,Kirschroth,,55566,Bad Kreuznach,Rheinland-Pfalz,49.76194,7.57209,290
071345005047,Kirschweiler,,55743,Birkenfeld,Rheinland-Pfalz,49.753774,7.24255,1057
065350010010,Kirtorf,Stadt,36320,Vogelsbergkreis,Hessen,50.768346,9.105878,3072
010605048047,Kisdorf,,24629,Segeberg,Schleswig-Holstein,53.81114,10.009876,3976
071405008068,Kisselbach,,56291,Rhein-Hunsrück-Kreis,Rheinland-Pfalz,50.05099,7.610701,602
031585407021,Kissenbrück,,38324,Wolfenbüttel,Niedersachsen,52.108086,10.59517,1706
097710142142,Kissing,,86438,Aichach-Friedberg,Bayern,48.295828,10.98699,11657
084360052052,Kißlegg,,88353,Ravensburg,Baden-Württemberg,47.787754,9.881938,9530
096795651154,Kist,,97270,Würzburg,Bayern,49.744365,9.844874,2632
130715162074,Kittendorf,,17153,Mecklenburgische Seenplatte,Mecklenburg-Vorpommern,53.623358,12.903021,273
010535358062,Kittlitz,,23911,Herzogtum Lauenburg,Schleswig-Holstein,53.664141,10.918244,295
096750141141,Kitzingen,GKSt,97318,Kitzingen,Bayern,49.736047,10.159239,22936
147290220220,Kitzscher,Stadt,04567,Leipzig,Sachsen,51.160292,12.554765,5140
010575727035,Klamp,,24321,Plön,Schleswig-Holstein,54.296417,10.534124,584
010545489065,Klanxbüll,,25924,Nordfriesland,Schleswig-Holstein,54.864348,8.679546,1014
010595987049,Klappholz,,24860,Schleswig-Flensburg,Schleswig-Holstein,54.621371,9.539317,504
130735351044,Klausdorf,,18445,Vorpommern-Rügen,Mecklenburg-Vorpommern,54.40473,13.015028,688
072315008069,Klausen,,54524,Bernkastel-Wittlich,Rheinland-Pfalz,49.905657,6.88312,1521
010575747037,Klein Barkau,,24245,Plön,Schleswig-Holstein,54.222719,10.135269,266
130725252053,Klein Belitz,,18246,Landkreis Rostock,Mecklenburg-Vorpommern,53.937799,11.965675,802
010595996050,Klein Bennebek,,24848,Schleswig-Flensburg,Schleswig-Holstein,54.402006,9.456571,524
034545407024,Klein Berßen,,49777,Emsland,Niedersachsen,52.768675,7.463796,1177
130755563061,Klein Bünzow,,17390,Vorpommern-Greifswald,Mecklenburg-Vorpommern,53.931421,13.632334,669
010605086048,Klein Gladebrügge,,23795,Segeberg,Schleswig-Holstein,53.914441,10.317432,652
033575405032,Klein Meckelsen,,27419,Rotenburg (Wümme),Niedersachsen,53.30395,9.451117,953
010565616029,Klein Nordende,,25336,Pinneberg,Schleswig-Holstein,53.725317,9.655072,3407
010565616030,Klein Offenseth-Sparrieshoop,,25365,Pinneberg,Schleswig-Holstein,53.784835,9.683944,3088
010535318064,Klein Pampau,,21514,Herzogtum Lauenburg,Schleswig-Holstein,53.512681,10.586656,673
010595996051,Klein Rheide,,24848,Schleswig-Flensburg,Schleswig-Holstein,54.449512,9.476383,341
130765665071,Klein Rogahn,,19073,Ludwigslust-Parchim,Mecklenburg-Vorpommern,53.606116,11.346171,1360
010605086049,Klein Rönnau,,23795,Segeberg,Schleswig-Holstein,53.961927,10.320689,1914
130745455038,Klein Trebbow,,19069,Nordwestmecklenburg,Mecklenburg-Vorpommern,53.712715,11.373045,1053
130725255055,Klein Upahl,,18276,Landkreis Rostock,Mecklenburg-Vorpommern,53.715301,12.061861,229
130715156075,Klein Vielen,,17237,Mecklenburgische Seenplatte,Mecklenburg-Vorpommern,53.452909,13.03222,676
010625244039,Klein Wesenberg,,23860,Stormarn,Schleswig-Holstein,53.811108,10.545462,759
010585890088,Klein Wittensee,,24361,Rendsburg-Eckernförde,Schleswig-Holstein,54.390399,9.733109,217
010535358066,Klein Zecher,,23883,Herzogtum Lauenburg,Schleswig-Holstein,53.577268,10.873547,243
073395006032,Klein-Winternheim,,55270,Mainz-Bingen,Rheinland-Pfalz,49.938328,8.210813,3600
097725710160,Kleinaitingen,,86507,Augsburg,Bayern,48.219286,10.840706,1342
100410514514,Kleinblittersdorf,,66271,Regionalverband Saarbrücken,Saarland,49.156787,7.039191,10856
160745007046,Kleinbockedra,,07646,Saale-Holzland-Kreis,Thüringen,50.842774,11.646985,34
073405008213,Kleinbundenbach,,66501,Südwestpfalz,Rheinland-Pfalz,49.310593,7.438586,416
160745007047,Kleinebersdorf,,07646,Saale-Holzland-Kreis,Thüringen,50.815965,11.838755,172
083360107107,Kleines Wiesental,,79692,Lörrach,Baden-Württemberg,47.71944,7.794808,2970
160745011048,Kleineutersdorf,,07768,Saale-Holzland-Kreis,Thüringen,50.787359,11.576348,321
073375003048,Kleinfischlingen,,67483,Südliche Weinstraße,Rheinland-Pfalz,49.262905,8.185484,326
160625054026,Kleinfurra,,99735,Nordhausen,Thüringen,51.412513,10.764227,980
096765627132,Kleinheubach,M,63924,Miltenberg,Bayern,49.719166,9.209407,3607
072315001070,Kleinich,,54483,Bernkastel-Wittlich,Rheinland-Pfalz,49.893436,7.186822,681
096715604135,Kleinkahl,,63828,Aschaffenburg,Bayern,50.106403,9.275529,1803
073325007031,Kleinkarlbach,,67271,Bad Dürkheim,Rheinland-Pfalz,49.540002,8.154192,836
072325006250,Kleinlangenfeld,,54597,Eifelkreis Bitburg-Prüm,Rheinland-Pfalz,50.269058,6.480071,143
096755615142,Kleinlangheim,M,97355,Kitzingen,Bayern,49.770453,10.285372,1642
120690304304,Kleinmachnow,,14532,Potsdam-Mittelmark,Brandenburg,52.410025,13.22825,19274
071385003034,Kleinmaischeid,,56271,Neuwied,Rheinland-Pfalz,50.512183,7.606314,1316
160685012032,Kleinmölsen,,99198,Sömmerda,Thüringen,51.026059,11.12754,299
160685006033,Kleinneuhausen,,99625,Sömmerda,Thüringen,51.15224,11.284952,431
073385006015,Kleinniedesheim,,67259,Rhein-Pfalz-Kreis,Rheinland-Pfalz,49.587855,8.322793,923
096710136136,Kleinostheim,,63801,Aschaffenburg,Bayern,49.99941,9.062952,8360
096790155155,Kleinrinderfeld,,97271,Würzburg,Bayern,49.699387,9.844336,2006
094745426144,Kleinsendelbach,,91077,Forchheim,Bayern,49.593438,11.156814,1441
073405008214,Kleinsteinhausen,,66484,Südwestpfalz,Rheinland-Pfalz,49.200141,7.469911,742
096765630133,Kleinwallstadt,M,63839,Miltenberg,Bayern,49.872351,9.166624,5632
010535308067,Klempau,,23628,Herzogtum Lauenburg,Schleswig-Holstein,53.762851,10.660387,616
120635309161,Kleßen-Görne,,14728,Havelland,Brandenburg,52.740603,12.493926,348
010575727038,Kletkamp,,24327,Plön,Schleswig-Holstein,54.249088,10.638094,107
160715007043,Klettbach,,99102,Weimarer Land,Thüringen,50.912913,11.150336,1239
083370062062,Klettgau,,79771,Waldshut,Baden-Württemberg,47.658934,8.420527,7445
130715151076,Kletzin,,17111,Mecklenburgische Seenplatte,Mecklenburg-Vorpommern,53.923868,13.156878,654
010515169060,Kleve,,25779,Dithmarschen,Schleswig-Holstein,54.295706,9.123229,405
010615138052,Kleve,,25554,Steinburg,Schleswig-Holstein,53.965863,9.404044,528
051540036036,Kleve,Stadt,47533,Kleve,Nordrhein-Westfalen,51.787781,6.138858,53028
071355003048,Kliding,,56825,Cochem-Zell,Rheinland-Pfalz,50.108458,7.056135,218
150905052310,Klietz,,39524,Stendal,Sachsen-Anhalt,52.66738,12.068304,1401
071415011073,Klingelbach,,56368,Rhein-Lahn-Kreis,Rheinland-Pfalz,50.273541,7.969677,778
146285230205,Klingenberg,,01774,Sächsische Schweiz-Osterzgebirge,Sachsen,50.918764,13.533263,6588
096760134134,Klingenberg a.Main,St,63911,Miltenberg,Bayern,49.783497,9.183177,6112
073375002049,Klingenmünster,,76889,Südliche Weinstraße,Rheinland-Pfalz,49.140095,8.018384,2247
145230160160,Klingenthal,Stadt,08248,Vogtlandkreis,Sachsen,50.358646,12.469861,7289
130715160077,Klink,,17192,Mecklenburgische Seenplatte,Mecklenburg-Vorpommern,53.479306,12.62184,1052
010535391068,Klinkrade,,23898,Herzogtum Lauenburg,Schleswig-Holstein,53.716092,10.55033,631
146270100100,Klipphausen,,01665,Meißen,Sachsen,51.075664,13.527862,10384
010545489068,Klixbüll,,25899,Nordfriesland,Schleswig-Holstein,54.805242,8.882448,1040
130715160078,Klocksin,,17194,Mecklenburgische Seenplatte,Mecklenburg-Vorpommern,53.637074,12.541194,324
120690306306,Kloster Lehnin,,14797,Potsdam-Mittelmark,Brandenburg,52.319273,12.745314,11261
130765664167,Kloster Tempzin,,19412,Ludwigslust-Parchim,Mecklenburg-Vorpommern,53.758799,11.673399,577
160695002025,Kloster Veßra,,98660,Hildburghausen,Thüringen,50.492027,10.643076,255
071405008070,Klosterkumbd,,55469,Rhein-Hunsrück-Kreis,Rheinland-Pfalz,50.027296,7.536823,276
097725711162,Klosterlechfeld,,86836,Augsburg,Bayern,48.158939,10.829978,3008
150875052260,Klostermansfeld,,06308,Mansfeld-Südharz,Sachsen-Anhalt,51.583595,11.493705,2073
071355001049,Klotten,,56818,Cochem-Zell,Rheinland-Pfalz,50.166374,7.199421,1221
071405004071,Kludenbach,,55481,Rhein-Hunsrück-Kreis,Rheinland-Pfalz,49.987341,7.368185,122
130735362045,Kluis,,18569,Vorpommern-Rügen,Mecklenburg-Vorpommern,54.472669,13.301843,379
034545401025,Kluse,,26892,Emsland,Niedersachsen,52.933469,7.342247,1775
150810280280,Klötze,Stadt,38486,Altmarkkreis Salzwedel,Sachsen-Anhalt,52.626213,11.161472,9699
072355006063,Klüsserath,,54340,Trier-Saarburg,Rheinland-Pfalz,49.844314,6.850181,1100
130745454039,Klütz,Stadt,23948,Nordwestmecklenburg,Mecklenburg-Vorpommern,53.965698,11.166952,3036
130745452040,Kneese,,19205,Nordwestmecklenburg,Mecklenburg-Vorpommern,53.661817,10.983183,328
031585407022,Kneitlingen,,38170,Wolfenbüttel,Niedersachsen,52.174777,10.760789,759
096740163163,Knetzgau,,97478,Haßberge,Bayern,49.994429,10.546513,6446
073345001014,Knittelsheim,,76879,Germersheim,Rheinland-Pfalz,49.191462,8.251143,1023
082360033033,Knittlingen,Stadt,75438,Enzkreis,Baden-Württemberg,49.024124,8.758013,8188
073405009215,Knopp-Labach,,66917,Südwestpfalz,Rheinland-Pfalz,49.333843,7.506229,426
130715162079,Knorrendorf,,17091,Mecklenburgische Seenplatte,Mecklenburg-Vorpommern,53.631781,13.067439,534
073375005050,Knöringen,,76833,Südliche Weinstraße,Rheinland-Pfalz,49.236203,8.143643,431
066340011011,Knüllwald,,34593,Schwalm-Eder-Kreis,Hessen,51.001466,9.468812,4443
010535391069,Koberg,,23881,Herzogtum Lauenburg,Schleswig-Holstein,53.639594,10.52596,787
071375009212,Kobern-Gondorf,,56330,Mayen-Koblenz,Rheinland-Pfalz,50.30932,7.455606,2982
130755560063,Koblentz,,17309,Vorpommern-Greifswald,Mecklenburg-Vorpommern,53.53311,14.132602,196
071110000000,Koblenz,Stadt,56068,Koblenz,Rheinland-Pfalz,50.359516,7.597956,113378
130765664072,Kobrow,,19406,Ludwigslust-Parchim,Mecklenburg-Vorpommern,53.677699,11.81276,392
091735108133,Kochel a.See,,82431,Bad Tölz-Wolfratshausen,Bayern,47.658845,11.368269,4095
146265503230,Kodersdorf,,02923,Görlitz,Sachsen,51.244251,14.888576,2283
130765667073,Kogel,,19246,Ludwigslust-Parchim,Mecklenburg-Vorpommern,53.499281,10.943267,643
081165004036,Kohlberg,,72664,Esslingen,Baden-Württemberg,48.558667,9.332295,2277
093745325131,Kohlberg,M,92702,Neustadt a.d.Waldnaab,Bayern,49.59155,12.01953,1190
091870150150,Kolbermoor,St,83059,Rosenheim,Bayern,47.85111,12.060928,19094
083275001030,Kolbingen,,78600,Tuttlingen,Baden-Württemberg,48.05345,8.890061,1225
010545492070,Koldenbüttel,,25840,Nordfriesland,Schleswig-Holstein,54.384849,9.065906,921
096780150150,Kolitzheim,,97509,Schweinfurt,Bayern,49.919644,10.236498,5671
010545494071,Kolkerheide,,25862,Nordfriesland,Schleswig-Holstein,54.620407,9.130775,55
120710244244,Kolkwitz/Gołkojce,,03099,Spree-Neiße,Brandenburg,51.74988,14.244736,9265
071375002053,Kollig,,56751,Mayen-Koblenz,Rheinland-Pfalz,50.264382,7.277262,624
010615134118,Kollmar,,25377,Steinburg,Schleswig-Holstein,53.732667,9.494978,1625
010615104053,Kollmoor,,25524,Steinburg,Schleswig-Holstein,53.920974,9.599128,33
092760128128,Kollnburg,,94262,Regen,Bayern,49.047848,12.861563,2734
010535373071,Kollow,,21527,Herzogtum Lauenburg,Schleswig-Holstein,53.463155,10.458784,606
073355009019,Kollweiler,,66879,Kaiserslautern,Rheinland-Pfalz,49.514656,7.577818,500
072335004222,Kolverath,,56767,Vulkaneifel,Rheinland-Pfalz,50.270616,6.969972,102
072315001071,Kommen,,54472,Bernkastel-Wittlich,Rheinland-Pfalz,49.879352,7.129017,282
073365010052,Konken,,66871,Kusel,Rheinland-Pfalz,49.508296,7.351078,825
093770131131,Konnersreuth,M,95692,Tirschenreuth,Bayern,50.011465,12.226748,1742
094750142142,Konradsreuth,,95176,Hof,Bayern,50.268881,11.846084,3161
083355004043,Konstanz,Universitätsstadt,78462,Konstanz,Baden-Württemberg,47.662757,9.175957,86919
072355003068,Konz,Stadt,54329,Trier-Saarburg,Rheinland-Pfalz,49.694664,6.576553,18121
092780143143,Konzell,,94357,Straubing-Bogen,Bayern,49.072448,12.713081,1838
072335006223,Kopp,,54574,Vulkaneifel,Rheinland-Pfalz,50.17554,6.585691,154
094719456456,Koppenwinder Forst,,,Bamberg,Bayern,49.856409,10.550738,0
081190041041,Korb,,71404,Rems-Murr-Kreis,Baden-Württemberg,48.841999,9.361341,11607
066350015015,"Korbach, Hansestadt",Kreisstadt,34497,Waldeck-Frankenberg,Hessen,51.27186,8.873194,22901
160765008036,Korbußen,,07554,Greiz,Thüringen,50.890607,12.171231,411
072355007069,Kordel,,54306,Trier-Saarburg,Rheinland-Pfalz,49.839876,6.631439,1986
072355004070,Korlingen,,54317,Trier-Saarburg,Rheinland-Pfalz,49.727635,6.725526,772
081180080080,Korntal-Münchingen,Stadt,70825,Ludwigsburg,Baden-Württemberg,48.826004,9.12377,19654
081180046046,Kornwestheim,Stadt,70806,Ludwigsburg,Baden-Württemberg,48.86536,9.18586,33980
051620020020,Korschenbroich,Stadt,41352,Rhein-Kreis Neuss,Nordrhein-Westfalen,51.190965,6.515709,34600
130755562065,Korswandt,,17419,Vorpommern-Greifswald,Mecklenburg-Vorpommern,53.918098,14.162694,573
071405003073,Korweiler,,56288,Rhein-Hunsrück-Kreis,Rheinland-Pfalz,50.107437,7.415697,81
010585893090,Kosel,,24354,Rendsburg-Eckernförde,Schleswig-Holstein,54.505335,9.754483,1397
130755562066,Koserow,Ostseebad,17459,Vorpommern-Greifswald,Mecklenburg-Vorpommern,54.049406,13.999692,1530
160755050051,Kospoda,,07806,Saale-Orla-Kreis,Thüringen,50.719604,11.740052,388
071315001042,Kottenborn,,53518,Ahrweiler,Rheinland-Pfalz,50.353486,6.900842,184
071375003055,Kottenheim,,56736,Mayen-Koblenz,Rheinland-Pfalz,50.348939,7.25673,2521
091795132131,Kottgeisering,,82288,Fürstenfeldbruck,Bayern,48.119156,11.131747,1599
146260245245,Kottmar,,02739,Görlitz,Sachsen,50.979222,14.667015,6892
073355008020,Kottweiler-Schwanden,,66879,Kaiserslautern,Rheinland-Pfalz,49.473245,7.538939,1255
120635306165,Kotzen,,14715,Havelland,Brandenburg,52.637012,12.520248,650
010545417072,Kotzenbüll,,25832,Nordfriesland,Schleswig-Holstein,54.332136,8.905393,169
072325005068,Koxhausen,,54673,Eifelkreis Bitburg-Prüm,Rheinland-Pfalz,49.995264,6.245937,92
071325010064,Kraam,,57635,Altenkirchen (Westerwald),Rheinland-Pfalz,50.692814,7.529536,161
130755556067,Krackow,,17329,Vorpommern-Greifswald,Mecklenburg-Vorpommern,53.343613,14.265689,608
072335001040,Kradenbach,,54552,Vulkaneifel,Rheinland-Pfalz,50.255451,6.853605,139
097775755144,Kraftisried,,87647,Ostallgäu,Bayern,47.779165,10.469881,927
160760089089,Kraftsdorf,,07586,Greiz,Thüringen,50.875946,11.914412,3646
095729458458,Kraftshofer Forst,,,Erlangen-Höchstadt,Bayern,49.5155,11.099582,0
091835148124,Kraiburg a.Inn,M,84559,Mühldorf a.Inn,Bayern,48.183513,12.427777,4021
082150097097,Kraichtal,Stadt,76703,Karlsruhe,Baden-Württemberg,49.122597,8.714528,14602
091880127127,Krailling,,82142,Starnberg,Bayern,48.097164,11.409622,7847
130725256056,Krakow am See,Stadt,18292,Landkreis Rostock,Mecklenburg-Vorpommern,53.652452,12.267699,3324
130735351046,Kramerhof,,18445,Vorpommern-Rügen,Mecklenburg-Vorpommern,54.3537,13.054042,1916
033595409029,Kranenburg,,21726,Stade,Niedersachsen,53.605166,9.207459,743
051540040040,Kranenburg,,47559,Kleve,Nordrhein-Westfalen,51.789765,6.007969,11303
160715007046,Kranichfeld,Stadt,99448,Weimarer Land,Thüringen,50.854496,11.201902,3376
091780137137,Kranzberg,,85402,Freising,Bayern,48.406009,11.616607,4304
130715156080,Kratzeburg,,17237,Mecklenburgische Seenplatte,Mecklenburg-Vorpommern,53.429184,12.94392,548
071405009075,Kratzenburg,,56283,Rhein-Hunsrück-Kreis,Rheinland-Pfalz,50.186864,7.554894,406
084375006065,Krauchenwies,,72505,Sigmaringen,Baden-Württemberg,48.018687,9.248681,5023
146260250250,Krauschwitz i.d. O.L. / Krušwica,,02957,Görlitz,Sachsen,51.516045,14.718151,3171
120615114265,Krausnick-Groß Wasserburg,,15910,Dahme-Spreewald,Brandenburg,52.031752,13.829042,662
160635006046,Krauthausen,,99819,Wartburgkreis,Thüringen,51.016799,10.270952,1519
081265002045,Krautheim,Stadt,74238,Hohenlohekreis,Baden-Württemberg,49.384904,9.634435,4561
072325001253,Krautscheid,,54673,Eifelkreis Bitburg-Prüm,Rheinland-Pfalz,50.064696,6.332175,199
160630101101,Krayenberggemeinde,,36460,Wartburgkreis,Thüringen,50.837986,10.084545,4818
146265233260,Kreba-Neudorf / Chrjebja-Nowa Wjes,,02906,Görlitz,Sachsen,51.347784,14.684646,812
031595402022,Krebeck,,37434,Göttingen,Niedersachsen,51.587922,10.122558,1015
051140000000,Krefeld,Stadt,47798,Krefeld,Nordrhein-Westfalen,51.332637,6.56089,231406
130765655075,Kreien,,19386,Ludwigslust-Parchim,Mecklenburg-Vorpommern,53.407675,12.054081,366
073365008053,Kreimbach-Kaulbach,,67757,Kusel,Rheinland-Pfalz,49.553828,7.632979,719
146280220220,Kreischa,,01731,Sächsische Schweiz-Osterzgebirge,Sachsen,50.945374,13.759963,4629
130745452043,Krembz,,19205,Nordwestmecklenburg,Mecklenburg-Vorpommern,53.651085,11.060801,864
120625209282,Kremitzaue,,04936,Elbe-Elster,Brandenburg,51.725756,13.315825,779
120650165165,Kremmen,Stadt,16766,Oberhavel,Brandenburg,52.76282,13.026328,7535
130765657076,Kremmin,,19300,Ludwigslust-Parchim,Mecklenburg-Vorpommern,53.249799,11.598372,247
010615134054,Krempdorf,,25376,Steinburg,Schleswig-Holstein,53.826512,9.461193,241
010615153055,Krempe,Stadt,25361,Steinburg,Schleswig-Holstein,53.836588,9.489814,2435
010515169061,Krempel,,25774,Dithmarschen,Schleswig-Holstein,54.320019,9.027607,607
010615153056,Kremperheide,,25569,Steinburg,Schleswig-Holstein,53.881515,9.478853,2300
010615153057,Krempermoor,,25569,Steinburg,Schleswig-Holstein,53.877501,9.480149,541
010605086050,Krems II,,23827,Segeberg,Schleswig-Holstein,53.986501,10.355628,387
081275003101,Kreßberg,,74594,Schwäbisch Hall,Baden-Württemberg,49.130659,10.184266,4008
084355001029,Kressbronn am Bodensee,,88079,Bodenseekreis,Baden-Württemberg,47.596747,9.59834,8727
071375001056,Kretz,,56630,Mayen-Koblenz,Rheinland-Pfalz,50.394106,7.361895,734
150845052275,Kretzschau,,06712,Burgenlandkreis,Sachsen-Anhalt,51.054601,12.071959,2329
091820124124,Kreuth,,83708,Miesbach,Bayern,47.641812,11.744271,3421
093759452452,Kreuther Forst,,,Regensburg,Bayern,49.062097,12.241799,0
053580028028,Kreuzau,,52372,Düren,Nordrhein-Westfalen,50.74596,6.489241,18149
059700024024,Kreuztal,Stadt,57223,Siegen-Wittgenstein,Nordrhein-Westfalen,50.961831,7.988096,30905
096775620151,Kreuzwertheim,M,97892,Main-Spessart,Bayern,49.766448,9.515263,3819
073355011021,Krickenbach,,67706,Kaiserslautern,Rheinland-Pfalz,49.362893,7.666436,1181
160775005022,Kriebitzsch,,04617,Altenburger Land,Thüringen,51.024743,12.33447,992
145220300300,Kriebstein,,09648,Mittelsachsen,Sachsen,51.051083,13.0219,1956
073335004040,Kriegsfeld,,67819,Donnersbergkreis,Rheinland-Pfalz,49.709175,7.915738,955
130755553068,Krien,,17391,Vorpommern-Greifswald,Mecklenburg-Vorpommern,53.830228,13.446462,680
130715163081,Kriesow,,17091,Mecklenburgische Seenplatte,Mecklenburg-Vorpommern,53.733707,13.050701,274
064360009009,Kriftel,,65830,Main-Taunus-Kreis,Hessen,50.082683,8.468224,11356
130725263057,Kritzmow,,18198,Landkreis Rostock,Mecklenburg-Vorpommern,54.05311,12.0523,3964
130765655077,Kritzow,,19386,Ludwigslust-Parchim,Mecklenburg-Vorpommern,53.445984,12.131564,457
010585864091,Krogaspe,,24644,Rendsburg-Eckernförde,Schleswig-Holstein,54.131573,9.929382,453
010575755040,Krokau,,24217,Plön,Schleswig-Holstein,54.402446,10.341593,402
096715604138,Krombach,,63829,Aschaffenburg,Bayern,50.083556,9.206654,2048
160615014062,Krombach,,37308,Eichsfeld,Thüringen,51.289997,10.134941,166
094760145145,Kronach,St,96317,Kronach,Bayern,50.239015,11.325279,16616
082155001039,Kronau,,76709,Karlsruhe,Baden-Württemberg,49.219296,8.634487,5969
064340006006,Kronberg im Taunus,Stadt,61476,Hochtaunuskreis,Hessen,50.179718,8.510666,18671
097785767161,Kronburg,,87758,Unterallgäu,Bayern,47.90474,10.156359,1772
010515166062,Kronprinzenkoog,,25709,Dithmarschen,Schleswig-Holstein,53.97171,8.964528,844
010595990136,Kronsgaard,,24395,Schleswig-Flensburg,Schleswig-Holstein,54.732024,9.965003,257
010580092092,Kronshagen,,24119,Rendsburg-Eckernförde,Schleswig-Holstein,54.332063,10.078987,12235
010615104058,Kronsmoor,,25597,Steinburg,Schleswig-Holstein,53.908361,9.60155,168
071345002048,Kronweiler,,55767,Birkenfeld,Rheinland-Pfalz,49.660754,7.262151,321
010595996053,Kropp,,24848,Schleswig-Flensburg,Schleswig-Holstein,54.411199,9.508668,6694
071435002250,Kroppach,,57612,Westerwaldkreis,Rheinland-Pfalz,50.695784,7.737747,789
120665606168,Kroppen,,01945,Oberspreewald-Lausitz,Brandenburg,51.384458,13.799154,706
150835054355,Kroppenstedt,Stadt,39397,Börde,Sachsen-Anhalt,51.942154,11.308753,1357
147305306150,Krostitz,,04509,Nordsachsen,Sachsen,51.461574,12.453835,4151
073365009054,Krottelbach,,66909,Kusel,Rheinland-Pfalz,49.467013,7.331176,619
072325005069,Kruchten,,54675,Eifelkreis Bitburg-Prüm,Rheinland-Pfalz,49.899203,6.315114,399
130755554070,Kruckow,,17129,Vorpommern-Greifswald,Mecklenburg-Vorpommern,53.90128,13.236376,656
071375001057,Kruft,,56642,Mayen-Koblenz,Rheinland-Pfalz,50.385163,7.336575,4800
130755560071,Krugsdorf,,17309,Vorpommern-Greifswald,Mecklenburg-Vorpommern,53.524969,14.084454,471
010535343074,Krukow,,21483,Herzogtum Lauenburg,Schleswig-Holstein,53.418864,10.478187,162
097740150150,Krumbach (Schwaben),St,86381,Günzburg,Bayern,48.242164,10.360594,14178
010575755041,Krummbek,,24217,Plön,Schleswig-Holstein,54.37814,10.400709,392
071345005049,Krummenau,,55483,Birkenfeld,Rheinland-Pfalz,49.889781,7.272401,155
033595407030,Krummendeich,,21732,Stade,Niedersachsen,53.830008,9.207587,476
010615138059,Krummendiek,,25554,Steinburg,Schleswig-Holstein,53.944241,9.416376,85
093775350132,Krummennaab,,92703,Tirschenreuth,Bayern,49.831006,12.098966,1457
010535308075,Krummesse,,23628,Herzogtum Lauenburg,Schleswig-Holstein,53.780123,10.641961,1613
034520014014,Krummhörn,,26736,Aurich,Niedersachsen,53.434097,7.097865,11384
130755551072,Krummin,,17440,Vorpommern-Greifswald,Mecklenburg-Vorpommern,54.047831,13.847591,224
010585803093,Krummwisch,,24796,Rendsburg-Eckernförde,Schleswig-Holstein,54.335159,9.897593,707
010515175063,Krumstedt,,25727,Dithmarschen,Schleswig-Holstein,54.068684,9.177954,538
071325010065,Krunkel,,56593,Altenkirchen (Westerwald),Rheinland-Pfalz,50.579521,7.502305,588
130755553073,Krusenfelde,,17391,Vorpommern-Greifswald,Mecklenburg-Vorpommern,53.845065,13.393636,155
130745456044,Krusenhagen,,23974,Nordwestmecklenburg,Mecklenburg-Vorpommern,53.944805,11.531895,600
073405009216,Krähenberg,,66894,Südwestpfalz,Rheinland-Pfalz,49.330029,7.463886,158
160755013129,Krölpa,,07387,Saale-Orla-Kreis,Thüringen,50.677134,11.539536,2543
092745223145,Kröning,,84178,Landshut,Bayern,48.552597,12.36331,2052
130720058058,Kröpelin,Stadt,18236,Landkreis Rostock,Mecklenburg-Vorpommern,54.071022,11.796062,4899
010535323072,Kröppelshagen-Fahrendorf,,21529,Herzogtum Lauenburg,Schleswig-Holstein,53.488589,10.315197,1361
073405003026,Kröppen,,66957,Südwestpfalz,Rheinland-Pfalz,49.15136,7.529534,681
130755557069,Kröslin,,17440,Vorpommern-Greifswald,Mecklenburg-Vorpommern,54.117831,13.752524,1734
072315009072,Kröv,,54536,Bernkastel-Wittlich,Rheinland-Pfalz,49.980847,7.089673,2150
071435007041,Krümmel,,56244,Westerwaldkreis,Rheinland-Pfalz,50.535279,7.722348,304
091800122122,Krün,,82494,Garmisch-Partenkirchen,Bayern,47.505053,11.278469,1985
010535343073,Krüzen,,21483,Herzogtum Lauenburg,Schleswig-Holstein,53.401518,10.527113,365
130715164083,Kublank,,17349,Mecklenburgische Seenplatte,Mecklenburg-Vorpommern,53.554577,13.50457,152
146250290290,Kubschütz / Kubšicy,,02627,Bautzen,Sachsen,51.169556,14.505323,2428
130725256059,Kuchelmiß,,18292,Landkreis Rostock,Mecklenburg-Vorpommern,53.680909,12.361912,668
081175004033,Kuchen,,73329,Göppingen,Baden-Württemberg,48.635851,9.800136,5544
130715158173,Kuckssee,,17217,Mecklenburgische Seenplatte,Mecklenburg-Vorpommern,53.520499,13.130169,591
010535373076,Kuddewörde,,22958,Herzogtum Lauenburg,Schleswig-Holstein,53.587291,10.401901,1720
010515163064,Kuden,,25712,Dithmarschen,Schleswig-Holstein,53.967853,9.192822,665
010615179060,Kudensee,,25572,Steinburg,Schleswig-Holstein,53.930105,9.212866,109
073345006015,Kuhardt,,76773,Germersheim,Rheinland-Pfalz,49.144499,8.315402,1943
150815051290,Kuhfelde,,29416,Altmarkkreis Salzwedel,Sachsen-Anhalt,52.785222,11.114595,1023
130765664078,Kuhlen-Wendorf,,19412,Ludwigslust-Parchim,Mecklenburg-Vorpommern,53.670364,11.664236,762
071435008251,Kuhnhöfen,,56244,Westerwaldkreis,Rheinland-Pfalz,50.531885,7.861931,148
130725255061,Kuhs,,18276,Landkreis Rostock,Mecklenburg-Vorpommern,53.859139,12.232175,313
130765658079,Kuhstorf,,19230,Ludwigslust-Parchim,Mecklenburg-Vorpommern,53.384197,11.24792,686
093770133133,Kulmain,,95508,Tirschenreuth,Bayern,49.892343,11.899146,2242
094770128128,Kulmbach,GKSt,95311,Kulmbach,Bayern,50.10807,11.455614,26625
010535358078,Kulpin,,23911,Herzogtum Lauenburg,Schleswig-Holstein,53.71009,10.695812,214
092740146146,Kumhausen,,84036,Landshut,Bayern,48.507387,12.160133,5538
010565687032,Kummerfeld,,25495,Pinneberg,Schleswig-Holstein,53.691612,9.791036,2386
130715153084,Kummerow,Seegemeinde,17139,Mecklenburgische Seenplatte,Mecklenburg-Vorpommern,53.768639,12.831469,544
071435002252,Kundert,,57629,Westerwaldkreis,Rheinland-Pfalz,50.716421,7.790701,271
094745422145,Kunreuth,,91358,Forchheim,Bayern,49.68231,11.143324,1400
094775437129,Kupferberg,St,95362,Kulmbach,Bayern,50.139459,11.576725,1049
081265001047,Kupferzell,,74635,Hohenlohekreis,Baden-Württemberg,49.227563,9.68958,6665
082165001024,Kuppenheim,Stadt,76456,Rastatt,Baden-Württemberg,48.827747,8.254177,8224
071385009036,Kurtscheid,,56581,Neuwied,Rheinland-Pfalz,50.533925,7.460901,1016
073365010055,Kusel,Stadt,66869,Kusel,Rheinland-Pfalz,49.537633,7.400548,5332
084160023023,Kusterdingen,,72127,Tübingen,Baden-Württemberg,48.521842,9.120318,9016
033595402031,Kutenholz,,27449,Stade,Niedersachsen,53.481264,9.322712,4589
097720167167,Kutzenhausen,,86500,Augsburg,Bayern,48.341876,10.693702,2726
160645001038,Kutzleben,,99955,Unstrut-Hainich-Kreis,Thüringen,51.194429,10.870633,607
160650085085,Kyffhäuserland,,99707,Kyffhäuserkreis,Thüringen,51.372774,11.006429,3810
072325008070,Kyllburg,Stadt,54655,Eifelkreis Bitburg-Prüm,Rheinland-Pfalz,50.042113,6.591541,939
072325008071,Kyllburgweiler,,54655,Eifelkreis Bitburg-Prüm,Rheinland-Pfalz,50.05107,6.623278,92
120680264264,Kyritz,Stadt,16866,Ostprignitz-Ruppin,Brandenburg,52.942534,12.396369,9147
146270080080,Käbschütztal,,01665,Meißen,Sachsen,51.141218,13.412117,2783
096729458458,Kälberberg,,,Bad Kissingen,Bayern,50.273828,9.695502,0
082365002074,Kämpfelbach,,75236,Enzkreis,Baden-Württemberg,48.934316,8.635617,6283
073405008212,Käshofen,,66894,Südwestpfalz,Rheinland-Pfalz,49.327954,7.414971,610
094750141141,Köditz,,95189,Hof,Bayern,50.331997,11.848635,2339
094775439127,Ködnitz,,95361,Kulmbach,Bayern,50.091395,11.528681,1452
093750161161,Köfering,,93096,Regensburg,Bayern,48.938213,12.195341,2847
010575755039,Köhn,,24257,Plön,Schleswig-Holstein,54.34444,10.455111,733
071435009249,Kölbingen,,56459,Westerwaldkreis,Rheinland-Pfalz,50.551956,7.934284,1016
160680034034,Kölleda,Stadt,99625,Sömmerda,Thüringen,51.18884,11.249169,6467
010565616031,Kölln-Reisiek,,25337,Pinneberg,Schleswig-Holstein,53.757477,9.697647,3382
094739454454,Köllnholz,,,Coburg,Bayern,50.281227,10.85277,0
053150000000,Köln,Stadt,50667,Köln,Nordrhein-Westfalen,50.938107,6.957068,1024621
081165009035,Köngen,,73257,Esslingen,Baden-Württemberg,48.684568,9.363326,9716
073395007033,Köngernheim,,55278,Mainz-Bingen,Rheinland-Pfalz,49.845416,8.246313,1272
081285004061,Königheim,,97953,Main-Tauber-Kreis,Baden-Württemberg,49.618084,9.592932,3043
120610260260,Königs Wusterhausen,Stadt,15711,Dahme-Spreewald,Brandenburg,52.299444,13.624464,39360
071335009203,Königsau,,55606,Bad Kreuznach,Rheinland-Pfalz,49.855452,7.48698,64
082365002076,Königsbach-Stein,,75203,Enzkreis,Baden-Württemberg,48.966057,8.610536,10201
096740164164,Königsberg i.Bay.,St,97486,Haßberge,Bayern,50.080997,10.569258,3543
081350025025,Königsbronn,,89551,Heidenheim,Baden-Württemberg,48.743064,10.11239,7028
097720163163,Königsbrunn,St,86343,Augsburg,Bayern,48.267499,10.889586,27879
146255218270,Königsbrück,Stadt,01936,Bautzen,Sachsen,51.264594,13.904688,4665
091730134134,Königsdorf,,82549,Bad Tölz-Wolfratshausen,Bayern,47.816385,11.480945,3148
160735054112,Königsee,Stadt,07426,Saalfeld-Rudolstadt,Thüringen,50.66201,11.099696,6979
084365001053,Königseggwald,,88376,Ravensburg,Baden-Württemberg,47.929613,9.419302,681
071315004041,Königsfeld,,53426,Ahrweiler,Rheinland-Pfalz,50.498734,7.177298,717
094715403151,Königsfeld,,96167,Bamberg,Bayern,49.945469,11.163108,1263
130745458042,Königsfeld,,19217,Nordwestmecklenburg,Mecklenburg-Vorpommern,53.770677,11.026914,929
145225126280,Königsfeld,,09306,Mittelsachsen,Sachsen,51.063053,12.755705,1377
083260031031,Königsfeld im Schwarzwald,,78126,Schwarzwald-Baar-Kreis,Baden-Württemberg,48.138624,8.421452,5960
146265232240,Königshain,,02829,Görlitz,Sachsen,51.18179,14.874798,1154
145220290290,Königshain-Wiederau,,09306,Mittelsachsen,Sachsen,50.973915,12.840299,2479
083275002029,Königsheim,,78598,Tuttlingen,Baden-Württemberg,48.101089,8.86116,621
010585847089,Königshügel,,24799,Rendsburg-Eckernförde,Schleswig-Holstein,54.33488,9.474274,167
031549503503,Königslutter,gemfr. Gebiet,,Helmstedt,Niedersachsen,52.222709,10.794948,0
031540013013,Königslutter am Elm,Stadt,38154,Helmstedt,Niedersachsen,52.252332,10.816117,15395
033535406022,Königsmoor,,21255,Harburg,Niedersachsen,53.232097,9.639963,578
091850163163,Königsmoos,,86669,Neuburg-Schrobenhausen,Bayern,48.654756,11.203512,4938
093715302135,Königstein,M,92281,Amberg-Sulzbach,Bayern,49.607345,11.633198,1723
064340005005,Königstein im Taunus,Stadt,61462,Hochtaunuskreis,Hessen,50.182742,8.464874,16680
146285219210,Königstein/Sächs. Schw.,Stadt,01824,Sächsische Schweiz-Osterzgebirge,Sachsen,50.917112,14.073736,2151
145215101340,Königswalde,,09471,Erzgebirgskreis,Sachsen,50.546776,13.045934,2080
146250280280,Königswartha / Rakecy,,02699,Bautzen,Sachsen,51.310358,14.329125,3359
053820024024,Königswinter,Stadt,53639,Rhein-Sieg-Kreis,Nordrhein-Westfalen,50.676869,7.191597,40574
150890195195,Könnern,Stadt,06420,Salzlandkreis,Sachsen-Anhalt,51.670127,11.767742,7875
073365010051,Körborn,,66871,Kusel,Rheinland-Pfalz,49.563144,7.369655,339
071415011074,Kördorf,,56370,Rhein-Lahn-Kreis,Rheinland-Pfalz,50.286957,7.919677,561
066340012012,Körle,,34327,Schwalm-Eder-Kreis,Hessen,51.174712,9.514418,3119
160645055037,Körner,,99998,Unstrut-Hainich-Kreis,Thüringen,51.231476,10.587315,1604
072325005067,Körperich,,54675,Eifelkreis Bitburg-Prüm,Rheinland-Pfalz,49.923801,6.260501,1110
091760139139,Kösching,M,85092,Eichstätt,Bayern,48.810992,11.501015,9788
092750131131,Kößlarn,M,94149,Passau,Bayern,48.372007,13.121867,1867
010535373070,Köthel,,22929,Herzogtum Lauenburg,Schleswig-Holstein,53.606936,10.510002,295
010625270040,Köthel,,22929,Stormarn,Schleswig-Holstein,53.609479,10.507479,324
150820180180,Köthen (Anhalt),Stadt,06366,Anhalt-Bitterfeld,Sachsen-Anhalt,51.751224,11.973406,24110
072335004221,Kötterichen,,56767,Vulkaneifel,Rheinland-Pfalz,50.23994,6.9839,117
097745729148,Kötz,,89359,Günzburg,Bayern,48.407043,10.273333,3346
072355006067,Köwerich,,54340,Trier-Saarburg,Rheinland-Pfalz,49.839723,6.870799,392
097715703144,Kühbach,M,86556,Aichach-Friedberg,Bayern,48.49172,11.184385,4170
097725706166,Kühlenthal,,86707,Augsburg,Bayern,48.56553,10.820736,840
130720060060,"Kühlungsborn, Ostseebad",Stadt,18225,Landkreis Rostock,Mecklenburg-Vorpommern,54.141683,11.751251,8088
160665014038,Kühndorf,,98547,Schmalkalden-Meiningen,Thüringen,50.60779,10.490681,870
010575747042,Kühren,,24211,Plön,Schleswig-Holstein,54.198376,10.258367,575
010535391077,Kühsen,,23898,Herzogtum Lauenburg,Schleswig-Holstein,53.682661,10.615824,348
010605053051,Kükels,,23829,Segeberg,Schleswig-Holstein,53.894887,10.238915,438
160615013063,Küllstedt,,37359,Eichsfeld,Thüringen,51.276661,10.27809,1267
081280064064,Külsheim,Stadt,97900,Main-Tauber-Kreis,Baden-Württemberg,49.670835,9.517596,5360
071405008076,Külz (Hunsrück),,55471,Rhein-Hunsrück-Kreis,Rheinland-Pfalz,50.006308,7.493526,483
071405008077,Kümbdchen,,55471,Rhein-Hunsrück-Kreis,Rheinland-Pfalz,49.992121,7.508393,485
120705006222,Kümmernitztal,,16945,Prignitz,Brandenburg,53.224187,12.1553,354
093710136136,Kümmersbruck,,92245,Amberg-Sulzbach,Bayern,49.419327,11.877755,9830
066310017017,Künzell,,36093,Fulda,Hessen,50.538819,9.706209,16903
081265003046,Künzelsau,Stadt,74653,Hohenlohekreis,Baden-Württemberg,49.277894,9.687069,16348
092710128128,Künzing,,94550,Deggendorf,Bayern,48.668541,13.078295,3258
094760146146,Küps,M,96328,Kronach,Bayern,50.190856,11.277948,7697
096790156156,Kürnach,,97273,Würzburg,Bayern,49.846629,10.039905,4578
082155005040,Kürnbach,,75057,Karlsruhe,Baden-Württemberg,49.076664,8.844275,2407
053780012012,Kürten,,51515,Rheinisch-Bergischer Kreis,Nordrhein-Westfalen,51.051583,7.264225,20033
083375003125,Küssaberg,,79790,Waldshut,Baden-Württemberg,47.589996,8.305426,5520
033545407013,Küsten,,29482,Lüchow-Dannenberg,Niedersachsen,52.97687,11.06516,1330
120645404266,Küstriner Vorland,,15328,Märkisch-Oderland,Brandenburg,52.549913,14.55354,2487
093755333162,Laaber,M,93164,Regensburg,Bayern,49.065635,11.885725,5290
130725257062,Laage,Recknitzstadt,18299,Landkreis Rostock,Mecklenburg-Vorpommern,53.927441,12.346162,6253
034565401012,Laar,,49824,Grafschaft Bentheim,Niedersachsen,52.61344,6.740122,2050
160745011049,Laasdorf,,07646,Saale-Holzland-Kreis,Thüringen,50.872418,11.671921,532
032410009009,Laatzen,Stadt,30880,Region Hannover,Niedersachsen,52.314795,9.788174,41838
010535391079,Labenz,,23898,Herzogtum Lauenburg,Schleswig-Holstein,53.708352,10.524596,918
092780144144,Laberweinting,,84082,Straubing-Bogen,Bayern,48.797151,12.321555,3531
010575755043,Laboe,,24235,Plön,Schleswig-Holstein,54.404031,10.224323,5546
097785765162,Lachen,,87760,Unterallgäu,Bayern,47.945918,10.238632,1684
033515403016,Lachendorf,,29331,Celle,Niedersachsen,52.62209,10.245238,6059
055660032032,Ladbergen,,49549,Steinfurt,Nordrhein-Westfalen,52.136598,7.737293,6906
010545489073,Ladelund,,25926,Nordfriesland,Schleswig-Holstein,54.84075,9.025311,1426
082260038038,Ladenburg,Stadt,68526,Rhein-Neckar-Kreis,Baden-Württemberg,49.471947,8.610298,12914
055660036036,Laer,,48366,Steinfurt,Nordrhein-Westfalen,52.054322,7.357204,6993
034565402013,Lage,,49828,Grafschaft Bentheim,Niedersachsen,52.468027,6.961467,1101
057660040040,Lage,Stadt,32791,Lippe,Nordrhein-Westfalen,51.991233,8.79254,35054
034545409027,Lahn,,49757,Emsland,Niedersachsen,52.81632,7.616105,903
065320015015,Lahnau,,35633,Lahn-Dill-Kreis,Hessen,50.576168,8.565071,8181
071410075075,Lahnstein,Stadt,56112,Rhein-Lahn-Kreis,Rheinland-Pfalz,50.300468,7.607337,18719
065340012012,Lahntal,,35094,Marburg-Biedenkopf,Hessen,50.862656,8.70517,6953
071405003502,Lahr,,56288,Rhein-Hunsrück-Kreis,Rheinland-Pfalz,50.125403,7.365749,166
072325005072,Lahr,,54675,Eifelkreis Bitburg-Prüm,Rheinland-Pfalz,49.944081,6.29142,190
083175007065,Lahr/Schwarzwald,Stadt,77933,Ortenaukreis,Baden-Württemberg,48.339132,7.874292,50775
084255007071,Laichingen,Stadt,89150,Alb-Donau-Kreis,Baden-Württemberg,48.489445,9.685733,12425
130725256063,Lalendorf,,18279,Landkreis Rostock,Mecklenburg-Vorpommern,53.757069,12.387537,3493
092715202130,Lalling,,94551,Deggendorf,Bayern,48.845214,13.14067,1651
093720138138,Lam,M,93462,Cham,Bayern,49.19496,13.053753,2586
072325001254,Lambertsberg,,54649,Eifelkreis Bitburg-Prüm,Rheinland-Pfalz,50.091009,6.389819,380
073325005032,Lambrecht (Pfalz),Stadt,67466,Bad Dürkheim,Rheinland-Pfalz,49.372252,8.070859,3995
130725263064,Lambrechtshagen,,18069,Landkreis Rostock,Mecklenburg-Vorpommern,54.102241,12.015425,2894
073355001201,Lambsborn,,66894,Kaiserslautern,Rheinland-Pfalz,49.367433,7.428122,694
073385006016,Lambsheim,,67245,Rhein-Pfalz-Kreis,Rheinland-Pfalz,49.513201,8.287168,6911
097775748145,Lamerdingen,,86862,Ostallgäu,Bayern,48.092526,10.740889,2235
010575775044,Lammershagen,,24238,Plön,Schleswig-Holstein,54.274509,10.443923,251
072355008072,Lampaden,,54316,Trier-Saarburg,Rheinland-Pfalz,49.649393,6.700376,558
064310013013,Lampertheim,Stadt,68623,Bergstraße,Hessen,49.595788,8.46255,32400
146275238110,Lampertswalde,,01561,Meißen,Sachsen,51.31545,13.673713,2506
032540044044,Lamspringe,,31195,Hildesheim,Niedersachsen,51.957723,10.008627,5460
033525404029,Lamstedt,,21769,Cuxhaven,Niedersachsen,53.636316,9.096351,3317
130735357048,Lancken-Granitz,,18586,Vorpommern-Rügen,Mecklenburg-Vorpommern,54.367323,13.632229,464
092790122122,Landau a.d.Isar,St,94405,Dingolfing-Landau,Bayern,48.666545,12.691842,14801
073130000000,Landau in der Pfalz,Stadt,76829,Landau in der Pfalz,Rheinland-Pfalz,49.196595,8.112414,48209
097745728151,Landensberg,,89361,Günzburg,Bayern,48.43447,10.5234,642
032565410017,Landesbergen,,31628,Nienburg (Weser),Niedersachsen,52.55829,9.119921,2774
071355002051,Landkern,,56814,Cochem-Zell,Rheinland-Pfalz,50.193207,7.152986,923
031595404023,Landolfshausen,,37136,Göttingen,Niedersachsen,51.539947,10.104399,1091
010615179062,Landrecht,,25554,Steinburg,Schleswig-Holstein,53.924719,9.39178,112
150880195195,Landsberg,Stadt,06188,Saalekreis,Sachsen-Anhalt,51.525359,12.15883,14772
091810130130,Landsberg am Lech,GKSt,86886,Landsberg am Lech,Bayern,48.049514,10.877828,29257
091795131132,Landsberied,,82290,Fürstenfeldbruck,Bayern,48.162707,11.168073,1566
072315008503,Landscheid,,54526,Bernkastel-Wittlich,Rheinland-Pfalz,49.987706,6.773142,2224
010615179063,Landscheide,,25572,Steinburg,Schleswig-Holstein,53.922001,9.251644,242
092610000000,Landshut,,84026,Landshut,Bayern,48.536978,12.152143,71863
073355011022,"Landstuhl, Sickingenstadt",Stadt,66849,Kaiserslautern,Rheinland-Pfalz,49.410247,7.568755,8332
010595937137,Langballig,,24977,Schleswig-Flensburg,Schleswig-Holstein,54.799385,9.637034,1566
092760129129,Langdorf,,94264,Regen,Bayern,49.013526,13.14766,1836
010565660034,Langeln,,25485,Pinneberg,Schleswig-Holstein,53.795088,9.85372,596
031530019019,Langelsheim,Stadt,38685,Goslar,Niedersachsen,51.938286,10.335897,14599
034545405028,Langen,,49838,Emsland,Niedersachsen,52.541236,7.468918,1399
064380006006,Langen (Hessen),Stadt,63225,Offenbach,Hessen,49.989495,8.679424,38785
130765668080,Langen Brütz,,19067,Ludwigslust-Parchim,Mecklenburg-Vorpommern,53.65749,11.547842,473
095770148148,Langenaltheim,,91799,Weißenburg-Gunzenhausen,Bayern,48.893971,10.93313,2236
084355001030,Langenargen,,88085,Bodenseekreis,Baden-Württemberg,47.596737,9.54014,7525
084255008072,Langenau,Stadt,89129,Alb-Donau-Kreis,Baden-Württemberg,48.499499,10.121087,15274
073365009056,Langenbach,,66909,Kusel,Rheinland-Pfalz,49.49298,7.329208,448
091780138138,Langenbach,,85416,Freising,Bayern,48.436873,11.853676,4068
071435001253,Langenbach bei Kirburg,,57520,Westerwaldkreis,Rheinland-Pfalz,50.704066,7.938937,1109
057540024024,Langenberg,,33449,Gütersloh,Nordrhein-Westfalen,51.775971,8.320352,8311
145240140140,Langenbernsdorf,,08428,Zwickau,Sachsen,50.754918,12.324565,3392
081255009113,Langenbrettach,,74243,Heilbronn,Baden-Württemberg,49.224779,9.381284,3894
081275004047,Langenburg,Stadt,74595,Schwäbisch Hall,Baden-Württemberg,49.253622,9.849831,1749
033545406014,Langendorf,,29484,Lüchow-Dannenberg,Niedersachsen,53.102229,11.253904,664
084265007067,Langenenslingen,,88515,Biberach,Baden-Württemberg,48.148612,9.377962,3649
010545459074,Langeneß,,25863,Nordfriesland,Schleswig-Holstein,54.637917,8.594129,118
071375003060,Langenfeld,,56729,Mayen-Koblenz,Rheinland-Pfalz,50.375899,7.093493,678
095755518138,Langenfeld,,91474,Neustadt a.d.Aisch-Bad Windsheim,Bayern,49.613982,10.514136,1078
051580020020,Langenfeld (Rheinland),Stadt,40764,Mettmann,Nordrhein-Westfalen,51.107416,6.948927,59975
032410010010,Langenhagen,Stadt,30853,Region Hannover,Niedersachsen,52.438469,9.734278,54142
071435009254,Langenhahn,,56459,Westerwaldkreis,Rheinland-Pfalz,50.583308,7.918297,1369
010545494075,Langenhorn,,25842,Nordfriesland,Schleswig-Holstein,54.681709,8.933726,3363
010535318080,Langenlehsten,,21514,Herzogtum Lauenburg,Schleswig-Holstein,53.499907,10.740533,184
160775051023,Langenleuba-Niederhain,,04618,Altenburger Land,Thüringen,50.960103,12.589232,1675
071335011054,Langenlonsheim,,55450,Bad Kreuznach,Rheinland-Pfalz,49.896796,7.899113,4357
091855155143,Langenmosen,,86571,Neuburg-Schrobenhausen,Bayern,48.606896,11.210488,1676
097725709168,Langenneufnach,,86863,Augsburg,Bayern,48.265363,10.605271,1891
160755005054,Langenorla,,07381,Saale-Orla-Kreis,Thüringen,50.740303,11.577882,1177
091775126126,Langenpreising,,85465,Erding,Bayern,48.425772,11.972151,2887
096779459459,Langenprozeltener Forst,,,Main-Spessart,Bayern,50.068183,9.606868,0
071415003076,Langenscheid,,65558,Rhein-Lahn-Kreis,Rheinland-Pfalz,50.356858,7.949559,525
064350017017,Langenselbold,Stadt,63505,Main-Kinzig-Kreis,Hessen,50.175668,9.039698,14440
094740146146,Langensendelbach,,91094,Forchheim,Bayern,49.641856,11.070631,3043
071335010055,Langenthal,,55569,Bad Kreuznach,Rheinland-Pfalz,49.831574,7.575165,85
145240150150,Langenweißbach,,08134,Zwickau,Sachsen,50.6286,12.584707,2356
160765056039,Langenwetzendorf,,07957,Greiz,Thüringen,50.680673,12.092413,3942
160765054041,Langenwolschendorf,,07937,Greiz,Thüringen,50.634631,11.953584,749
095730120120,Langenzenn,St,90579,Fürth,Bayern,49.493317,10.794782,10438
034620007007,Langeoog,,26465,Wittmund,Niedersachsen,53.747016,7.479321,1358
097725712170,Langerringen,,86853,Augsburg,Bayern,48.142528,10.759404,4203
053580032032,Langerwehe,,52379,Düren,Nordrhein-Westfalen,50.818168,6.360112,14976
120675707288,Langewahl,,15518,Oder-Spree,Brandenburg,52.32712,14.104684,854
095710170170,Langfurth,,91731,Ansbach,Bayern,49.098203,10.451706,2042
065310009009,Langgöns,,35428,Gießen,Hessen,50.497561,8.660092,10965
033515402017,Langlingen,,29364,Celle,Niedersachsen,52.555379,10.289155,2154
092735217141,Langquaid,M,84085,Kelheim,Bayern,48.823679,12.051748,5936
071375003061,Langscheid,,56729,Mayen-Koblenz,Rheinland-Pfalz,50.380139,7.10985,86
010595912138,Langstedt,,24852,Schleswig-Flensburg,Schleswig-Holstein,54.616941,9.385397,1054
072355007073,Langsur,,54308,Trier-Saarburg,Rheinland-Pfalz,49.724444,6.498107,1759
010585864094,Langwedel,,24631,Rendsburg-Eckernförde,Schleswig-Holstein,54.211725,9.931599,1575
033610006006,Langwedel,Flecken,27299,Verden,Niedersachsen,52.975483,9.192883,14645
097720171171,Langweid a.Lech,,86462,Augsburg,Bayern,48.492842,10.855713,8737
071345005502,Langweiler,,55758,Birkenfeld,Rheinland-Pfalz,49.782615,7.185941,243
073365008057,Langweiler,,67746,Kusel,Rheinland-Pfalz,49.666211,7.525365,209
073355001202,Langwieden,,66894,Kaiserslautern,Rheinland-Pfalz,49.374616,7.500691,270
150845051282,Lanitz-Hassel-Tal,,06628,Burgenlandkreis,Sachsen-Anhalt,51.125757,11.637056,1010
010535391081,Lankau,,23881,Herzogtum Lauenburg,Schleswig-Holstein,53.667879,10.665636,456
120705005236,Lanz,,19309,Prignitz,Brandenburg,53.074161,11.601957,700
010535343082,Lanze,,21483,Herzogtum Lauenburg,Schleswig-Holstein,53.386341,10.604387,273
093750165165,Lappersdorf,M,93138,Regensburg,Bayern,49.050523,12.088794,13419
010625207089,Lasbek,,23847,Stormarn,Schleswig-Holstein,53.733328,10.361146,1254
072325001255,Lascheid,,54597,Eifelkreis Bitburg-Prüm,Rheinland-Pfalz,50.109947,6.411053,82
072325006256,Lasel,,54612,Eifelkreis Bitburg-Prüm,Rheinland-Pfalz,50.112681,6.467428,291
130755551074,Lassan,Stadt,17440,Vorpommern-Greifswald,Mecklenburg-Vorpommern,53.945625,13.845043,1224
034530009009,Lastrup,,49688,Cloppenburg,Niedersachsen,52.79503,7.864551,7700
010605063052,Latendorf,,24598,Segeberg,Schleswig-Holstein,53.995195,10.0639,600
034545404029,Lathen,,49762,Emsland,Niedersachsen,52.862362,7.314254,6767
065310010010,Laubach,Stadt,35321,Gießen,Hessen,50.542551,8.99015,9699
071355002052,Laubach,,56759,Cochem-Zell,Rheinland-Pfalz,50.231725,7.075774,653
071405008079,Laubach,,56288,Rhein-Hunsrück-Kreis,Rheinland-Pfalz,50.05388,7.510684,439
097785762163,Lauben,,87761,Unterallgäu,Bayern,48.060002,10.288982,1399
097800125125,Lauben,,87493,Oberallgäu,Bayern,47.780476,10.297132,3448
071335011056,Laubenheim,,55452,Bad Kreuznach,Rheinland-Pfalz,49.919173,7.895042,833
150845053285,Laucha an der Unstrut,Stadt,06636,Burgenlandkreis,Sachsen-Anhalt,51.223667,11.676223,2657
120660176176,Lauchhammer,Stadt,01979,Oberspreewald-Lausitz,Brandenburg,51.494487,13.762113,14042
081365004038,Lauchheim,Stadt,73466,Ostalbkreis,Baden-Württemberg,48.871764,10.245244,4857
083375007065,Lauchringen,,79787,Waldshut,Baden-Württemberg,47.630759,8.304688,8137
081280139139,Lauda-Königshofen,Stadt,97922,Main-Tauber-Kreis,Baden-Württemberg,49.57011,9.70108,14180
082265003040,Laudenbach,,69514,Rhein-Neckar-Kreis,Baden-Württemberg,49.611097,8.6545,6573
096765627135,Laudenbach,,63925,Miltenberg,Bayern,49.744751,9.173847,1471
071405009080,Laudert,,56291,Rhein-Hunsrück-Kreis,Rheinland-Pfalz,50.076863,7.600893,470
032575406018,Lauenau,Flecken,31867,Schaumburg,Niedersachsen,52.274093,9.368136,4191
033575402033,Lauenbrück,,27389,Rotenburg (Wümme),Niedersachsen,53.200735,9.552211,2526
010530083083,Lauenburg/ Elbe,Stadt,21481,Herzogtum Lauenburg,Schleswig-Holstein,53.374189,10.554267,11657
032555403026,Lauenförde,Flecken,37697,Holzminden,Niedersachsen,51.660524,9.386537,2217
032575404019,Lauenhagen,,31714,Schaumburg,Niedersachsen,52.356164,9.208019,1279
083175001068,Lauf,,77886,Ortenaukreis,Baden-Württemberg,48.649219,8.131381,4021
095740138138,Lauf a.d.Pegnitz,St,91207,Nürnberger Land,Bayern,49.511562,11.278019,26106
096710139139,Laufach,,63846,Aschaffenburg,Bayern,50.013879,9.297033,5075
095749460460,Laufamholzer Forst,,,Nürnberger Land,Bayern,49.452682,11.194427,0
072315008074,Laufeld,,54533,Bernkastel-Wittlich,Rheinland-Pfalz,50.079085,6.863497,537
091720122122,Laufen,St,83410,Berchtesgadener Land,Bayern,47.936943,12.932686,7336
083370066066,Laufenburg (Baden),Stadt,79725,Waldshut,Baden-Württemberg,47.565321,8.061623,9335
071405004081,Laufersweiler,,55487,Rhein-Hunsrück-Kreis,Rheinland-Pfalz,49.897258,7.305352,791
081255006056,Lauffen am Neckar,Stadt,74348,Heilbronn,Baden-Württemberg,49.076213,9.150312,12189
097735718143,Laugna,,86502,Dillingen a.d.Donau,Bayern,48.529665,10.695387,1549
097730144144,Lauingen (Donau),St,89415,Dillingen a.d.Donau,Bayern,48.570341,10.429935,11510
073325007033,Laumersheim,,67229,Bad Dürkheim,Rheinland-Pfalz,49.55425,8.233583,892
072325001258,Lauperath,,54649,Eifelkreis Bitburg-Prüm,Rheinland-Pfalz,50.087482,6.34097,95
084265005070,Laupheim,Stadt,88471,Biberach,Baden-Württemberg,48.230018,9.883733,22839
071415003077,Laurenburg,,56379,Rhein-Lahn-Kreis,Rheinland-Pfalz,50.330506,7.910917,265
160720011011,Lauscha,Stadt,98724,Sonneberg,Thüringen,50.476118,11.159835,3133
071335010057,Lauschied,,55568,Bad Kreuznach,Rheinland-Pfalz,49.740586,7.619608,535
160755005056,Lausnitz b. Neustadt an der Orla,,07806,Saale-Orla-Kreis,Thüringen,50.728861,11.69059,293
147300160160,Laußig,,04838,Nordsachsen,Sachsen,51.546076,12.632266,3561
146255218300,Laußnitz,,01936,Bautzen,Sachsen,51.248215,13.87839,1811
146250310310,Lauta,Stadt,02991,Bautzen,Sachsen,51.46142,14.098581,7726
083175009067,Lautenbach,,77794,Ortenaukreis,Baden-Württemberg,48.521148,8.116643,1991
094715401152,Lauter,,96169,Bamberg,Bayern,49.972563,10.786311,1188
145210355355,Lauter-Bernsbach,Stadt,08315,Erzgebirgskreis,Sachsen,50.56018,12.736115,8179
084255010073,Lauterach,,89584,Alb-Donau-Kreis,Baden-Württemberg,48.256068,9.579242,586
083255005036,Lauterbach,,78730,Rottweil,Baden-Württemberg,48.228849,8.345417,2700
160635006049,Lauterbach,,99826,Wartburgkreis,Thüringen,51.070717,10.350339,650
065350011011,Lauterbach (Hessen),Kreisstadt,36341,Vogelsbergkreis,Hessen,50.635729,9.397967,13047
073365008058,Lauterecken,Stadt,67742,Kusel,Rheinland-Pfalz,49.649246,7.592206,1990
093730140140,Lauterhofen,M,92283,Neumarkt i.d.OPf.,Bayern,49.368803,11.605815,3742
073335003041,Lautersheim,,67308,Donnersbergkreis,Rheinland-Pfalz,49.58789,8.098261,619
081175006061,Lauterstein,Stadt,73111,Göppingen,Baden-Württemberg,48.710289,9.861873,2558
071415007078,Lautert,,56355,Rhein-Lahn-Kreis,Rheinland-Pfalz,50.168072,7.840967,256
094730141141,Lautertal,,96486,Coburg,Bayern,50.299243,10.977187,4404
064310014014,Lautertal (Odenwald),,64686,Bergstraße,Hessen,49.712209,8.692303,6991
065350012012,Lautertal (Vogelsberg),,36369,Vogelsbergkreis,Hessen,50.587069,9.287998,2227
097785767164,Lautrach,,87763,Unterallgäu,Bayern,47.897235,10.115516,1259
071435001255,Lautzenbrücken,,56472,Westerwaldkreis,Rheinland-Pfalz,50.672639,7.964996,448
071405004082,Lautzenhausen,,55483,Rhein-Hunsrück-Kreis,Rheinland-Pfalz,49.938282,7.272262,1122
146265220270,Lawalde,,02708,Görlitz,Sachsen,51.078,14.603009,1751
120675705292,Lawitz,,15898,Oder-Spree,Brandenburg,52.106323,14.635461,546
100440112112,Lebach,Stadt,66822,Saarlouis,Saarland,49.410528,6.912464,19468
010575739045,Lebrade,,24306,Plön,Schleswig-Holstein,54.216652,10.422164,552
120645406268,Lebus,Stadt,15326,Märkisch-Oderland,Brandenburg,52.425777,14.539936,3049
120625209289,Lebusa,,04936,Elbe-Elster,Brandenburg,51.797024,13.416883,793
097770147147,Lechbruck am See,,86983,Ostallgäu,Bayern,47.701215,10.795091,2731
010545489076,Leck,,25917,Nordfriesland,Schleswig-Holstein,54.771914,8.974572,7883
160765006042,Lederhose,,07589,Greiz,Thüringen,50.80049,11.922377,261
120650180180,Leegebruch,,16767,Oberhavel,Brandenburg,52.723649,13.193664,6732
034570013013,Leer (Ostfriesland),Stadt,26789,Leer,Niedersachsen,53.22947,7.451416,34025
032565410018,Leese,,31633,Nienburg (Weser),Niedersachsen,52.505729,9.11604,1640
034525401015,Leezdorf,,26529,Aurich,Niedersachsen,53.548045,7.295301,1811
010605053053,Leezen,,23816,Segeberg,Schleswig-Holstein,53.865447,10.251572,1891
130765668082,Leezen,,19067,Ludwigslust-Parchim,Mecklenburg-Vorpommern,53.66194,11.499718,2096
097785767165,Legau,M,87764,Unterallgäu,Bayern,47.85645,10.129067,3242
120705001241,Legde/Quitzöbel,,19336,Prignitz,Brandenburg,52.892056,11.984255,580
055540036036,Legden,,48739,Borken,Nordrhein-Westfalen,52.030639,7.105517,7511
010515169065,Lehe,,25774,Dithmarschen,Schleswig-Holstein,54.344168,9.025334,1079
034545401030,Lehe,,26892,Emsland,Niedersachsen,53.002707,7.34349,1005
160735005046,Lehesten,Stadt,07349,Saalfeld-Rudolstadt,Thüringen,50.475717,11.448099,1495
160745015051,Lehesten,,07778,Saale-Holzland-Kreis,Thüringen,50.981349,11.578291,648
071375009504,Lehmen,,56332,Mayen-Koblenz,Rheinland-Pfalz,50.284121,7.449898,1265
010575747046,Lehmkuhlen,,24211,Plön,Schleswig-Holstein,54.225915,10.361157,1275
010535313084,Lehmrade,,23883,Herzogtum Lauenburg,Schleswig-Holstein,53.5947,10.752721,630
160715008049,Lehnstedt,,99441,Weimarer Land,Thüringen,50.940046,11.43721,338
095710171171,Lehrberg,M,91611,Ansbach,Bayern,49.344241,10.509747,3102
031540014014,Lehre,,38165,Helmstedt,Niedersachsen,52.329029,10.668492,11874
081255014057,Lehrensteinsfeld,,74251,Heilbronn,Baden-Württemberg,49.130481,9.32639,2758
032410011011,Lehrte,Stadt,31275,Region Hannover,Niedersachsen,52.372615,9.976958,44255
084375003072,Leibertingen,,88637,Sigmaringen,Baden-Württemberg,48.042912,9.01618,2233
092780146146,Leiblfing,,94339,Straubing-Bogen,Bayern,48.772934,12.513414,4349
053780016016,Leichlingen (Rheinland),Blütenstadt,42799,Rheinisch-Bergischer Kreis,Nordrhein-Westfalen,51.106014,7.014244,28078
072325001259,Leidenborn,,54619,Eifelkreis Bitburg-Prüm,Rheinland-Pfalz,50.137745,6.216172,193
096760136136,Leidersbach,,63849,Miltenberg,Bayern,49.902153,9.218337,4642
071355002502,Leienkaul,,56759,Cochem-Zell,Rheinland-Pfalz,50.219635,7.087461,373
031515405015,Leiferde,,38542,Gifhorn,Niedersachsen,52.437822,10.43621,4231
071315001044,Leimbach,,53518,Ahrweiler,Rheinland-Pfalz,50.404122,6.927406,426
072325005073,Leimbach,,54673,Eifelkreis Bitburg-Prüm,Rheinland-Pfalz,50.025028,6.256257,42
160635051051,Leimbach,,36433,Wartburgkreis,Thüringen,50.815145,10.195013,1726
073405004027,Leimen,,66978,Südwestpfalz,Rheinland-Pfalz,49.273504,7.768609,922
082260041041,Leimen,Stadt,69181,Rhein-Neckar-Kreis,Baden-Württemberg,49.349054,8.688782,26873
073345006016,Leimersheim,,76774,Germersheim,Rheinland-Pfalz,49.123945,8.342259,2583
096790200200,Leinach,,97274,Würzburg,Bayern,49.865408,9.798952,3277
095740139139,Leinburg,,91227,Nürnberger Land,Bayern,49.449884,11.308645,6674
095749461461,Leinburg,,,Nürnberger Land,Bayern,49.43533,11.31369,0
160610115115,Leinefelde-Worbis,Stadt,37327,Eichsfeld,Thüringen,51.387677,10.321641,19957
081160078078,Leinfelden-Echterdingen,Stadt,70771,Esslingen,Baden-Württemberg,48.693719,9.138976,41185
081250058058,Leingarten,Stadt,74211,Heilbronn,Baden-Württemberg,49.143857,9.127562,11637
071405009084,Leiningen,,56291,Rhein-Hunsrück-Kreis,Rheinland-Pfalz,50.131512,7.568797,702
073375005051,Leinsweiler,,76829,Südliche Weinstraße,Rheinland-Pfalz,49.182902,8.019337,507
081365005040,Leinzell,,73575,Ostalbkreis,Baden-Württemberg,48.849263,9.877571,2018
097740155155,Leipheim,St,89340,Günzburg,Bayern,48.448055,10.223257,7434
147130000000,Leipzig,Stadt,04109,Leipzig,Sachsen,51.338288,12.377931,611850
071345002050,Leisel,,55767,Birkenfeld,Rheinland-Pfalz,49.718974,7.201636,540
145220310310,Leisnig,Stadt,04703,Mittelsachsen,Sachsen,51.159434,12.926623,8028
071345001051,Leitzweiler,,55779,Birkenfeld,Rheinland-Pfalz,49.59123,7.221982,107
072355006074,Leiwen,,54340,Trier-Saarburg,Rheinland-Pfalz,49.821518,6.880097,1606
130715159088,Leizen,,17209,Mecklenburgische Seenplatte,Mecklenburg-Vorpommern,53.367842,12.475782,458
130725258066,Lelkendorf,,17168,Landkreis Rostock,Mecklenburg-Vorpommern,53.842673,12.730638,417
073405003028,Lemberg,,66969,Südwestpfalz,Rheinland-Pfalz,49.171169,7.656708,3496
032515401022,Lembruch,,49459,Diepholz,Niedersachsen,52.526785,8.366446,1265
032515401023,Lemförde,Flecken,49448,Diepholz,Niedersachsen,52.467768,8.377161,3412
057660044044,Lemgo,Stadt,32657,Lippe,Nordrhein-Westfalen,52.027912,8.900886,39905
033545407015,Lemgow,,29485,Lüchow-Dannenberg,Niedersachsen,52.910082,11.321674,1293
160755011057,Lemnitz,,07819,Saale-Orla-Kreis,Thüringen,50.721584,11.833993,370
034610006006,Lemwerder,,27809,Wesermarsch,Niedersachsen,53.162414,8.61527,6999
091770127127,Lengdorf,,84435,Erding,Bayern,48.255915,12.051822,2742
031570005005,Lengede,,38268,Peine,Niedersachsen,52.204873,10.306207,14575
033575405034,Lengenbostel,,27419,Rotenburg (Wümme),Niedersachsen,53.29823,9.514765,495
145230170170,Lengenfeld,Stadt,08485,Vogtlandkreis,Sachsen,50.569303,12.36572,6910
097775756149,Lengenwang,,87663,Ostallgäu,Bayern,47.698667,10.602972,1512
034545405031,Lengerich,,49838,Emsland,Niedersachsen,52.553577,7.532282,2862
055660040040,Lengerich,Stadt,49525,Steinfurt,Nordrhein-Westfalen,52.189765,7.85266,22557
160695002026,Lengfeld,,98660,Hildburghausen,Thüringen,50.524477,10.653225,365
091730135135,Lenggries,,83661,Bad Tölz-Wolfratshausen,Bayern,47.682625,11.576728,10147
032555409027,Lenne,,37627,Holzminden,Niedersachsen,51.891069,9.682356,625
059660020020,Lennestadt,Stadt,57368,Olpe,Nordrhein-Westfalen,51.103245,8.073677,24238
081165002079,Lenningen,,73252,Esslingen,Baden-Württemberg,48.551225,9.472018,7974
010555546027,Lensahn,,23738,Ostholstein,Schleswig-Holstein,54.217545,10.883304,5066
010605043054,Lentföhrden,,24632,Segeberg,Schleswig-Holstein,53.873197,9.888251,2579
091760143143,Lenting,,85101,Eichstätt,Bayern,48.807287,11.462651,4895
120705005244,Lenzen (Elbe),Stadt,19309,Prignitz,Brandenburg,53.090913,11.474781,2031
120705005246,Lenzerwische,,19309,Prignitz,Brandenburg,53.066744,11.359147,429
083150068068,Lenzkirch,,79853,Breisgau-Hochschwarzwald,Baden-Württemberg,47.869062,8.200446,5201
081150028028,Leonberg,Stadt,71229,Böblingen,Baden-Württemberg,48.800497,9.016776,49480
093775347137,Leonberg,,95666,Tirschenreuth,Bayern,49.946542,12.28501,1050
130755552075,Leopoldshagen,,17375,Vorpommern-Greifswald,Mecklenburg-Vorpommern,53.774464,13.896567,590
057660048048,Leopoldshöhe,,33818,Lippe,Nordrhein-Westfalen,52.011984,8.699336,17226
092729455455,Leopoldsreuter Wald,,,Freyung-Grafenau,Bayern,48.840821,13.717361,0
120640274274,Letschin,,15324,Märkisch-Oderland,Brandenburg,52.645851,14.360067,3735
071335010058,Lettweiler,,67823,Bad Kreuznach,Rheinland-Pfalz,49.73456,7.724989,215
071385004037,Leubsdorf,,53547,Neuwied,Rheinland-Pfalz,50.547529,7.291244,1623
145220320320,Leubsdorf,,09573,Mittelsachsen,Sachsen,50.800384,13.167108,3178
093745330132,Leuchtenberg,M,92705,Neustadt a.d.Waldnaab,Bayern,49.597435,12.256878,1198
065320016016,Leun,Stadt,35638,Lahn-Dill-Kreis,Hessen,50.549638,8.357168,5715
150880205205,Leuna,Stadt,06237,Saalekreis,Sachsen-Anhalt,51.323779,12.024179,14131
094755431145,Leupoldsgrün,,95191,Hof,Bayern,50.289812,11.799216,1238
081195006042,Leutenbach,,71397,Rems-Murr-Kreis,Baden-Württemberg,48.887529,9.392571,12093
094745423147,Leutenbach,,91359,Forchheim,Bayern,49.709607,11.172303,1635
160730106106,Leutenberg,Stadt,07338,Saalfeld-Rudolstadt,Thüringen,50.564882,11.45136,1919
071435010042,Leuterod,,56244,Westerwaldkreis,Rheinland-Pfalz,50.494222,7.819322,853
146260280280,Leutersdorf,,02794,Görlitz,Sachsen,50.959429,14.651481,3330
160665014039,Leutersdorf,,98617,Schmalkalden-Meiningen,Thüringen,50.519282,10.559471,216
095710174174,Leutershausen,St,91578,Ansbach,Bayern,49.29788,10.410982,5570
071385002038,Leutesdorf,,56599,Neuwied,Rheinland-Pfalz,50.452992,7.385998,1882
084365004055,Leutkirch im Allgäu,Stadt,88299,Ravensburg,Baden-Württemberg,47.825064,10.024379,24226
130755555076,Levenhagen,,17498,Vorpommern-Greifswald,Mecklenburg-Vorpommern,54.08832,13.272006,403
053160000000,Leverkusen,Stadt,51373,Leverkusen,Nordrhein-Westfalen,51.03245,6.979767,168581
130765662085,Lewitzrand,,19372,Ludwigslust-Parchim,Mecklenburg-Vorpommern,53.48347,11.688075,1381
010545489077,Lexgaard,,25923,Nordfriesland,Schleswig-Holstein,54.832022,8.943493,66
065310011011,Lich,Stadt,35423,Gießen,Hessen,50.519349,8.81911,14167
057740028028,Lichtenau,Stadt,33165,Paderborn,Nordrhein-Westfalen,51.616847,8.895788,10985
082165006028,Lichtenau,Stadt,77839,Rastatt,Baden-Württemberg,48.726111,8.007707,5015
095710175175,Lichtenau,M,91586,Ansbach,Bayern,49.276776,10.685213,3784
145220330330,Lichtenau,,09244,Mittelsachsen,Sachsen,50.904992,12.978552,6912
094755428146,Lichtenberg,St,95192,Hof,Bayern,50.382765,11.675154,961
146255231320,Lichtenberg,,01896,Bautzen,Sachsen,51.17647,13.96816,1607
145225113340,Lichtenberg/Erzgeb.,,09638,Mittelsachsen,Sachsen,50.844685,13.406301,2624
072325001260,Lichtenborn,,54619,Eifelkreis Bitburg-Prüm,Rheinland-Pfalz,50.109081,6.291222,311
066350016016,Lichtenfels,Stadt,35104,Waldeck-Frankenberg,Hessen,51.200616,8.807868,4051
094780139139,Lichtenfels,St,96215,Lichtenfels,Bayern,50.146042,11.064046,20488
084150092092,Lichtenstein,,72805,Reutlingen,Baden-Württemberg,48.430248,9.254311,9191
145245128160,Lichtenstein/Sa.,Stadt,09350,Zwickau,Sachsen,50.756298,12.630844,10875
145240170170,Lichtentanne,,08115,Zwickau,Sachsen,50.692703,12.427018,5958
081165007037,Lichtenwald,,73669,Esslingen,Baden-Württemberg,48.752691,9.484433,2564
120625205293,Lichterfeld-Schacksdorf,,03238,Elbe-Elster,Brandenburg,51.61528,13.760694,880
032565411019,Liebenau,Flecken,31618,Nienburg (Weser),Niedersachsen,52.603837,9.095856,3695
066330016016,Liebenau,Stadt,34396,Kassel,Hessen,51.494423,9.283728,2880
031530008008,Liebenburg,,38704,Goslar,Niedersachsen,52.020145,10.432161,7860
071435006256,Liebenscheid,,56479,Westerwaldkreis,Rheinland-Pfalz,50.695669,8.094292,837
120650193193,Liebenwalde,Stadt,16559,Oberhavel,Brandenburg,52.871681,13.393076,4413
120615113308,Lieberose,Stadt,15868,Dahme-Spreewald,Brandenburg,51.988274,14.30064,1330
147300170170,Liebschützberg,,04758,Nordsachsen,Sachsen,51.314586,13.184519,2844
071405008085,Liebshausen,,55494,Rhein-Hunsrück-Kreis,Rheinland-Pfalz,50.032866,7.628917,505
146285202230,Liebstadt,Stadt,01825,Sächsische Schweiz-Osterzgebirge,Sachsen,50.863515,13.856393,1207
064360010010,Liederbach am Taunus,,65835,Main-Taunus-Kreis,Hessen,50.117038,8.494169,8887
071355001053,Lieg,,56290,Cochem-Zell,Rheinland-Pfalz,50.139517,7.346849,374
055660044044,Lienen,,49536,Steinfurt,Nordrhein-Westfalen,52.146807,7.97575,8512
120605011128,Liepe,,16248,Barnim,Brandenburg,52.861098,13.968217,626
130755552078,Liepgarten,,17375,Vorpommern-Greifswald,Mecklenburg-Vorpommern,53.720146,14.028097,789
072325001261,Lierfeld,,54597,Eifelkreis Bitburg-Prüm,Rheinland-Pfalz,50.134891,6.364015,85
071415009079,Lierschied,,56357,Rhein-Lahn-Kreis,Rheinland-Pfalz,50.16989,7.745039,466
071355005054,Liesenich,,56858,Cochem-Zell,Rheinland-Pfalz,50.087126,7.264513,293
072315001075,Lieser,,54470,Bernkastel-Wittlich,Rheinland-Pfalz,49.919342,7.021045,1231
072325008074,Ließem,,54636,Eifelkreis Bitburg-Prüm,Rheinland-Pfalz,50.02439,6.480588,78
010515172067,Lieth,,25770,Dithmarschen,Schleswig-Holstein,54.15531,9.060773,381
120645412288,Lietzen,,15306,Märkisch-Oderland,Brandenburg,52.470767,14.342499,671
130735353049,Lietzow,,18528,Vorpommern-Rügen,Mecklenburg-Vorpommern,54.484472,13.506907,228
033560005005,Lilienthal,,28865,Osterholz,Niedersachsen,53.141292,8.90772,20166
071335009059,Limbach,,55606,Bad Kreuznach,Rheinland-Pfalz,49.741531,7.54271,286
071435002257,Limbach,,57629,Westerwaldkreis,Rheinland-Pfalz,50.701462,7.799778,412
082255004052,Limbach,,74838,Neckar-Odenwald-Kreis,Baden-Württemberg,49.461025,9.211652,4513
145235120190,Limbach,,08491,Vogtlandkreis,Sachsen,50.582859,12.251208,1393
145245114180,Limbach-Oberfrohna,Stadt,09212,Zwickau,Sachsen,50.858593,12.767069,23673
065330009009,Limburg a. d. Lahn,Kreisstadt,65549,Limburg-Weilburg,Hessen,50.387254,8.064098,35938
073380017017,Limburgerhof,,67117,Rhein-Pfalz-Kreis,Rheinland-Pfalz,49.42064,8.39107,11684
064400014014,Limeshain,,63694,Wetteraukreis,Hessen,50.260907,8.972786,5563
010535391085,Linau,,22959,Herzogtum Lauenburg,Schleswig-Holstein,53.643933,10.46755,1225
071315002047,Lind,,53506,Ahrweiler,Rheinland-Pfalz,50.495592,6.938481,575
071375003063,Lind,,56729,Mayen-Koblenz,Rheinland-Pfalz,50.321815,7.034339,54
160765004043,Linda b. Weida,,07580,Greiz,Thüringen,50.806312,12.192276,416
094719457457,Lindach,,,Bamberg,Bayern,49.8509,10.641787,0
010585824096,Lindau,,24214,Rendsburg-Eckernförde,Schleswig-Holstein,54.385276,9.904545,1420
097760116116,Lindau (Bodensee),GKSt,88131,Lindau (Bodensee),Bayern,47.546458,9.684376,25845
092760130130,Lindberg,,94227,Regen,Bayern,49.03578,13.254505,2259
010515169068,Linden,,25791,Dithmarschen,Schleswig-Holstein,54.252623,9.182428,873
065310012012,Linden,Stadt,35440,Gießen,Hessen,50.530078,8.652659,13308
071435002258,Linden,,57629,Westerwaldkreis,Rheinland-Pfalz,50.60202,7.850464,151
073355011023,Linden,,66851,Kaiserslautern,Rheinland-Pfalz,49.351256,7.645916,1185
120665606188,Lindenau,,01945,Oberspreewald-Lausitz,Brandenburg,51.400004,13.717932,744
073325005034,Lindenberg,,67473,Bad Dürkheim,Rheinland-Pfalz,49.381314,8.096909,1193
130715151089,Lindenberg,,17111,Mecklenburgische Seenplatte,Mecklenburg-Vorpommern,53.763769,13.021662,195
097760117117,Lindenberg i.Allgäu,St,88161,Lindau (Bodensee),Bayern,47.602267,9.885042,11587
120645412290,Lindendorf,,15306,Märkisch-Oderland,Brandenburg,52.494627,14.406379,1362
064310015015,Lindenfels,Stadt,64678,Bergstraße,Hessen,49.68301,8.77983,5059
160765006044,Lindenkreuz,,07589,Greiz,Thüringen,50.84241,11.913396,431
071405004086,Lindenschied,,55481,Rhein-Hunsrück-Kreis,Rheinland-Pfalz,49.902207,7.39199,187
034530010010,Lindern (Oldenburg),,49699,Cloppenburg,Niedersachsen,52.844711,7.779913,4968
130715161090,Lindetal,,17349,Mecklenburgische Seenplatte,Mecklenburg-Vorpommern,53.485573,13.443551,1152
160615008066,Lindewerra,,37318,Eichsfeld,Thüringen,51.313435,9.948569,246
010595952179,Lindewitt,,24969,Schleswig-Flensburg,Schleswig-Holstein,54.697924,9.196859,2005
130735360050,Lindholz,,18334,Vorpommern-Rügen,Mecklenburg-Vorpommern,54.067181,12.674012,609
032575402020,Lindhorst,,31698,Schaumburg,Niedersachsen,52.358059,9.284344,4175
160745011052,Lindig,,07768,Saale-Holzland-Kreis,Thüringen,50.789722,11.601061,235
053740020020,Lindlar,,51789,Oberbergischer Kreis,Nordrhein-Westfalen,51.019717,7.376293,21615
120685804280,Lindow (Mark),Stadt,16835,Ostprignitz-Ruppin,Brandenburg,52.970129,12.986769,2921
033585403015,Lindwedel,,29690,Heidekreis,Niedersachsen,52.606188,9.687464,2701
034540032032,Lingen (Ems),Stadt,49808,Emsland,Niedersachsen,52.522295,7.316682,56498
073345005017,Lingenfeld,,67360,Germersheim,Rheinland-Pfalz,49.249151,8.342315,5891
071405009087,Lingerhahn,,56291,Rhein-Hunsrück-Kreis,Rheinland-Pfalz,50.093946,7.563734,529
071385005040,Linkenbach,,56317,Neuwied,Rheinland-Pfalz,50.572953,7.553575,630
082150105105,Linkenheim-Hochstetten,,76351,Karlsruhe,Baden-Württemberg,49.124733,8.408502,12484
053580036036,Linnich,Stadt,52441,Düren,Nordrhein-Westfalen,50.978896,6.267275,13653
032565407020,Linsburg,,31636,Nienburg (Weser),Niedersachsen,52.593547,9.303647,1009
064350018018,Linsengericht,,63589,Main-Kinzig-Kreis,Hessen,50.188757,9.19923,9679
120695904345,Linthe,,14822,Potsdam-Mittelmark,Brandenburg,52.154896,12.785999,888
071385004041,Linz am Rhein,Stadt,53545,Neuwied,Rheinland-Pfalz,50.568845,7.282754,6265
160745007053,Lippersdorf-Erdmannsdorf,,07646,Saale-Holzland-Kreis,Thüringen,50.827779,11.797147,457
059740024024,Lippetal,,59510,Soest,Nordrhein-Westfalen,51.656454,8.143621,11883
071415007080,Lipporn,,56357,Rhein-Lahn-Kreis,Rheinland-Pfalz,50.139574,7.863402,273
160625054033,Lipprechterode,,99752,Nordhausen,Thüringen,51.459242,10.556742,497
059740028028,Lippstadt,Stadt,59555,Soest,Nordrhein-Westfalen,51.674054,8.346206,68739
072335004224,Lirstal,,56767,Vulkaneifel,Rheinland-Pfalz,50.25609,7.040692,195
094715445154,Lisberg,,96170,Bamberg,Bayern,49.885961,10.726884,1722
072335006041,Lissendorf,,54587,Vulkaneifel,Rheinland-Pfalz,50.314446,6.603569,1118
010545439078,List auf Sylt,,25992,Nordfriesland,Schleswig-Holstein,55.020026,8.436183,1540
094710155155,Litzendorf,,96123,Bamberg,Bayern,49.91123,11.010097,6274
082265002104,Lobbach,,74931,Rhein-Neckar-Kreis,Baden-Württemberg,49.376151,8.888514,2353
071435002259,Lochum,,57629,Westerwaldkreis,Rheinland-Pfalz,50.609356,7.859443,294
010615189064,Lockstedt,,25551,Steinburg,Schleswig-Holstein,54.004046,9.686478,156
130755562080,Loddin,Seebad,17459,Vorpommern-Greifswald,Mecklenburg-Vorpommern,54.023088,14.006635,872
082165004029,Loffenau,,76597,Rastatt,Baden-Württemberg,48.773965,8.387066,2491
010615138065,Lohbarbek,,25551,Steinburg,Schleswig-Holstein,53.945682,9.636016,777
093720178178,Lohberg,,93470,Cham,Bayern,49.175838,13.105391,1827
010585847097,Lohe-Föhrden,,24806,Rendsburg-Eckernförde,Schleswig-Holstein,54.334238,9.54437,438
010515172069,Lohe-Rickelshof,,25746,Dithmarschen,Schleswig-Holstein,54.187725,9.065603,2023
066330017017,Lohfelden,,34253,Kassel,Hessen,51.277383,9.543946,13870
033519501501,Lohheide,gemfr. Bezirk,29303,Celle,Niedersachsen,52.811551,9.930034,708
091835150125,Lohkirchen,,84494,Mühldorf a.Inn,Bayern,48.310318,12.445837,841
053820028028,Lohmar,Stadt,53797,Rhein-Sieg-Kreis,Nordrhein-Westfalen,50.839775,7.209401,30992
130735359052,Lohme,,18551,Vorpommern-Rügen,Mecklenburg-Vorpommern,54.582863,13.610953,480
130725255067,Lohmen,,18276,Landkreis Rostock,Mecklenburg-Vorpommern,53.682653,12.094615,814
146285221240,Lohmen,,01847,Sächsische Schweiz-Osterzgebirge,Sachsen,50.989001,13.998567,2994
034600006006,Lohne (Oldenburg),Stadt,49393,Vechta,Niedersachsen,52.66558,8.238487,28089
073335006042,Lohnsfeld,,67727,Donnersbergkreis,Rheinland-Pfalz,49.551112,7.853688,941
073365008060,Lohnweiler,,67744,Kusel,Rheinland-Pfalz,49.635552,7.594648,364
096770155155,Lohr a.Main,St,97816,Main-Spessart,Bayern,49.993219,9.575872,14996
065340013013,Lohra,,35102,Marburg-Biedenkopf,Hessen,50.735887,8.630554,5823
071415011081,Lohrheim,,65558,Rhein-Lahn-Kreis,Rheinland-Pfalz,50.318264,8.049653,592
146250330330,Lohsa / Łaz,,02999,Bautzen,Sachsen,51.38387,14.403568,4978
092790124124,Loiching,,84180,Dingolfing-Landau,Bayern,48.618673,12.429114,3814
130755557081,Loissin,,17509,Vorpommern-Greifswald,Mecklenburg-Vorpommern,54.112634,13.532163,793
010595974055,Loit,,24888,Schleswig-Flensburg,Schleswig-Holstein,54.611322,9.699559,268
150835051361,Loitsche-Heinrichsberg,,39326,Börde,Sachsen-Anhalt,52.296612,11.700751,922
130755558082,Loitz,Stadt,17121,Vorpommern-Greifswald,Mecklenburg-Vorpommern,53.973646,13.129572,4189
092785246147,Loitzendorf,,94359,Straubing-Bogen,Bayern,49.086028,12.65522,635
065310013013,Lollar,Stadt,35457,Gießen,Hessen,50.650039,8.705492,10222
071415010082,Lollschied,,56357,Rhein-Lahn-Kreis,Rheinland-Pfalz,50.256061,7.868666,177
146270130130,Lommatzsch,Stadt,01623,Meißen,Sachsen,51.196631,13.30862,4737
072355006077,Longen,,54338,Trier-Saarburg,Rheinland-Pfalz,49.804046,6.79032,128
072315001077,Longkamp,,54472,Bernkastel-Wittlich,Rheinland-Pfalz,49.890367,7.119286,1118
072355006078,Longuich,,54340,Trier-Saarburg,Rheinland-Pfalz,49.807532,6.770531,1265
095725510139,Lonnerstadt,M,91475,Erlangen-Höchstadt,Bayern,49.698239,10.764789,2066
071375002065,Lonnig,,56295,Mayen-Koblenz,Rheinland-Pfalz,50.31047,7.40734,1213
084255009075,Lonsee,,89173,Alb-Donau-Kreis,Baden-Württemberg,48.543054,9.917632,5170
073315001043,Lonsheim,,55237,Alzey-Worms,Rheinland-Pfalz,49.779175,8.077502,601
010615168066,Looft,,25582,Steinburg,Schleswig-Holstein,54.0287,9.523319,375
010585889098,Loop,,24644,Rendsburg-Eckernförde,Schleswig-Holstein,54.147998,9.949175,188
010585893099,Loose,,24366,Rendsburg-Eckernförde,Schleswig-Holstein,54.519604,9.889039,879
064390010010,Lorch,Stadt,65391,Rheingau-Taunus-Kreis,Hessen,50.0458,7.804077,3780
081360042042,Lorch,Stadt,73547,Ostalbkreis,Baden-Württemberg,48.797029,9.689403,10806
064310016016,Lorsch,Karolingerstadt,64653,Bergstraße,Hessen,49.653854,8.567793,14283
072355004080,Lorscheid,,54317,Trier-Saarburg,Rheinland-Pfalz,49.738439,6.848289,535
034545409033,Lorup,,26901,Emsland,Niedersachsen,52.924387,7.644995,3247
100420112112,Losheim am See,,66679,Merzig-Wadern,Saarland,49.509713,6.743149,16535
147290245245,Lossatal,,04808,Leipzig,Sachsen,51.397925,12.872916,6067
082370045045,Loßburg,,72290,Freudenstadt,Baden-Württemberg,48.411512,8.453275,7919
055660048048,Lotte,,49504,Steinfurt,Nordrhein-Westfalen,52.274892,7.915207,13770
010595915056,Lottorf,,24878,Schleswig-Flensburg,Schleswig-Holstein,54.45024,9.57292,243
083375002070,Lottstetten,,79807,Waldshut,Baden-Württemberg,47.627729,8.573676,2313
033520032032,Loxstedt,,27612,Cuxhaven,Niedersachsen,53.470254,8.64907,16012
130755557083,Lubmin,Seebad,17509,Vorpommern-Greifswald,Mecklenburg-Vorpommern,54.132846,13.61488,2226
160770028028,Lucka,Stadt,04613,Altenburger Land,Thüringen,51.097963,12.331368,3457
120665601202,Luckaitztal,,03229,Oberspreewald-Lausitz,Brandenburg,51.691991,14.006457,746
120610320320,Luckau,Stadt,15926,Dahme-Spreewald,Brandenburg,51.852659,13.715887,9203
033545407016,Luckau (Wendland),,29487,Lüchow-Dannenberg,Niedersachsen,52.927846,11.04936,569
071435002260,Luckenbach,,57629,Westerwaldkreis,Rheinland-Pfalz,50.704226,7.833957,687
120720232232,Luckenwalde,Stadt,14943,Teltow-Fläming,Brandenburg,52.089253,13.173009,21010
130755552085,Luckow,,17375,Vorpommern-Greifswald,Mecklenburg-Vorpommern,53.7068,14.156459,527
066320012012,Ludwigsau,,36251,Hersfeld-Rotenburg,Hessen,50.901798,9.745033,5375
081180048048,Ludwigsburg,Stadt,71638,Ludwigsburg,Baden-Württemberg,48.896233,9.190393,92858
094775437135,Ludwigschorgast,M,95364,Kulmbach,Bayern,50.125956,11.560055,951
120720240240,Ludwigsfelde,Stadt,14974,Teltow-Fläming,Brandenburg,52.30004,13.262008,29514
073140000000,Ludwigshafen am Rhein,Stadt,67059,Ludwigshafen am Rhein,Rheinland-Pfalz,49.483235,8.447899,177222
073395007035,Ludwigshöhe,,55278,Mainz-Bingen,Rheinland-Pfalz,49.817338,8.343016,547
130760090090,Ludwigslust,Stadt,19288,Ludwigslust-Parchim,Mecklenburg-Vorpommern,53.326305,11.497142,11961
094760152152,Ludwigsstadt,St,96337,Kronach,Bayern,50.484915,11.389636,3068
073405001029,Ludwigswinkel,,66996,Südwestpfalz,Rheinland-Pfalz,49.075556,7.662747,735
073405002030,Lug,,76848,Südwestpfalz,Rheinland-Pfalz,49.182002,7.897053,570
145215115380,Lugau/Erzgeb.,Stadt,09385,Erzgebirgskreis,Sachsen,50.739952,12.746491,7481
032575401022,Luhden,,31711,Schaumburg,Niedersachsen,52.226019,9.092095,1127
093740133133,Luhe-Wildenau,M,92706,Neustadt a.d.Waldnaab,Bayern,49.59833,12.128518,3419
010585853101,Luhnstedt,,24816,Rendsburg-Eckernförde,Schleswig-Holstein,54.167176,9.698753,377
160675050044,Luisenthal,,99885,Gotha,Thüringen,50.780014,10.722582,1118
010515169071,Lunden,,25774,Dithmarschen,Schleswig-Holstein,54.330568,9.024249,1741
120605011149,Lunow-Stolzenhagen,,16248,Barnim,Brandenburg,52.922391,14.119319,1143
145220350350,Lunzenau,Stadt,09328,Mittelsachsen,Sachsen,50.95988,12.754155,3880
093730143143,Lupburg,M,92331,Neumarkt i.d.OPf.,Bayern,49.154803,11.756015,2582
073345005018,Lustadt,,67363,Germersheim,Rheinland-Pfalz,49.244519,8.274533,3396
010575755049,Lutterbek,,24235,Plön,Schleswig-Holstein,54.391952,10.276816,303
071355003057,Lutzerath,,56826,Cochem-Zell,Rheinland-Pfalz,50.127599,7.005406,1510
010565660035,Lutzhorn,,25355,Pinneberg,Schleswig-Holstein,53.825517,9.776787,807
097735716146,Lutzingen,,89440,Dillingen a.d.Donau,Bayern,48.646718,10.544484,961
071375003066,Luxem,,56729,Mayen-Koblenz,Rheinland-Pfalz,50.317877,7.108456,329
120730384384,Lychen,Stadt,17279,Uckermark,Brandenburg,53.210926,13.315316,3139
071415009083,Lykershausen,,56346,Rhein-Lahn-Kreis,Rheinland-Pfalz,50.206715,7.663861,222
010615104061,Lägerdorf,,25566,Steinburg,Schleswig-Holstein,53.888648,9.570479,2677
034545403026,Lähden,,49774,Emsland,Niedersachsen,52.744149,7.567496,4631
130715159087,Lärz,,17248,Mecklenburgische Seenplatte,Mecklenburg-Vorpommern,53.294415,12.740067,459
146265220290,Löbau,Stadt,02708,Görlitz,Sachsen,51.096514,14.664402,14467
160745015054,Löberschütz,,07751,Saale-Holzland-Kreis,Thüringen,50.964679,11.701297,148
160775009026,Löbichau,,04626,Altenburger Land,Thüringen,50.894695,12.267306,931
130735352051,Löbnitz,,18314,Vorpommern-Rügen,Mecklenburg-Vorpommern,54.295391,12.719334,596
147300180180,Löbnitz,,04509,Nordsachsen,Sachsen,51.592229,12.463167,2041
081185001047,Löchgau,,74369,Ludwigsburg,Baden-Württemberg,49.001831,9.10601,5778
130755556079,Löcknitz,,17321,Vorpommern-Greifswald,Mecklenburg-Vorpommern,53.4533,14.212351,3280
160775005027,Lödla,,04617,Altenburger Land,Thüringen,50.996746,12.386368,723
071375009214,Löf,,56332,Mayen-Koblenz,Rheinland-Pfalz,50.234386,7.440866,1464
083155010070,Löffingen,Stadt,79843,Breisgau-Hochschwarzwald,Baden-Württemberg,47.883793,8.343862,7692
160755004063,Löhma,,07907,Saale-Orla-Kreis,Thüringen,50.611786,11.851807,264
065330010010,Löhnberg,,35792,Limburg-Weilburg,Hessen,50.511288,8.270058,4643
057580024024,Löhne,Stadt,32584,Herford,Nordrhein-Westfalen,52.189912,8.688425,40826
071335010060,Löllbach,,67744,Bad Kreuznach,Rheinland-Pfalz,49.689475,7.592944,183
034530011011,Löningen,Stadt,49624,Cloppenburg,Niedersachsen,52.735274,7.757443,14307
010575747047,Löptin,,24250,Plön,Schleswig-Holstein,54.175217,10.215744,280
083365003050,Lörrach,Stadt,79539,Lörrach,Baden-Württemberg,47.612096,7.659191,51349
073395002034,Lörzweiler,,55296,Mainz-Bingen,Rheinland-Pfalz,49.897854,8.294435,2277
072315001076,Lösnich,,54492,Bernkastel-Wittlich,Rheinland-Pfalz,49.973649,7.043308,498
145210370370,Lößnitz,Stadt,08294,Erzgebirgskreis,Sachsen,50.622709,12.732369,7557
072315009206,Lötzbeuren,,56843,Bernkastel-Wittlich,Rheinland-Pfalz,49.936501,7.220679,475
120650198198,Löwenberger Land,,16775,Oberhavel,Brandenburg,52.89704,13.153342,8508
010545453079,Löwenstedt,,25864,Nordfriesland,Schleswig-Holstein,54.621612,9.174887,693
081255011059,Löwenstein,Stadt,74245,Heilbronn,Baden-Württemberg,49.095993,9.380173,3460
057700020020,Lübbecke,Stadt,32312,Minden-Lübbecke,Nordrhein-Westfalen,52.303439,8.617351,26815
120610316316,Lübben (Spreewald) / Lubin (Błota),Stadt,15907,Dahme-Spreewald,Brandenburg,51.942032,13.896595,14028
120660196196,Lübbenau/Spreewald / Lubnjow/Błota,Stadt,03222,Oberspreewald-Lausitz,Brandenburg,51.868584,13.968659,15778
033565401006,Lübberstedt,,27729,Osterholz,Niedersachsen,53.334956,8.808543,702
130745457046,Lübberstorf,,23992,Nordwestmecklenburg,Mecklenburg-Vorpommern,53.858257,11.731649,233
033545407017,Lübbow,,29488,Lüchow-Dannenberg,Niedersachsen,52.909636,11.181483,819
010030000000,Lübeck,Hansestadt,23539,Lübeck,Schleswig-Holstein,53.866269,10.683932,216889
130765659086,Lübesse,,19077,Ludwigslust-Parchim,Mecklenburg-Vorpommern,53.487188,11.459329,689
130765659087,Lüblow,,19288,Ludwigslust-Parchim,Mecklenburg-Vorpommern,53.416399,11.451855,550
130745451047,Lübow,,23972,Nordwestmecklenburg,Mecklenburg-Vorpommern,53.852824,11.522497,1555
130755552084,Lübs,,17379,Vorpommern-Greifswald,Mecklenburg-Vorpommern,53.726126,13.88174,311
130745455048,Lübstorf,,19069,Nordwestmecklenburg,Mecklenburg-Vorpommern,53.726967,11.413605,1487
130760088088,Lübtheen,Stadt,19249,Ludwigslust-Parchim,Mecklenburg-Vorpommern,53.30062,11.08294,4433
130765655089,Lübz,Stadt,19386,Ludwigslust-Parchim,Mecklenburg-Vorpommern,53.461574,12.029001,5892
010535391086,Lüchow,,23898,Herzogtum Lauenburg,Schleswig-Holstein,53.690744,10.529518,306
033545407018,Lüchow (Wendland),Stadt,29439,Lüchow-Dannenberg,Niedersachsen,52.967743,11.161706,9170
072315006078,Lückenburg,,54424,Bernkastel-Wittlich,Rheinland-Pfalz,49.742899,6.966795,101
059620032032,Lüdenscheid,Stadt,58507,Märkischer Kreis,Nordrhein-Westfalen,51.21582,7.63358,71212
033605408013,Lüder,,29394,Uelzen,Niedersachsen,52.808703,10.666284,1139
033555407021,Lüdersburg,,21379,Lüneburg,Niedersachsen,53.32065,10.573799,687
130745459049,Lüdersdorf,,23923,Nordwestmecklenburg,Mecklenburg-Vorpommern,53.831497,10.811091,5159
032575402021,Lüdersfeld,,31702,Schaumburg,Niedersachsen,52.358924,9.252911,1116
130735352053,Lüdershagen,,18314,Vorpommern-Rügen,Mecklenburg-Vorpommern,54.30414,12.608704,553
055580024024,Lüdinghausen,Stadt,59348,Coesfeld,Nordrhein-Westfalen,51.770109,7.444831,25265
032555409028,Lüerdissen,,37635,Holzminden,Niedersachsen,51.951455,9.626461,373
057660052052,Lügde,Stadt der Osterräder,32676,Lippe,Nordrhein-Westfalen,51.957888,9.245996,9232
096785642153,Lülsfeld,,97511,Schweinfurt,Bayern,49.867669,10.320149,768
072325001262,Lünebach,,54597,Eifelkreis Bitburg-Prüm,Rheinland-Pfalz,50.138692,6.348062,615
033550022022,Lüneburg,Hansestadt,21335,Lüneburg,Niedersachsen,53.249157,10.408793,74785
059780024024,Lünen,Stadt,44532,Unna,Nordrhein-Westfalen,51.614327,7.523533,86163
034545408034,Lünne,,48480,Emsland,Niedersachsen,52.43095,7.423778,2125
010595993057,Lürschau,,24850,Schleswig-Flensburg,Schleswig-Holstein,54.538632,9.496358,1080
130725255069,Lüssow,,18276,Landkreis Rostock,Mecklenburg-Vorpommern,53.838762,12.143124,981
130735358054,Lüssow,,18442,Vorpommern-Rügen,Mecklenburg-Vorpommern,54.282169,13.033698,870
010535343087,Lütau,,21483,Herzogtum Lauenburg,Schleswig-Holstein,53.435861,10.545404,654
034525403016,Lütetsburg,,26524,Aurich,Niedersachsen,53.600545,7.246801,728
010575727048,Lütjenburg,Stadt,24321,Plön,Schleswig-Holstein,54.292744,10.589926,5424
010545494080,Lütjenholm,,25842,Nordfriesland,Schleswig-Holstein,54.684136,9.021561,339
010625270045,Lütjensee,,22952,Stormarn,Schleswig-Holstein,53.648967,10.364742,3285
010585895100,Lütjenwestedt,,25585,Rendsburg-Eckernförde,Schleswig-Holstein,54.140616,9.490806,540
130755551087,Lütow,,17440,Vorpommern-Greifswald,Mecklenburg-Vorpommern,54.012528,13.878694,432
130765667092,Lüttow-Valluhn,,19246,Ludwigslust-Parchim,Mecklenburg-Vorpommern,53.53056,10.888429,819
071355001056,Lütz,,56290,Cochem-Zell,Rheinland-Pfalz,50.159727,7.359321,277
064370010010,Lützelbach,,64750,Odenwaldkreis,Hessen,49.786263,9.079658,6755
150840315315,Lützen,Stadt,06686,Burgenlandkreis,Sachsen-Anhalt,51.25541,12.141207,8242
072325001263,Lützkampen,,54617,Eifelkreis Bitburg-Prüm,Rheinland-Pfalz,50.146912,6.186251,338
130745455050,Lützow,,19209,Nordwestmecklenburg,Mecklenburg-Vorpommern,53.653828,11.176166,1546
032515407024,Maasen,,27249,Diepholz,Niedersachsen,52.692321,8.885683,439
010595990142,Maasholm,,24404,Schleswig-Flensburg,Schleswig-Holstein,54.684233,9.990992,604
147290250250,Machern,,04827,Leipzig,Sachsen,51.358963,12.628959,6548
071375009215,Macken,,56290,Mayen-Koblenz,Rheinland-Pfalz,50.173902,7.39764,381
073355009024,Mackenbach,,67686,Kaiserslautern,Rheinland-Pfalz,49.475043,7.586909,2052
071345005052,Mackenrodt,,55758,Birkenfeld,Rheinland-Pfalz,49.724565,7.254605,350
160715008053,Magdala,Stadt,99441,Weimarer Land,Thüringen,50.906973,11.448379,1924
150030000000,Magdeburg,Landeshauptstadt,39104,Magdeburg,Sachsen-Anhalt,52.126248,11.632726,244329
081150029029,Magstadt,,71106,Böblingen,Baden-Württemberg,48.742432,8.962269,9513
083175002073,Mahlberg,Stadt,77972,Ortenaukreis,Baden-Württemberg,48.288279,7.809923,5254
083275004033,Mahlstetten,,78601,Tuttlingen,Baden-Württemberg,48.075403,8.836187,812
097765737118,Maierhöfen,,88167,Lindau (Bodensee),Bayern,47.65296,10.050338,1470
097795720176,Maihingen,,86747,Donau-Ries,Bayern,48.927633,10.502083,1253
073375006052,Maikammer,,67487,Südliche Weinstraße,Rheinland-Pfalz,49.305833,8.131032,4426
096710140140,Mainaschaff,,63814,Aschaffenburg,Bayern,49.981077,9.087302,8721
096750144144,Mainbernheim,St,97350,Kitzingen,Bayern,49.708023,10.218579,2230
092730147147,Mainburg,St,84048,Kelheim,Bayern,48.640936,11.779914,15271
081270052052,Mainhardt,,74535,Schwäbisch Hall,Baden-Württemberg,49.075798,9.55678,5973
064380007007,Mainhausen,,63533,Offenbach,Hessen,50.015014,8.994485,9483
094770136136,Mainleus,M,95336,Kulmbach,Bayern,50.09987,11.375098,6410
096755617146,Mainstockheim,,97320,Kitzingen,Bayern,49.772867,10.152113,1940
064350019019,Maintal,Stadt,63477,Main-Kinzig-Kreis,Hessen,50.139416,8.843408,38987
073150000000,Mainz,Stadt,55116,Mainz,Rheinland-Pfalz,50.001959,8.271855,224684
091790134134,Maisach,,82216,Fürstenfeldbruck,Bayern,48.215758,11.257605,13974
071405009089,Maisborn,,56291,Rhein-Hunsrück-Kreis,Rheinland-Pfalz,50.081769,7.581072,139
091835183126,Maitenbeth,,83558,Mühldorf a.Inn,Bayern,48.150129,12.092587,2067
071405004090,Maitzborn,,55481,Rhein-Hunsrück-Kreis,Rheinland-Pfalz,49.933288,7.436033,110
071325009066,Malberg,,57629,Altenkirchen (Westerwald),Rheinland-Pfalz,50.71485,7.814044,1056
072325008075,Malberg,,54655,Eifelkreis Bitburg-Prüm,Rheinland-Pfalz,50.047131,6.581542,545
072325008076,Malbergweich,,54655,Eifelkreis Bitburg-Prüm,Rheinland-Pfalz,50.054922,6.554545,368
072315006079,Malborn,,54426,Bernkastel-Wittlich,Rheinland-Pfalz,49.715946,6.987872,1391
130715153092,Malchin,Stadt,17139,Mecklenburgische Seenplatte,Mecklenburg-Vorpommern,53.739434,12.762134,6767
092755234132,Malching,,94094,Passau,Bayern,48.313011,13.188575,1229
130715154093,Malchow,Inselstadt,17213,Mecklenburgische Seenplatte,Mecklenburg-Vorpommern,53.475132,12.423356,5961
010550028028,Malente,,23714,Ostholstein,Schleswig-Holstein,54.171225,10.554871,10858
092775239131,Malgersdorf,,84333,Rottal-Inn,Bayern,48.532507,12.747196,1211
130765654093,Malk Göhren,,19294,Ludwigslust-Parchim,Mecklenburg-Vorpommern,53.214629,11.376556,414
092780148148,Mallersdorf-Pfaffenberg,M,84066,Straubing-Bogen,Bayern,48.769327,12.227639,6722
130765654094,Malliß,,19294,Ludwigslust-Parchim,Mecklenburg-Vorpommern,53.212798,11.328852,1110
083365001104,Malsburg-Marzell,,79429,Lörrach,Baden-Württemberg,47.731941,7.708589,1443
082150046046,Malsch,,76316,Karlsruhe,Baden-Württemberg,48.879543,8.334952,14880
082265006046,Malsch,,69254,Rhein-Neckar-Kreis,Baden-Württemberg,49.245462,8.684476,3478
146250340340,Malschwitz / Malešecy,,02694,Bautzen,Sachsen,51.237793,14.520035,4818
066340013013,Malsfeld,,34323,Schwalm-Eder-Kreis,Hessen,51.0941,9.538109,3698
083165003024,Malterdingen,,79364,Emmendingen,Baden-Württemberg,48.161274,7.792722,3467
071325010067,Mammelzen,,57636,Altenkirchen (Westerwald),Rheinland-Pfalz,50.701896,7.66804,1031
091795131136,Mammendorf,,82291,Fürstenfeldbruck,Bayern,48.208396,11.162678,5066
092795208125,Mamming,,94437,Dingolfing-Landau,Bayern,48.651628,12.603581,3391
091860137137,Manching,M,85077,Pfaffenhofen a.d.Ilm,Bayern,48.717091,11.492969,13042
071335006061,Mandel,,55595,Bad Kreuznach,Rheinland-Pfalz,49.856824,7.768942,927
100450116116,Mandelbachtal,,66399,Saarpfalz-Kreis,Saarland,49.197062,7.142743,10844
072355008081,Mandern,,54429,Trier-Saarburg,Rheinland-Pfalz,49.60761,6.76953,835
072315008080,Manderscheid,Stadt,54531,Bernkastel-Wittlich,Rheinland-Pfalz,50.092513,6.808091,1434
072325001264,Manderscheid,,54649,Eifelkreis Bitburg-Prüm,Rheinland-Pfalz,50.100333,6.346656,52
010555546029,Manhagen,,23738,Ostholstein,Schleswig-Holstein,54.194999,10.913686,376
072335004225,Mannebach,,56769,Vulkaneifel,Rheinland-Pfalz,50.282473,6.986487,241
072355008082,Mannebach,,54441,Trier-Saarburg,Rheinland-Pfalz,49.634217,6.508713,347
082220000000,Mannheim,Universitätsstadt,68159,Mannheim,Baden-Württemberg,49.48778,8.466275,318035
073335007043,Mannweiler-Cölln,,67822,Donnersbergkreis,Rheinland-Pfalz,49.6962,7.803005,396
150870275275,Mansfeld,Stadt,06343,Mansfeld-Südharz,Sachsen-Anhalt,51.594112,11.45461,8096
093740134134,Mantel,M,92708,Neustadt a.d.Waldnaab,Bayern,49.65275,12.041935,2827
093749452452,Manteler Forst,,,Neustadt a.d.Waldnaab,Bayern,49.685163,12.029697,0
073395001036,Manubach,,55413,Mainz-Bingen,Rheinland-Pfalz,50.030873,7.758398,304
081185005049,Marbach am Neckar,Stadt,71672,Ludwigsburg,Baden-Württemberg,48.939832,9.259828,15474
065340014014,Marburg,Universitätsstadt,35037,Marburg-Biedenkopf,Hessen,50.809004,8.769147,73544
083155011132,March,,79232,Breisgau-Hochschwarzwald,Baden-Württemberg,48.053089,7.78046,9309
096795652161,Margetshöchheim,,97276,Würzburg,Bayern,49.835946,9.863862,3113
092785252149,Mariaposching,,94553,Straubing-Bogen,Bayern,48.826556,12.808426,1402
145210390390,Marienberg,Stadt,09496,Erzgebirgskreis,Sachsen,50.651644,13.159828,16139
071415007084,Marienfels,,56357,Rhein-Lahn-Kreis,Rheinland-Pfalz,50.240426,7.813694,321
120705006266,Marienfließ,,16945,Prignitz,Brandenburg,53.318158,12.141508,680
034525401017,Marienhafe,Flecken,26529,Aurich,Niedersachsen,53.523065,7.273447,2484
071385003201,Marienhausen,,56269,Neuwied,Rheinland-Pfalz,50.563076,7.691564,471
053740024024,Marienheide,,51709,Oberbergischer Kreis,Nordrhein-Westfalen,51.08374,7.531284,13356
057620024024,Marienmünster,Stadt,37696,Höxter,Nordrhein-Westfalen,51.81928,9.229516,4791
071435007044,Marienrachdorf,,56242,Westerwaldkreis,Rheinland-Pfalz,50.551588,7.713522,1041
031545401015,Mariental,,38368,Helmstedt,Niedersachsen,52.277065,10.98211,973
031549504504,Mariental,gemfr. Gebiet,,Helmstedt,Niedersachsen,52.304462,10.978397,0
120605003154,Marienwerder,,16348,Barnim,Brandenburg,52.842116,13.599177,1640
072315001081,Maring-Noviand,,54484,Bernkastel-Wittlich,Rheinland-Pfalz,49.928466,6.986395,1393
160695002028,Marisfeld,,98530,Hildburghausen,Thüringen,50.555509,10.570774,401
095729459459,Mark,,,Erlangen-Höchstadt,Bayern,49.654123,10.948914,0
084355003034,Markdorf,Stadt,88677,Bodenseekreis,Baden-Württemberg,47.72035,9.389138,14300
146260300300,Markersdorf,,02829,Görlitz,Sachsen,51.135912,14.879203,3709
081180050050,Markgröningen,Stadt,71706,Ludwigsburg,Baden-Württemberg,48.905178,9.081072,14138
147290260260,Markkleeberg,Stadt,04416,Leipzig,Sachsen,51.280005,12.374495,25331
092790126126,Marklkofen,,84163,Dingolfing-Landau,Bayern,48.553092,12.552017,3813
032565411021,Marklohe,,31608,Nienburg (Weser),Niedersachsen,52.668633,9.156531,4594
145230200200,Markneukirchen,Stadt,08258,Vogtlandkreis,Sachsen,50.311884,12.328041,7061
147290270270,Markranstädt,Stadt,04420,Leipzig,Sachsen,51.301272,12.220204,16194
095775533149,Markt Berolzheim,M,91801,Weißenburg-Gunzenhausen,Bayern,49.007979,10.844561,1280
095755518144,Markt Bibart,M,91477,Neustadt a.d.Aisch-Bad Windsheim,Bayern,49.647731,10.42751,1806
096755616148,Markt Einersheim,M,97348,Kitzingen,Bayern,49.687505,10.295646,1216
095750145145,Markt Erlbach,M,91459,Neustadt a.d.Aisch-Bad Windsheim,Bayern,49.493537,10.65224,5557
091740131131,Markt Indersdorf,M,85229,Dachau,Bayern,48.361167,11.373487,10283
095755519146,Markt Nordheim,M,91478,Neustadt a.d.Aisch-Bad Windsheim,Bayern,49.591076,10.355455,1145
097780168168,Markt Rettenbach,M,87733,Unterallgäu,Bayern,47.947929,10.394846,4019
091750127127,Markt Schwaben,M,85570,Ebersberg,Bayern,48.19093,11.86538,13643
095755518147,Markt Taschendorf,M,91480,Neustadt a.d.Aisch-Bad Windsheim,Bayern,49.699912,10.554177,1039
097780169169,Markt Wald,M,86865,Unterallgäu,Bayern,48.137261,10.581081,2129
095755524143,Marktbergel,M,91613,Neustadt a.d.Aisch-Bad Windsheim,Bayern,49.443326,10.363102,1637
096755618147,Marktbreit,St,97340,Kitzingen,Bayern,49.668679,10.144126,3793
094785441143,Marktgraitz,M,96257,Lichtenfels,Bayern,50.183198,11.195664,1126
096770157157,Marktheidenfeld,St,97828,Main-Spessart,Bayern,49.844144,9.600307,11402
091715103123,Marktl,M,84533,Altötting,Bayern,48.25329,12.843658,2812
094775436138,Marktleugast,M,95352,Kulmbach,Bayern,50.171758,11.633195,2993
094790135135,Marktleuthen,St,95168,Wunsiedel i.Fichtelgebirge,Bayern,50.127998,11.994074,2820
097770151151,Marktoberdorf,St,87616,Ostallgäu,Bayern,47.779483,10.618465,18617
097795720177,Marktoffingen,,86748,Donau-Ries,Bayern,48.923783,10.468622,1280
094790136136,Marktredwitz,GKSt,95615,Wunsiedel i.Fichtelgebirge,Bayern,50.001792,12.086076,17121
094760183183,Marktrodach,M,96364,Kronach,Bayern,50.249569,11.384797,3554
091720124124,Marktschellenberg,M,83487,Berchtesgadener Land,Bayern,47.6968,13.045654,1721
094770139139,Marktschorgast,M,95509,Kulmbach,Bayern,50.093518,11.654665,1357
096755618149,Marktsteft,St,97342,Kitzingen,Bayern,49.696729,10.135151,1813
094785446144,Marktzeuln,M,96275,Lichtenfels,Bayern,50.166441,11.1689,1584
160685012036,Markvippach,,99195,Sömmerda,Thüringen,51.078718,11.176747,535
032515401025,Marl,,49448,Diepholz,Niedersachsen,52.484483,8.364876,724
055620024024,Marl,Stadt,45772,Recklinghausen,Nordrhein-Westfalen,51.658211,7.101811,86766
095725514141,Marloffstein,,91080,Erlangen-Höchstadt,Bayern,49.617749,11.064261,1555
130730055055,Marlow,Stadt,18337,Vorpommern-Rügen,Mecklenburg-Vorpommern,54.154202,12.570959,4487
010515166072,Marne,Stadt,25709,Dithmarschen,Schleswig-Holstein,53.953695,9.008761,5586
010515166073,Marnerdeich,,25709,Dithmarschen,Schleswig-Holstein,53.948483,8.982956,386
073335004045,Marnheim,,67297,Donnersbergkreis,Rheinland-Pfalz,49.6341,8.04114,1805
096740171171,Maroldsweisach,M,96126,Haßberge,Bayern,50.197969,10.658122,3088
160645055043,Marolterode,,99994,Unstrut-Hainich-Kreis,Thüringen,51.230695,10.679916,289
071435007045,Maroth,,56271,Westerwaldkreis,Rheinland-Pfalz,50.575999,7.68755,259
100460112112,Marpingen,,66646,St. Wendel,Saarland,49.451724,7.057295,10297
091895169129,Marquartstein,,83250,Traunstein,Bayern,47.75718,12.462445,3030
059580024024,Marsberg,Stadt,34431,Hochsauerlandkreis,Nordrhein-Westfalen,51.459563,8.854984,19555
033535401023,Marschacht,,21436,Harburg,Niedersachsen,53.417357,10.367666,3895
010575775050,Martensrade,,24238,Plön,Schleswig-Holstein,54.279612,10.392528,949
032515403026,Martfeld,,27327,Diepholz,Niedersachsen,52.875786,9.067936,2838
160615008069,Marth,,37318,Eichsfeld,Thüringen,51.38313,10.003909,317
094759454454,Martinlamitzer Forst-Nord,,,Hof,Bayern,50.185398,12.025343,0
094799455455,Martinlamitzer Forst-Süd,,,Wunsiedel i.Fichtelgebirge,Bayern,50.176093,12.028651,0
160705002034,Martinroda,,98693,Ilm-Kreis,Thüringen,50.725024,10.887861,1136
096755618150,Martinsheim,,97340,Kitzingen,Bayern,49.62401,10.149589,979
073355001203,Martinshöhe,,66894,Kaiserslautern,Rheinland-Pfalz,49.364351,7.478836,1372
071335010062,Martinstein,,55627,Bad Kreuznach,Rheinland-Pfalz,49.804839,7.540679,283
033535402024,Marxen,,21439,Harburg,Niedersachsen,53.311539,10.00924,1434
097790178178,Marxheim,,86688,Donau-Ries,Bayern,48.741629,10.946638,2591
082150047047,Marxzell,,76359,Karlsruhe,Baden-Württemberg,48.863172,8.448322,5040
071435002261,Marzhausen,,57627,Westerwaldkreis,Rheinland-Pfalz,50.688672,7.755205,255
091780140140,Marzling,,85417,Freising,Bayern,48.410488,11.793717,3287
071355002058,Masburg,,56761,Cochem-Zell,Rheinland-Pfalz,50.241755,7.116888,1064
084265003071,Maselheim,,88437,Biberach,Baden-Württemberg,48.13449,9.883935,4736
096725609131,Maßbach,M,97711,Bad Kissingen,Bayern,50.184506,10.275658,4348
120625205333,Massen-Niederlausitz,,03238,Elbe-Elster,Brandenburg,51.642931,13.732237,1890
081255013061,Massenbachhausen,,74252,Heilbronn,Baden-Württemberg,49.176257,9.046815,3760
160690061061,Masserberg,,98666,Hildburghausen,Thüringen,50.520034,10.969358,1993
092775240133,Massing,M,84323,Rottal-Inn,Bayern,48.392563,12.604975,4067
073405009217,Maßweiler,,66506,Südwestpfalz,Rheinland-Pfalz,49.271061,7.528069,915
071405003204,Mastershausen,,56869,Rhein-Hunsrück-Kreis,Rheinland-Pfalz,50.064296,7.354759,988
072325006265,Masthorn,,54597,Eifelkreis Bitburg-Prüm,Rheinland-Pfalz,50.153909,6.304266,56
073365009107,Matzenbach,,66909,Kusel,Rheinland-Pfalz,49.495326,7.458909,589
072325006266,Matzerath,,54597,Eifelkreis Bitburg-Prüm,Rheinland-Pfalz,50.147524,6.377942,45
073315001044,Mauchenheim,,67294,Alzey-Worms,Rheinland-Pfalz,49.717387,8.046435,959
071325003068,Mauden,,57520,Altenkirchen (Westerwald),Rheinland-Pfalz,50.715566,8.000856,124
072325001267,Mauel,,54649,Eifelkreis Bitburg-Prüm,Rheinland-Pfalz,50.073229,6.394305,48
082265002048,Mauer,,69256,Rhein-Neckar-Kreis,Baden-Württemberg,49.339572,8.799892,4073
091785129142,Mauern,,85419,Freising,Bayern,48.51714,11.897499,3125
097770152152,Mauerstetten,,87665,Ostallgäu,Bayern,47.892332,10.669985,3229
082365003038,Maulbronn,Stadt,75433,Enzkreis,Baden-Württemberg,49.000362,8.814618,6452
083365007057,Maulburg,,79689,Lörrach,Baden-Württemberg,47.640837,7.77816,4366
073405008218,Mauschbach,,66500,Südwestpfalz,Rheinland-Pfalz,49.185714,7.393082,290
092720134134,Mauth,,94151,Freyung-Grafenau,Bayern,48.886921,13.583912,2016
092729456456,Mauther Forst,,,Freyung-Grafenau,Bayern,48.955865,13.541194,0
073385004018,Maxdorf,,67133,Rhein-Pfalz-Kreis,Rheinland-Pfalz,49.481815,8.287513,7075
093760141141,Maxhütte-Haidhof,St,93142,Schwandorf,Bayern,49.20199,12.093321,12053
071435007046,Maxsain,,56244,Westerwaldkreis,Rheinland-Pfalz,50.543687,7.786441,1005
071370068068,Mayen,Stadt,56727,Mayen-Koblenz,Rheinland-Pfalz,50.328707,7.222333,19713
071315002049,Mayschoß,,53508,Ahrweiler,Rheinland-Pfalz,50.523486,7.01933,770
053660028028,Mechernich,Stadt,53894,Euskirchen,Nordrhein-Westfalen,50.588604,6.653673,29187
010535358088,Mechow,,23909,Herzogtum Lauenburg,Schleswig-Holstein,53.717556,10.801815,135
033555402023,Mechtersen,,21358,Lüneburg,Niedersachsen,53.280228,10.31886,670
072325008077,Meckel,,54636,Eifelkreis Bitburg-Prüm,Rheinland-Pfalz,49.89023,6.515841,416
071335009063,Meckenbach,,55606,Bad Kreuznach,Rheinland-Pfalz,49.777331,7.507337,348
071345002053,Meckenbach,,55767,Birkenfeld,Rheinland-Pfalz,49.616007,7.096231,108
084350035035,Meckenbeuren,,88074,Bodenseekreis,Baden-Württemberg,47.700637,9.562678,13735
053820032032,Meckenheim,Stadt,53340,Rhein-Sieg-Kreis,Nordrhein-Westfalen,50.622043,7.022259,24925
073325001035,Meckenheim,,67149,Bad Dürkheim,Rheinland-Pfalz,49.404701,8.238815,3424
082265002049,Meckesheim,,74909,Rhein-Neckar-Kreis,Baden-Württemberg,49.32267,8.81789,5298
073365008061,Medard,,67744,Kusel,Rheinland-Pfalz,49.666689,7.612366,458
071335010064,Meddersheim,,55566,Bad Kreuznach,Rheinland-Pfalz,49.77687,7.615399,1311
010625207046,Meddewade,,23847,Stormarn,Schleswig-Holstein,53.810258,10.440757,896
059580028028,Medebach,Hansestadt,59964,Hochsauerlandkreis,Nordrhein-Westfalen,51.198074,8.704871,7906
010595952143,Medelby,,24994,Schleswig-Flensburg,Schleswig-Holstein,54.812464,9.173221,1053
097735713153,Medlingen,,89441,Dillingen a.d.Donau,Bayern,48.567599,10.318138,992
130755553088,Medow,,17391,Vorpommern-Greifswald,Mecklenburg-Vorpommern,53.838438,13.532946,504
094730144144,Meeder,,96484,Coburg,Bayern,50.320427,10.907342,3493
145245118190,Meerane,Stadt,08393,Zwickau,Sachsen,50.849217,12.463982,13567
032575404023,Meerbeck,,31715,Schaumburg,Niedersachsen,52.342306,9.14462,1791
051620022022,Meerbusch,Stadt,40670,Rhein-Kreis Neuss,Nordrhein-Westfalen,51.265845,6.688437,57078
072315008082,Meerfeld,,54531,Bernkastel-Wittlich,Rheinland-Pfalz,50.093359,6.754392,351
084355004036,Meersburg,Stadt,88709,Bodenseekreis,Baden-Württemberg,47.695076,9.273408,5956
130715151096,Meesiger,,17111,Mecklenburgische Seenplatte,Mecklenburg-Vorpommern,53.81161,12.915312,220
010585895103,Meezen,,24594,Rendsburg-Eckernförde,Schleswig-Holstein,54.05163,9.709777,364
097795721180,Megesheim,,86750,Donau-Ries,Bayern,48.938941,10.649913,829
010595996058,Meggerdorf,,24799,Schleswig-Flensburg,Schleswig-Holstein,54.349214,9.398122,686
073355010025,Mehlbach,,67735,Kaiserslautern,Rheinland-Pfalz,49.521821,7.717068,1120
010615138067,Mehlbek,,25588,Steinburg,Schleswig-Holstein,54.004849,9.434367,403
073355002026,Mehlingen,,67678,Kaiserslautern,Rheinland-Pfalz,49.493578,7.855085,3857
094720164164,Mehlmeisel,,95694,Bayreuth,Bayern,49.976004,11.854737,1268
160665013041,Mehmels,,98634,Schmalkalden-Meiningen,Thüringen,50.633385,10.334252,348
160775005031,Mehna,,04626,Altenburger Land,Thüringen,50.966929,12.316809,260
071325010069,Mehren,,57635,Altenkirchen (Westerwald),Rheinland-Pfalz,50.685646,7.509986,465
072335001042,Mehren,,54552,Vulkaneifel,Rheinland-Pfalz,50.176524,6.88069,1291
072355006083,Mehring,,54346,Trier-Saarburg,Rheinland-Pfalz,49.797249,6.824236,2341
091715101124,Mehring,,84561,Altötting,Bayern,48.178788,12.78353,2361
084155003048,Mehrstetten,,72537,Reutlingen,Baden-Württemberg,48.376623,9.566367,1502
130755552089,Meiersberg,,17375,Vorpommern-Greifswald,Mecklenburg-Vorpommern,53.703523,13.943018,389
071385009042,Meinborn,,56584,Neuwied,Rheinland-Pfalz,50.496661,7.561302,573
031515406016,Meine,,38527,Gifhorn,Niedersachsen,52.381857,10.545222,8286
031515405017,Meinersen,,38536,Gifhorn,Niedersachsen,52.475153,10.362138,8038
059620036036,Meinerzhagen,Stadt,58540,Märkischer Kreis,Nordrhein-Westfalen,51.107434,7.638497,20019
150845054013,Meineweh,,06721,Burgenlandkreis,Sachsen-Anhalt,51.076521,11.98731,967
066360007007,Meinhard,,37276,Werra-Meißner-Kreis,Hessen,51.206039,10.064563,4267
095775533150,Meinheim,,91802,Weißenburg-Gunzenhausen,Bayern,49.029251,10.813813,830
160665050042,Meiningen,Stadt,98617,Schmalkalden-Meiningen,Thüringen,50.573947,10.415674,25002
072335001043,Meisburg,,54570,Vulkaneifel,Rheinland-Pfalz,50.110638,6.688324,231
071335010065,Meisenheim,Stadt,55590,Bad Kreuznach,Rheinland-Pfalz,49.705645,7.670811,2910
146270140140,Meißen,Stadt,01662,Meißen,Sachsen,51.159993,13.468635,28753
083175012075,Meißenheim,,77974,Ortenaukreis,Baden-Württemberg,48.408333,7.775836,4149
066360008008,Meißner,,37290,Werra-Meißner-Kreis,Hessen,51.211361,9.937311,2915
097720177177,Meitingen,M,86405,Augsburg,Bayern,48.546777,10.853749,12307
033555405024,Melbeck,,21406,Lüneburg,Niedersachsen,53.178586,10.403227,3280
120605003161,Melchow,,16230,Barnim,Brandenburg,52.775711,13.702863,1114
010515175074,Meldorf,Stadt,25704,Dithmarschen,Schleswig-Holstein,54.090945,9.068784,7166
034590024024,Melle,Stadt,49324,Osnabrück,Niedersachsen,52.201721,8.335672,46436
130755562090,Mellenthin,,17429,Vorpommern-Greifswald,Mecklenburg-Vorpommern,53.923404,14.01198,445
160715008056,Mellingen,,99441,Weimarer Land,Thüringen,50.940657,11.397359,1949
032515407027,Mellinghausen,,27249,Diepholz,Niedersachsen,52.707433,8.897384,1039
096735633142,Mellrichstadt,St,97638,Rhön-Grabfeld,Bayern,50.428478,10.308184,5530
096739455455,Mellrichstadter Forst,,,Rhön-Grabfeld,Bayern,50.517337,10.197895,0
071385009043,Melsbach,,56581,Neuwied,Rheinland-Pfalz,50.487371,7.479566,1960
010585803104,Melsdorf,,24109,Rendsburg-Eckernförde,Schleswig-Holstein,54.317289,10.029817,2096
066340014014,Melsungen,Stadt,34212,Schwalm-Eder-Kreis,Hessen,51.131059,9.543745,13994
130715159097,Melz,,17209,Mecklenburgische Seenplatte,Mecklenburg-Vorpommern,53.301012,12.617186,297
094710159159,Memmelsdorf,,96117,Bamberg,Bayern,49.932697,10.95495,8858
097640000000,Memmingen,,87700,Memmingen,Bayern,47.984959,10.181558,44192
097785765171,Memmingerberg,,87766,Unterallgäu,Bayern,47.987719,10.208405,2957
059620040040,Menden (Sauerland),Stadt,58706,Märkischer Kreis,Nordrhein-Westfalen,51.439281,7.795344,52255
071375004069,Mendig,Stadt,56743,Mayen-Koblenz,Rheinland-Pfalz,50.372828,7.280288,9034
084375002076,Mengen,Stadt,88512,Sigmaringen,Baden-Württemberg,48.048768,9.329165,10148
071405008092,Mengerschied,,55490,Rhein-Hunsrück-Kreis,Rheinland-Pfalz,49.912549,7.505604,720
065330011011,Mengerskirchen,Marktflecken,35794,Limburg-Weilburg,Hessen,50.564589,8.154369,5612
092790127127,Mengkofen,,84152,Dingolfing-Landau,Bayern,48.72044,12.441078,6065
072325005078,Menningen,,54310,Eifelkreis Bitburg-Prüm,Rheinland-Pfalz,49.83915,6.477703,164
034595401025,Menslage,,49637,Osnabrück,Niedersachsen,52.674882,7.818913,2318
130745459052,Menzendorf,,23923,Nordwestmecklenburg,Mecklenburg-Vorpommern,53.84489,11.012364,240
034540035035,Meppen,Stadt,49716,Emsland,Niedersachsen,52.690751,7.291674,36930
097710145145,Merching,,86504,Aichach-Friedberg,Bayern,48.244229,10.983652,3263
100430113113,Merchweiler,,66589,Neunkirchen,Saarland,49.358969,7.058254,10099
083155002072,Merdingen,,79291,Breisgau-Hochschwarzwald,Baden-Württemberg,48.017737,7.686737,2668
065330012012,Merenberg,Marktflecken,35799,Limburg-Weilburg,Hessen,50.508115,8.191667,3316
097715705146,Mering,M,86415,Aichach-Friedberg,Bayern,48.267229,10.988462,15164
071435002262,Merkelbach,,57629,Westerwaldkreis,Rheinland-Pfalz,50.644132,7.769361,441
095710177177,Merkendorf,St,91732,Ansbach,Bayern,49.203432,10.701601,3099
084255007079,Merklingen,,89188,Alb-Donau-Kreis,Baden-Württemberg,48.511695,9.755088,2098
072325001270,Merlscheid,,54597,Eifelkreis Bitburg-Prüm,Rheinland-Pfalz,50.127136,6.3502,35
071405009093,Mermuth,,56283,Rhein-Hunsrück-Kreis,Rheinland-Pfalz,50.17016,7.482976,236
072315006083,Merschbach,,54426,Bernkastel-Wittlich,Rheinland-Pfalz,49.803413,7.005139,58
150880220220,Merseburg,Stadt,06217,Saalekreis,Sachsen-Anhalt,51.3571,11.992794,34392
150845054335,Mertendorf,,06618,Burgenlandkreis,Sachsen-Anhalt,51.118515,11.856874,1538
160745052055,Mertendorf,,07619,Saale-Holzland-Kreis,Thüringen,50.992094,11.786716,127
072355004085,Mertesdorf,,54318,Trier-Saarburg,Rheinland-Pfalz,49.772837,6.734403,1727
073325007036,Mertesheim,,67271,Bad Dürkheim,Rheinland-Pfalz,49.571468,8.132155,412
097790181181,Mertingen,,86690,Donau-Ries,Bayern,48.657172,10.807913,3980
071375002070,Mertloch,,56753,Mayen-Koblenz,Rheinland-Pfalz,50.27181,7.307472,1338
032559506506,Merxhausen,gemfr. Gebiet,,Holzminden,Niedersachsen,51.815623,9.582919,0
071335010066,Merxheim,,55627,Bad Kreuznach,Rheinland-Pfalz,49.794495,7.56188,1436
073405004031,Merzalben,,66978,Südwestpfalz,Rheinland-Pfalz,49.244632,7.73204,1188
120625211336,Merzdorf,,04932,Elbe-Elster,Brandenburg,51.402367,13.535293,820
034595404026,Merzen,,49586,Osnabrück,Niedersachsen,52.47706,7.830143,3691
053580040040,Merzenich,,52399,Düren,Nordrhein-Westfalen,50.828594,6.524672,10508
083155007073,Merzhausen,,79249,Breisgau-Hochschwarzwald,Baden-Württemberg,47.966362,7.828697,5584
100420113113,Merzig,Kreisstadt,66663,Merzig-Wadern,Saarland,49.44354,6.64256,31697
072355008154,Merzkirchen,,54439,Trier-Saarburg,Rheinland-Pfalz,49.5789,6.476831,792
073365008062,Merzweiler,,67746,Kusel,Rheinland-Pfalz,49.666726,7.539205,165
059580032032,Meschede,Kreis- und  Hochschulstadt,59872,Hochsauerlandkreis,Nordrhein-Westfalen,51.346881,8.285176,29615
120735304393,Mescherin,,16307,Uckermark,Brandenburg,53.247318,14.430128,726
130755555091,Mesekenhagen,,17498,Vorpommern-Greifswald,Mecklenburg-Vorpommern,54.149733,13.316622,1074
071355001060,Mesenich,,56820,Cochem-Zell,Rheinland-Pfalz,50.097583,7.197826,298
096715603141,Mespelbrunn,,63875,Aschaffenburg,Bayern,49.916005,9.289835,2193
064320012012,Messel,,64409,Darmstadt-Dieburg,Hessen,49.939275,8.7412,4215
032575406024,Messenkamp,,31867,Schaumburg,Niedersachsen,52.260048,9.380084,700
072325008079,Messerich,,54636,Eifelkreis Bitburg-Prüm,Rheinland-Pfalz,49.935009,6.480948,546
034545402036,Messingen,,49832,Emsland,Niedersachsen,52.466511,7.460185,1102
084375003078,Meßkirch,Stadt,88605,Sigmaringen,Baden-Württemberg,47.992608,9.111166,8676
084175005044,Meßstetten,Stadt,72469,Zollernalbkreis,Baden-Württemberg,48.180918,8.963063,10677
130765656096,Mestlin,,19374,Ludwigslust-Parchim,Mecklenburg-Vorpommern,53.580544,11.92708,757
055660052052,Metelen,,48629,Steinfurt,Nordrhein-Westfalen,52.144232,7.211686,6539
130745451053,Metelsdorf,,23972,Nordwestmecklenburg,Mecklenburg-Vorpommern,53.853472,11.432941,479
092710132132,Metten,M,94526,Deggendorf,Bayern,48.855591,12.915447,4288
072325005080,Mettendorf,,54675,Eifelkreis Bitburg-Prüm,Rheinland-Pfalz,49.947693,6.330049,1074
073315002045,Mettenheim,,67582,Alzey-Worms,Rheinland-Pfalz,49.740082,8.326279,1597
091830127127,Mettenheim,,84562,Mühldorf a.Inn,Bayern,48.265857,12.465496,3689
072325008081,Metterich,,54634,Eifelkreis Bitburg-Prüm,Rheinland-Pfalz,49.979132,6.587026,534
055660056056,Mettingen,,49497,Steinfurt,Nordrhein-Westfalen,52.315593,7.779092,11654
100420114114,Mettlach,,66693,Merzig-Wadern,Saarland,49.493948,6.600077,12621
051580024024,Mettmann,Stadt,40822,Mettmann,Nordrhein-Westfalen,51.251915,6.978743,39542
071345001054,Mettweiler,,55777,Birkenfeld,Rheinland-Pfalz,49.578516,7.314097,233
071405004094,Metzenhausen,,55481,Rhein-Hunsrück-Kreis,Rheinland-Pfalz,49.969934,7.362124,98
084155002050,Metzingen,Stadt,72555,Reutlingen,Baden-Württemberg,48.536849,9.283998,23178
071435008263,Meudt,,56414,Westerwaldkreis,Rheinland-Pfalz,50.49339,7.896912,1885
160735012055,Meura,,98744,Saalfeld-Rudolstadt,Thüringen,50.585129,11.209735,375
160745007056,Meusebach,,07646,Saale-Holzland-Kreis,Thüringen,50.819178,11.724573,88
160770032032,Meuselwitz,Stadt,04610,Altenburger Land,Thüringen,51.04228,12.29949,10148
071315001050,Meuspath,,53520,Ahrweiler,Rheinland-Pfalz,50.344085,6.974408,172
120705006280,Meyenburg,Stadt,16945,Prignitz,Brandenburg,53.31502,12.241387,2061
010595952144,Meyn,,24980,Schleswig-Flensburg,Schleswig-Holstein,54.758389,9.22191,736
094780145145,Michelau i.OFr.,,96247,Lichtenfels,Bayern,50.162117,11.112,5995
096785642157,Michelau i.Steigerwald,,97513,Schweinfurt,Bayern,49.90689,10.430249,1178
071405003095,Michelbach,,56288,Rhein-Hunsrück-Kreis,Rheinland-Pfalz,50.015345,7.453674,204
071325010070,Michelbach (Westerwald),,57610,Altenkirchen (Westerwald),Rheinland-Pfalz,50.6833,7.666829,550
081275009056,Michelbach an der Bilz,,74544,Schwäbisch Hall,Baden-Württemberg,49.069624,9.762378,3325
064319200200,Michelbuch,gemfr. Gebiet,,Bergstraße,Hessen,49.431175,8.868951,0
081275009059,Michelfeld,,74545,Schwäbisch Hall,Baden-Württemberg,49.097131,9.679757,3720
093725318142,Michelsneukirchen,,93185,Cham,Bayern,49.124024,12.552641,1732
064370011011,Michelstadt,Stadt,64720,Odenwaldkreis,Hessen,49.679443,9.004011,15396
120690397397,Michendorf,,14552,Potsdam-Mittelmark,Brandenburg,52.309633,13.028498,13708
097725709178,Mickhausen,,86866,Augsburg,Bayern,48.244483,10.639736,1376
010545488083,Midlum,,25938,Nordfriesland,Schleswig-Holstein,54.714878,8.518625,457
071415007085,Miehlen,,56357,Rhein-Lahn-Kreis,Rheinland-Pfalz,50.226931,7.830782,2036
010585896105,Mielkendorf,,24247,Rendsburg-Eckernförde,Schleswig-Holstein,54.284565,10.040779,1375
071415010086,Miellen,,56132,Rhein-Lahn-Kreis,Rheinland-Pfalz,50.326445,7.667234,348
091820125125,Miesbach,St,83714,Miesbach,Bayern,47.788844,11.834173,11573
160755011065,Miesitz,,07819,Saale-Orla-Kreis,Thüringen,50.739764,11.832631,269
084265005073,Mietingen,,88487,Biberach,Baden-Württemberg,48.182492,9.899411,4743
160745011057,Milda,,07751,Saale-Holzland-Kreis,Thüringen,50.855199,11.461872,728
145210400400,Mildenau,,09456,Erzgebirgskreis,Sachsen,50.59659,13.068688,3337
010545492084,Mildstedt,,25866,Nordfriesland,Schleswig-Holstein,54.463492,9.094038,3941
130735355057,Millienhagen-Oebelitz,,18461,Vorpommern-Rügen,Mecklenburg-Vorpommern,54.206478,12.820081,298
120735305396,Milmersdorf,,17268,Uckermark,Brandenburg,53.111703,13.641293,1389
130765657097,Milow,,19300,Ludwigslust-Parchim,Mecklenburg-Vorpommern,53.191363,11.540326,362
120630189189,Milower Land,,14715,Havelland,Brandenburg,52.522804,12.311809,4287
093720143143,Miltach,,93468,Cham,Bayern,49.158049,12.770267,2283
096760139139,Miltenberg,St,63897,Miltenberg,Bayern,49.701266,9.257405,9351
097780173173,Mindelheim,St,87719,Unterallgäu,Bayern,48.047279,10.491139,15531
091765119147,Mindelstetten,,93349,Eichstätt,Bayern,48.850009,11.642861,1823
057700024024,Minden,Stadt,32423,Minden-Lübbecke,Nordrhein-Westfalen,52.288271,8.914559,84013
072325005082,Minden,,54310,Eifelkreis Bitburg-Prüm,Rheinland-Pfalz,49.82404,6.468719,272
072315008085,Minderlittgen,,54518,Bernkastel-Wittlich,Rheinland-Pfalz,50.007457,6.837759,707
073345004020,Minfeld,,76872,Germersheim,Rheinland-Pfalz,49.072241,8.143806,1744
072315001086,Minheim,,54518,Bernkastel-Wittlich,Rheinland-Pfalz,49.86622,6.933853,472
093750170170,Mintraching,,93098,Regensburg,Bayern,48.95518,12.239643,5020
130715155099,Mirow,Stadt,17252,Mecklenburgische Seenplatte,Mecklenburg-Vorpommern,53.274554,12.815475,3711
071415010087,Misselberg,,56377,Rhein-Lahn-Kreis,Rheinland-Pfalz,50.30832,7.767544,85
097805745127,Missen-Wilhams,,87547,Oberallgäu,Bayern,47.597616,10.12767,1549
094725414166,Mistelbach,,95511,Bayreuth,Bayern,49.914144,11.519417,1500
094725413167,Mistelgau,,95490,Bayreuth,Bayern,49.911983,11.465838,3832
130725255071,Mistorf,,18276,Landkreis Rostock,Mecklenburg-Vorpommern,53.88245,12.144715,619
010595949185,Mittelangeln,,24986,Schleswig-Flensburg,Schleswig-Holstein,54.692455,9.60375,5321
084265003074,Mittelbiberach,,88441,Biberach,Baden-Württemberg,48.087332,9.747188,4433
073355011027,Mittelbrunn,,66851,Kaiserslautern,Rheinland-Pfalz,49.372679,7.550494,727
095715538178,Mitteleschenbach,,91734,Ansbach,Bayern,49.21321,10.797575,1679
071415011088,Mittelfischbach,,56370,Rhein-Lahn-Kreis,Rheinland-Pfalz,50.253653,7.961491,158
146260310310,Mittelherwigsdorf,,02763,Görlitz,Sachsen,50.917489,14.764425,3491
071325008011,Mittelhof,,57537,Altenkirchen (Westerwald),Rheinland-Pfalz,50.775051,7.804162,1028
097725709179,Mittelneufnach,,86868,Augsburg,Bayern,48.175793,10.596678,1076
033595406032,Mittelnkirchen,,21720,Stade,Niedersachsen,53.548293,9.61251,1094
160755011066,Mittelpöllnitz,,07819,Saale-Orla-Kreis,Thüringen,50.754807,11.90968,271
071345005055,Mittelreidenbach,,55758,Birkenfeld,Rheinland-Pfalz,49.726505,7.441943,750
096775622159,Mittelsinn,,97785,Main-Spessart,Bayern,50.193443,9.614814,794
033525404036,Mittelstenahe,,21770,Cuxhaven,Niedersachsen,53.651268,9.037981,580
091795131137,Mittelstetten,,82293,Fürstenfeldbruck,Bayern,48.255788,11.095143,1683
071355005061,Mittelstrimmig,,56858,Cochem-Zell,Rheinland-Pfalz,50.090136,7.283093,408
160645001045,Mittelsömmern,,99955,Unstrut-Hainich-Kreis,Thüringen,51.206329,10.813605,189
065320017017,Mittenaar,,35756,Lahn-Dill-Kreis,Hessen,50.692135,8.379217,4604
091800123123,Mittenwald,M,82481,Garmisch-Partenkirchen,Bayern,47.441185,11.262738,7323
120610332332,Mittenwalde,Stadt,15749,Dahme-Spreewald,Brandenburg,52.264886,13.536256,10027
120735305404,Mittenwalde,,17268,Uckermark,Brandenburg,53.184579,13.662595,378
092785248151,Mitterfels,M,94360,Straubing-Bogen,Bayern,48.975811,12.679815,2760
092770134134,Mitterskirchen,,84335,Rottal-Inn,Bayern,48.348176,12.731722,2172
093775347141,Mitterteich,St,95666,Tirschenreuth,Bayern,49.949306,12.239074,6604
145225119360,"Mittweida, Stadt",Hochschulstadt,09648,Mittelsachsen,Sachsen,50.986925,12.975993,13839
094765434154,Mitwitz,M,96268,Kronach,Bayern,50.248048,11.209853,2797
120675708324,Mixdorf,,15299,Oder-Spree,Brandenburg,52.195416,14.406866,893
147300190190,Mockrehna,,04862,Nordsachsen,Sachsen,51.507858,12.815498,4884
064320013013,Modautal,,64397,Darmstadt-Dieburg,Hessen,49.735121,8.738628,5090
051700024024,Moers,Stadt,47441,Wesel,Nordrhein-Westfalen,51.453559,6.628027,101503
071435010047,Mogendorf,,56424,Westerwaldkreis,Rheinland-Pfalz,50.493943,7.760042,1329
160760093093,Mohlsdorf-Teichwolframsdorf,,07987,Greiz,Thüringen,50.673923,12.257584,4447
010595974060,Mohrkirch,,24405,Schleswig-Flensburg,Schleswig-Holstein,54.675972,9.716959,936
033535403025,Moisburg,,21647,Harburg,Niedersachsen,53.40494,9.702446,2095
150845054341,Molauer Land,,06618,Burgenlandkreis,Sachsen-Anhalt,51.05726,11.778859,961
034530012012,Molbergen,,49696,Cloppenburg,Niedersachsen,52.858718,7.922121,9306
010585896107,Molfsee,,24113,Rendsburg-Eckernförde,Schleswig-Holstein,54.263397,10.064933,4972
071435008266,Molsberg,,56414,Westerwaldkreis,Rheinland-Pfalz,50.483071,7.969194,430
160675007047,Molschleben,,99869,Gotha,Thüringen,51.005319,10.780123,1009
130715160103,Moltzow,,17194,Mecklenburgische Seenplatte,Mecklenburg-Vorpommern,53.630529,12.57638,837
071325009071,Molzhain,,57520,Altenkirchen (Westerwald),Rheinland-Pfalz,50.749431,7.85354,536
073395007037,Mommenheim,,55278,Mainz-Bingen,Rheinland-Pfalz,49.881218,8.265704,3106
097795724186,Monheim,St,86653,Donau-Ries,Bayern,48.841433,10.855355,5450
051580026026,Monheim am Rhein,Stadt,40789,Mettmann,Nordrhein-Westfalen,51.091702,6.884614,43630
071375003074,Monreal,,56729,Mayen-Koblenz,Rheinland-Pfalz,50.29901,7.157962,749
053340020020,Monschau,Stadt,52156,Städteregion Aachen,Nordrhein-Westfalen,50.555279,6.239288,12389
073315003048,Monsheim,,67590,Alzey-Worms,Rheinland-Pfalz,49.635629,8.210623,2322
160775005034,Monstab,,04617,Altenburger Land,Thüringen,50.992364,12.352535,366
071435004048,Montabaur,Stadt,56410,Westerwaldkreis,Rheinland-Pfalz,50.436232,7.827159,14884
072315001087,Monzelfeld,,54472,Bernkastel-Wittlich,Rheinland-Pfalz,49.89108,7.074778,1296
073315007049,Monzernheim,,55234,Alzey-Worms,Rheinland-Pfalz,49.72214,8.227847,539
071335010067,Monzingen,,55569,Bad Kreuznach,Rheinland-Pfalz,49.799018,7.592788,1561
010615104068,Moordiek,,25597,Steinburg,Schleswig-Holstein,53.913084,9.651163,116
091790138138,Moorenweis,,82272,Fürstenfeldbruck,Bayern,48.154648,11.079272,4122
010615138070,Moorhusen,,25554,Steinburg,Schleswig-Holstein,53.96046,9.388353,67
034570014014,Moormerland,,26802,Leer,Niedersachsen,53.314314,7.485564,23365
010565690036,Moorrege,,25436,Pinneberg,Schleswig-Holstein,53.668054,9.659074,4650
034625401008,Moorweg,,26427,Wittmund,Niedersachsen,53.592246,7.585892,888
083355003055,Moos,,78345,Konstanz,Baden-Württemberg,47.726042,8.934137,3417
092715205135,Moos,,94554,Deggendorf,Bayern,48.751767,12.962174,2383
091755114128,Moosach,,85665,Ebersberg,Bayern,48.032615,11.875619,1418
093740137137,Moosbach,M,92709,Neustadt a.d.Waldnaab,Bayern,49.591116,12.409099,2473
084265001078,Moosburg,,88422,Biberach,Baden-Württemberg,48.088634,9.596849,231
091780143143,Moosburg a.d.Isar,St,85368,Freising,Bayern,48.467702,11.935504,20012
091770130130,Moosinning,,85452,Erding,Bayern,48.277056,11.84463,6083
092790128128,Moosthenning,,84164,Dingolfing-Landau,Bayern,48.676792,12.497842,5290
130765658099,Moraas,,19230,Ludwigslust-Parchim,Mecklenburg-Vorpommern,53.421816,11.302311,470
072310502502,Morbach,,54497,Bernkastel-Wittlich,Rheinland-Pfalz,49.810561,7.119853,10542
031550009009,Moringen,Stadt,37186,Northeim,Niedersachsen,51.697192,9.871075,6540
146270150150,Moritzburg,,01468,Meißen,Sachsen,51.159495,13.68009,8217
071355005064,Moritzheim,,56865,Cochem-Zell,Rheinland-Pfalz,50.047026,7.260514,128
053740028028,Morsbach,,51597,Oberbergischer Kreis,Nordrhein-Westfalen,50.864325,7.727424,10555
072355004090,Morscheid,,54317,Trier-Saarburg,Rheinland-Pfalz,49.732095,6.751078,865
066340015015,Morschen,,34326,Schwalm-Eder-Kreis,Hessen,51.067644,9.617532,3109
073335004047,Morschheim,,67294,Donnersbergkreis,Rheinland-Pfalz,49.697034,8.025694,749
071405009205,Morshausen,,56283,Rhein-Hunsrück-Kreis,Rheinland-Pfalz,50.192212,7.441884,328
082255005058,Mosbach,Stadt,74821,Neckar-Odenwald-Kreis,Baden-Württemberg,49.352037,9.146596,24459
072335004226,Mosbruch,,56767,Vulkaneifel,Rheinland-Pfalz,50.261402,6.939145,159
071435010049,Moschheim,,56424,Westerwaldkreis,Rheinland-Pfalz,50.478498,7.841315,762
071355001065,Moselkern,,56254,Cochem-Zell,Rheinland-Pfalz,50.191047,7.368823,576
064370012012,Mossautal,,64756,Odenwaldkreis,Hessen,49.644703,8.931026,2415
160755004068,Moßbach,,07907,Saale-Orla-Kreis,Thüringen,50.676033,11.81962,387
096720134134,Motten,,97786,Bad Kissingen,Bayern,50.398797,9.769753,1718
096729461461,Mottener Forst-Süd,,,Bad Kissingen,Bayern,50.354494,9.783898,0
160755013069,Moxa,,07381,Saale-Orla-Kreis,Thüringen,50.641371,11.629987,81
053820036036,Much,,53804,Rhein-Sieg-Kreis,Nordrhein-Westfalen,50.905488,7.407202,14561
010575775052,Mucheln,,24238,Plön,Schleswig-Holstein,54.246421,10.442687,581
130765657100,Muchow,,19300,Ludwigslust-Parchim,Mecklenburg-Vorpommern,53.313488,11.689672,274
082250060060,Mudau,,69427,Neckar-Odenwald-Kreis,Baden-Württemberg,49.532775,9.205835,4936
071435002267,Mudenbach,,57614,Westerwaldkreis,Rheinland-Pfalz,50.66828,7.733366,762
071325007072,Mudersbach,,57555,Altenkirchen (Westerwald),Rheinland-Pfalz,50.824709,7.943913,5894
071415011089,Mudershausen,,65623,Rhein-Lahn-Kreis,Rheinland-Pfalz,50.27893,8.040103,453
082165005033,Muggensturm,,76461,Rastatt,Baden-Württemberg,48.869678,8.276717,6103
095770114114,Muhr a.See,,91735,Weißenburg-Gunzenhausen,Bayern,49.155246,10.71106,2441
145220390390,Mulda/Sa.,,09619,Mittelsachsen,Sachsen,50.808848,13.407333,2358
145230245245,Muldenhammer,,08262,Vogtlandkreis,Sachsen,50.43572,12.46299,2806
150820241241,Muldestausee,,06774,Anhalt-Bitterfeld,Sachsen-Anhalt,51.624029,12.400587,11540
081265002056,Mulfingen,,74673,Hohenlohekreis,Baden-Württemberg,49.340479,9.801118,3604
081185001053,Mundelsheim,,74395,Ludwigsburg,Baden-Württemberg,49.001061,9.206537,3531
084255010081,Munderkingen,Stadt,89597,Alb-Donau-Kreis,Baden-Württemberg,48.236714,9.647663,5408
010595937145,Munkbrarup,,24960,Schleswig-Flensburg,Schleswig-Holstein,54.8032,9.561132,1189
097795721188,Munningen,,86754,Donau-Ries,Bayern,48.921702,10.602907,1723
033580016016,Munster,Stadt,29633,Heidekreis,Niedersachsen,52.986508,10.092879,15062
130755563094,Murchin,,17390,Vorpommern-Greifswald,Mecklenburg-Vorpommern,53.905543,13.74274,809
083375005076,Murg,,79730,Waldshut,Baden-Württemberg,47.55475,8.020644,6900
091800124124,Murnau a.Staffelsee,M,82418,Garmisch-Partenkirchen,Bayern,47.678768,11.200765,11994
081185007054,Murr,,71711,Ludwigsburg,Baden-Württemberg,48.962627,9.259995,6578
081190044044,Murrhardt,Stadt,71540,Rems-Murr-Kreis,Baden-Württemberg,48.980867,9.579648,14551
010535358093,Mustin,,23911,Herzogtum Lauenburg,Schleswig-Holstein,53.68453,10.886235,740
130765664101,Mustin,,19406,Ludwigslust-Parchim,Mecklenburg-Vorpommern,53.696025,11.973846,333
072315008091,Musweiler,,54534,Bernkastel-Wittlich,Rheinland-Pfalz,50.010317,6.800523,45
081365008044,Mutlangen,,73557,Ostalbkreis,Baden-Württemberg,48.823598,9.797933,6786
071405008099,Mutterschied,,55469,Rhein-Hunsrück-Kreis,Rheinland-Pfalz,49.981531,7.568114,469
073380019019,Mutterstadt,,67112,Rhein-Pfalz-Kreis,Rheinland-Pfalz,49.442195,8.354887,13403
072325005084,Muxerath,,54673,Eifelkreis Bitburg-Prüm,Rheinland-Pfalz,49.992034,6.269964,39
071435008502,Mähren,,56459,Westerwaldkreis,Rheinland-Pfalz,50.523213,7.92117,216
093770139139,Mähring,M,95695,Tirschenreuth,Bayern,49.90885,12.528601,1785
120615108328,Märkisch Buchholz,Stadt,15748,Dahme-Spreewald,Brandenburg,52.109763,13.761856,849
120685807306,Märkisch Linden,,16818,Ostprignitz-Ruppin,Brandenburg,52.918014,12.708379,1207
120635306186,Märkisch Luch,,14715,Havelland,Brandenburg,52.566196,12.558619,1372
120610329329,Märkische Heide/Markojska Góla,,15913,Dahme-Spreewald,Brandenburg,52.038253,14.037763,3757
120645408303,Märkische Höhe,,15377,Märkisch-Oderland,Brandenburg,52.611019,14.112168,603
150860140140,Möckern,Stadt,39291,Jerichower Land,Sachsen-Anhalt,52.139752,11.952694,12591
160745050058,Möckern,,07646,Saale-Holzland-Kreis,Thüringen,50.853998,11.774454,106
081255007063,Möckmühl,Stadt,74219,Heilbronn,Baden-Württemberg,49.323117,9.359823,8680
097735715147,Mödingen,,89426,Dillingen a.d.Donau,Bayern,48.644493,10.430915,1398
081365006043,Mögglingen,,73563,Ostalbkreis,Baden-Württemberg,48.82339,9.962526,4317
081180051051,Möglingen,,71696,Ludwigsburg,Baden-Württemberg,48.887185,9.126384,10784
059740032032,Möhnesee,,59519,Soest,Nordrhein-Westfalen,51.497716,8.131657,11274
010535373089,Möhnsen,,21493,Herzogtum Lauenburg,Schleswig-Holstein,53.559974,10.469197,539
095720142142,Möhrendorf,,91096,Erlangen-Höchstadt,Bayern,49.639461,11.000309,4712
130715156100,Möllenbeck,,17237,Mecklenburgische Seenplatte,Mecklenburg-Vorpommern,53.390227,13.34296,765
130765657098,Möllenbeck,,19300,Ludwigslust-Parchim,Mecklenburg-Vorpommern,53.285219,11.738619,191
130715158101,Möllenhagen,,17219,Mecklenburgische Seenplatte,Mecklenburg-Vorpommern,53.522883,12.924593,1608
010530090090,Mölln,Stadt,23879,Herzogtum Lauenburg,Schleswig-Holstein,53.629521,10.691022,19627
130715162102,Mölln,,17091,Mecklenburgische Seenplatte,Mecklenburg-Vorpommern,53.590153,13.084726,497
130755561092,Mölschow,,17449,Vorpommern-Greifswald,Mecklenburg-Vorpommern,54.078161,13.833997,691
073315003046,Mölsheim,,67591,Alzey-Worms,Rheinland-Pfalz,49.647101,8.170733,557
096710143143,Mömbris,M,63776,Aschaffenburg,Bayern,50.068869,9.16584,11202
096760140140,Mömlingen,,63853,Miltenberg,Bayern,49.858373,9.083711,4774
096765631141,Mönchberg,M,63933,Miltenberg,Bayern,49.792408,9.266743,2500
051160000000,Mönchengladbach,Stadt,41061,Mönchengladbach,Nordrhein-Westfalen,51.194473,6.43161,267213
130735357107,Mönchgut,Ostseebad,18586,Vorpommern-Rügen,Mecklenburg-Vorpommern,54.330057,13.704918,1276
130725260072,Mönchhagen,,18182,Landkreis Rostock,Mecklenburg-Vorpommern,54.147623,12.226247,1290
160655055046,Mönchpfiffel-Nikolausrieth,,06556,Kyffhäuserkreis,Thüringen,51.378693,11.372684,284
097795722184,Mönchsdeggingen,,86751,Donau-Ries,Bayern,48.774266,10.57975,1443
095715508179,Mönchsroth,,91614,Ansbach,Bayern,49.020359,10.361003,1653
083265004037,Mönchweiler,,78087,Schwarzwald-Baar-Kreis,Baden-Württemberg,48.101001,8.429216,2766
010575782051,Mönkeberg,,24248,Plön,Schleswig-Holstein,54.348118,10.187105,4025
130755552093,Mönkebude,,17375,Vorpommern-Greifswald,Mecklenburg-Vorpommern,53.766944,13.962886,723
010625244048,Mönkhagen,,23619,Stormarn,Schleswig-Holstein,53.901066,10.560928,647
010605005056,Mönkloh,,24576,Segeberg,Schleswig-Holstein,53.888087,9.787844,247
082365001039,Mönsheim,,71297,Enzkreis,Baden-Württemberg,48.864021,8.863818,2924
071355002062,Möntenich,,56754,Cochem-Zell,Rheinland-Pfalz,50.221916,7.300645,109
010585895106,Mörel,,24594,Rendsburg-Eckernförde,Schleswig-Holstein,54.113809,9.728528,258
064330008008,Mörfelden-Walldorf,Stadt,64546,Groß-Gerau,Hessen,49.975563,8.567855,31638
071435001264,Mörlen,,57583,Westerwaldkreis,Rheinland-Pfalz,50.697504,7.883815,542
064310017017,Mörlenbach,,69509,Bergstraße,Hessen,49.597539,8.737691,10245
091760148148,Mörnsheim,M,91804,Eichstätt,Bayern,48.869692,11.008117,1569
071435002265,Mörsbach,,57629,Westerwaldkreis,Rheinland-Pfalz,50.723284,7.778147,399
071405008096,Mörschbach,,55494,Rhein-Hunsrück-Kreis,Rheinland-Pfalz,50.011298,7.62342,324
071345005056,Mörschied,,55758,Birkenfeld,Rheinland-Pfalz,49.789117,7.306744,735
071405003503,Mörsdorf,,56290,Rhein-Hunsrück-Kreis,Rheinland-Pfalz,50.102787,7.344371,620
160745014059,Mörsdorf,,07646,Saale-Holzland-Kreis,Thüringen,50.871171,11.80095,558
073335004046,Mörsfeld,,67808,Donnersbergkreis,Rheinland-Pfalz,49.744122,7.935081,461
073315003047,Mörstadt,,67591,Alzey-Worms,Rheinland-Pfalz,49.661712,8.254616,1036
150860145145,Möser,,39291,Jerichower Land,Sachsen-Anhalt,52.21832,11.790495,8386
084165002025,Mössingen,Stadt,72116,Tübingen,Baden-Württemberg,48.405779,9.057746,21751
097790185185,Möttingen,,86753,Donau-Ries,Bayern,48.809073,10.591308,2683
093755338171,Mötzing,,93099,Regensburg,Bayern,48.894211,12.374438,1408
081155005034,Mötzingen,,71159,Böblingen,Baden-Württemberg,48.535282,8.773708,3719
010605053057,Mözen,,23795,Segeberg,Schleswig-Holstein,53.91095,10.258366,457
150880235235,Mücheln (Geiseltal),Stadt,06249,Saalekreis,Sachsen-Anhalt,51.300764,11.807061,8185
146265502320,Mücka / Mikow,,02906,Görlitz,Sachsen,51.317135,14.701532,960
065350013013,Mücke,,35325,Vogelsbergkreis,Hessen,50.624727,9.026362,9267
072335001046,Mückeln,,54558,Vulkaneifel,Rheinland-Pfalz,50.087811,6.925872,226
031515405018,Müden (Aller),,38539,Gifhorn,Niedersachsen,52.525594,10.362484,5216
071355001066,Müden (Mosel),,56254,Cochem-Zell,Rheinland-Pfalz,50.18695,7.338027,639
147300200200,Mügeln,Stadt,04769,Nordsachsen,Sachsen,51.236779,13.046003,5505
146285209250,Müglitztal,,01809,Sächsische Schweiz-Osterzgebirge,Sachsen,50.934367,13.862512,1900
010585889108,Mühbrook,,24582,Rendsburg-Eckernförde,Schleswig-Holstein,54.157143,10.010108,521
130725255073,Mühl Rosin,,18276,Landkreis Rostock,Mecklenburg-Vorpommern,53.760638,12.207027,1125
082365004040,Mühlacker,Stadt,75417,Enzkreis,Baden-Württemberg,48.945605,8.8419,26787
145225102380,Mühlau,,09241,Mittelsachsen,Sachsen,50.900744,12.759914,2094
120625031341,Mühlberg/Elbe,Stadt,04931,Elbe-Elster,Brandenburg,51.434662,13.220314,3309
091830128128,Mühldorf a.Inn,St,84453,Mühldorf a.Inn,Bayern,48.241864,12.524963,22503
091839451451,Mühldorfer Hart,,,Mühldorf a.Inn,Bayern,48.223334,12.432375,0
130745452054,Mühlen Eichsen,,19205,Nordwestmecklenburg,Mecklenburg-Vorpommern,53.758514,11.251535,946
083175004078,Mühlenbach,,77796,Ortenaukreis,Baden-Württemberg,48.253642,8.111663,1629
010615189071,Mühlenbarbek,,25548,Steinburg,Schleswig-Holstein,53.958662,9.668168,256
120650225225,Mühlenbecker Land,,16567,Oberhavel,Brandenburg,52.665367,13.378858,15177
120635302202,Mühlenberge,,14662,Havelland,Brandenburg,52.672338,12.640341,765
120695910402,Mühlenfließ,,14823,Potsdam-Mittelmark,Brandenburg,52.145867,12.844257,905
010535373091,Mühlenrade,,21493,Herzogtum Lauenburg,Schleswig-Holstein,53.595838,10.48775,215
145235131230,Mühlental,,08626,Vogtlandkreis,Sachsen,50.37198,12.266965,1165
082265006054,Mühlhausen,,69242,Rhein-Neckar-Kreis,Baden-Württemberg,49.248138,8.726913,8753
093730146146,Mühlhausen,,92360,Neumarkt i.d.OPf.,Bayern,49.168994,11.445577,5251
095725510143,Mühlhausen,M,96172,Erlangen-Höchstadt,Bayern,49.753344,10.775829,1845
081175007035,Mühlhausen im Täle,,73347,Göppingen,Baden-Württemberg,48.577165,9.654452,1072
083355001097,Mühlhausen-Ehingen,,78259,Konstanz,Baden-Württemberg,47.810044,8.810044,4054
160640046046,Mühlhausen/Thüringen,Stadt,99974,Unstrut-Hainich-Kreis,Thüringen,51.209777,10.458418,36353
064380008008,Mühlheim am Main,Stadt,63165,Offenbach,Hessen,50.122715,8.835525,29194
083275001036,Mühlheim an der Donau,Stadt,78570,Tuttlingen,Baden-Württemberg,48.023075,8.888573,3649
083355006057,Mühlingen,,78357,Konstanz,Baden-Württemberg,47.912992,9.017365,2720
071405009098,Mühlpfad,,56291,Rhein-Hunsrück-Kreis,Rheinland-Pfalz,50.121594,7.554004,64
064320014014,Mühltal,,64367,Darmstadt-Dieburg,Hessen,49.824604,8.702081,13951
072325008083,Mülbach,,54636,Eifelkreis Bitburg-Prüm,Rheinland-Pfalz,49.967824,6.404026,115
072315001090,Mülheim an der Mosel,,54486,Bernkastel-Wittlich,Rheinland-Pfalz,49.911066,7.007224,934
051170000000,Mülheim an der Ruhr,Stadt,45468,Mülheim an der Ruhr,Nordrhein-Westfalen,51.428107,6.88505,173050
071375008216,Mülheim-Kärlich,Stadt,56218,Mayen-Koblenz,Rheinland-Pfalz,50.38682,7.497417,11159
071315001051,Müllenbach,,53520,Ahrweiler,Rheinland-Pfalz,50.319944,6.912793,502
071355002067,Müllenbach,,56761,Cochem-Zell,Rheinland-Pfalz,50.221236,7.063283,669
083155012074,Müllheim im Markgräflerland,Stadt,79379,Breisgau-Hochschwarzwald,Baden-Württemberg,47.808248,7.630871,20097
120675708336,Müllrose,Stadt,15299,Oder-Spree,Brandenburg,52.245406,14.414235,4622
145240200200,Mülsen,,08132,Zwickau,Sachsen,50.731455,12.581262,10613
094750154154,Münchberg,St,95213,Hof,Bayern,50.191739,11.789822,9969
120640317317,Müncheberg,Stadt,15374,Märkisch-Oderland,Brandenburg,52.503279,14.140462,6831
120615108344,Münchehofe,,15748,Dahme-Spreewald,Brandenburg,52.147148,13.836398,428
091620000000,München,Landeshauptstadt,80313,München,Bayern,48.137683,11.575997,1505005
160765006049,Münchenbernsdorf,Stadt,07589,Greiz,Thüringen,50.820097,11.932139,2842
065340015015,Münchhausen,,35117,Marburg-Biedenkopf,Hessen,50.960477,8.716153,3243
091860139139,Münchsmünster,,85126,Pfaffenhofen a.d.Ilm,Bayern,48.764773,11.69025,3235
095755521150,Münchsteinach,,91481,Neustadt a.d.Aisch-Bad Windsheim,Bayern,49.638754,10.595943,1448
071335006068,Münchwald,,55595,Bad Kreuznach,Rheinland-Pfalz,49.89729,7.67514,290
073375001054,Münchweiler am Klingbach,,76857,Südliche Weinstraße,Rheinland-Pfalz,49.148323,7.96658,199
073335006048,Münchweiler an der Alsenz,,67728,Donnersbergkreis,Rheinland-Pfalz,49.550619,7.884288,1183
073405004032,Münchweiler an der Rodalb,,66981,Südwestpfalz,Rheinland-Pfalz,49.218848,7.702467,2739
071435002268,Mündersbach,,56271,Westerwaldkreis,Rheinland-Pfalz,50.605346,7.732788,781
071375003077,Münk,,56729,Mayen-Koblenz,Rheinland-Pfalz,50.30676,7.040806,257
096720135135,Münnerstadt,St,97702,Bad Kissingen,Bayern,50.248726,10.195481,7577
091730137137,Münsing,,82541,Bad Tölz-Wolfratshausen,Bayern,47.902692,11.368916,4373
084155003053,Münsingen,Stadt,72525,Reutlingen,Baden-Württemberg,48.411369,9.494863,14772
055150000000,Münster,Stadt,48143,Münster,Nordrhein-Westfalen,51.961908,7.626804,308258
097795725187,Münster,,86692,Donau-Ries,Bayern,48.623205,10.906217,1228
064320015015,Münster (Hessen),,64839,Darmstadt-Dieburg,Hessen,49.925685,8.859343,14813
073395001038,Münster-Sarmsheim,,55424,Mainz-Bingen,Rheinland-Pfalz,49.944635,7.894732,2989
073335007049,Münsterappel,,67822,Donnersbergkreis,Rheinland-Pfalz,49.734924,7.876047,477
010615104072,Münsterdorf,,25587,Steinburg,Schleswig-Holstein,53.903684,9.540644,1822
097745732160,Münsterhausen,M,86505,Günzburg,Bayern,48.308592,10.455458,2019
071375002501,Münstermaifeld,Stadt,56294,Mayen-Koblenz,Rheinland-Pfalz,50.2474,7.361118,3394
083155016130,Münstertal/Schwarzwald,,79244,Breisgau-Hochschwarzwald,Baden-Württemberg,47.854495,7.784148,5043
064400015015,Münzenberg,Stadt,35516,Wetteraukreis,Hessen,50.45595,8.777495,5663
072335006227,Mürlenbach,,54570,Vulkaneifel,Rheinland-Pfalz,50.150551,6.599024,490
071315001052,Müsch,,53533,Ahrweiler,Rheinland-Pfalz,50.385906,6.828204,165
071435002269,Müschenbach,,57629,Westerwaldkreis,Rheinland-Pfalz,50.679895,7.78504,959
010535318092,Müssen,,21516,Herzogtum Lauenburg,Schleswig-Holstein,53.494346,10.562546,1237
072325006271,Mützenich,,54608,Eifelkreis Bitburg-Prüm,Rheinland-Pfalz,50.253378,6.260305,112
093765341144,Nabburg,St,92507,Schwandorf,Bayern,49.451719,12.179641,6276
059620044044,Nachrodt-Wiblingwerde,,58769,Märkischer Kreis,Nordrhein-Westfalen,51.336185,7.63618,6159
071375003079,Nachtsheim,,56729,Mayen-Koblenz,Rheinland-Pfalz,50.318131,7.063098,554
073315001050,Nack,,55234,Alzey-Worms,Rheinland-Pfalz,49.746998,8.002122,575
073395002039,Nackenheim,,55299,Mainz-Bingen,Rheinland-Pfalz,49.916661,8.342085,5358
130755556095,Nadrensee,,17329,Vorpommern-Greifswald,Mecklenburg-Vorpommern,53.332535,14.348661,367
094795444138,Nagel,,95697,Wunsiedel i.Fichtelgebirge,Bayern,49.977629,11.919349,1655
082355007046,Nagold,Stadt,72202,Calw,Baden-Württemberg,48.550906,8.723706,23864
010605034058,Nahe,,23866,Segeberg,Schleswig-Holstein,53.795307,10.134557,2522
033555403025,Nahrendorf,,21369,Lüneburg,Niedersachsen,53.174123,10.814655,1101
094750156156,Naila,St,95119,Hof,Bayern,50.330343,11.706881,7482
100440113113,Nalbach,,66809,Saarlouis,Saarland,49.379009,6.788315,9251
100460113113,Namborn,,66640,St. Wendel,Saarland,49.521212,7.140686,7096
091780144144,Nandlstadt,M,85405,Freising,Bayern,48.537446,11.805491,5635
071405008100,Nannhausen,,55469,Rhein-Hunsrück-Kreis,Rheinland-Pfalz,49.974856,7.477895,620
073365009064,Nanzdietschweiler,,66909,Kusel,Rheinland-Pfalz,49.445076,7.444893,1106
072325005085,Nasingen,,54673,Eifelkreis Bitburg-Prüm,Rheinland-Pfalz,49.97854,6.260995,48
071415010091,Nassau,Stadt,56377,Rhein-Lahn-Kreis,Rheinland-Pfalz,50.314326,7.798748,4840
091765118149,Nassenfels,M,85128,Eichstätt,Bayern,48.79765,11.227571,2348
071415007092,Nastätten,Stadt,56355,Rhein-Lahn-Kreis,Rheinland-Pfalz,50.199698,7.857209,4588
033605407014,Natendorf,,29587,Uelzen,Niedersachsen,53.079751,10.470696,671
072325008086,Nattenheim,,54636,Eifelkreis Bitburg-Prüm,Rheinland-Pfalz,50.019761,6.518152,576
081355002026,Nattheim,,89564,Heidenheim,Baden-Württemberg,48.699582,10.241784,6555
120630208208,Nauen,Stadt,14641,Havelland,Brandenburg,52.607013,12.876378,19679
160715007059,Nauendorf,,99448,Weimarer Land,Thüringen,50.89344,11.179058,309
064330009009,Nauheim,,64569,Groß-Gerau,Hessen,49.945337,8.452237,10496
066330018018,Naumburg,Stadt,34311,Kassel,Hessen,51.247294,9.164889,4935
150840355355,Naumburg (Saale),Stadt,06618,Burgenlandkreis,Sachsen-Anhalt,51.152814,11.809386,31940
147300210210,Naundorf,,04769,Nordsachsen,Sachsen,51.257096,13.106636,2179
071375002080,Naunheim,,56753,Mayen-Koblenz,Rheinland-Pfalz,50.253536,7.318767,453
147295307300,Naunhof,Stadt,04683,Leipzig,Sachsen,51.278107,12.587583,8776
071435005050,Nauort,,56237,Westerwaldkreis,Rheinland-Pfalz,50.466149,7.624192,2348
072355006091,Naurath (Eifel),,54340,Trier-Saarburg,Rheinland-Pfalz,49.881865,6.748959,344
072355001092,Naurath (Wald),,54426,Trier-Saarburg,Rheinland-Pfalz,49.759163,6.881085,245
071325009073,Nauroth,,57583,Altenkirchen (Westerwald),Rheinland-Pfalz,50.700359,7.876722,1228
160745051061,Nausnitz,,07616,Saale-Holzland-Kreis,Thüringen,50.941547,11.73105,84
160635006058,Nazza,,99826,Wartburgkreis,Thüringen,51.114666,10.337202,531
010545488085,Nebel,,25946,Nordfriesland,Schleswig-Holstein,54.650612,8.353658,914
146255501350,Nebelschütz / Njebjelčicy,,01920,Bautzen,Sachsen,51.263233,14.158044,1183
150845053360,Nebra (Unstrut),Stadt,06642,Burgenlandkreis,Sachsen-Anhalt,51.288914,11.577753,2937
082265009055,Neckarbischofsheim,Stadt,74924,Rhein-Neckar-Kreis,Baden-Württemberg,49.294478,8.960914,4195
082265005056,Neckargemünd,Stadt,69151,Rhein-Neckar-Kreis,Baden-Württemberg,49.394478,8.7973,13335
082255006064,Neckargerach,,69437,Neckar-Odenwald-Kreis,Baden-Württemberg,49.400962,9.070811,2266
064310018018,Neckarsteinach,Stadt,69239,Bergstraße,Hessen,49.40797,8.839114,3828
081255008065,Neckarsulm,Stadt,74172,Heilbronn,Baden-Württemberg,49.190147,9.223944,26431
081165003041,Neckartailfingen,,72666,Esslingen,Baden-Württemberg,48.611753,9.262931,3841
081165003042,Neckartenzlingen,,72654,Esslingen,Baden-Württemberg,48.590722,9.233903,6223
081255006066,Neckarwestheim,,74382,Heilbronn,Baden-Württemberg,49.047055,9.193304,4059
082255005067,Neckarzimmern,,74865,Neckar-Odenwald-Kreis,Baden-Württemberg,49.318459,9.133187,1407
130715157104,Neddemin,,17039,Mecklenburgische Seenplatte,Mecklenburg-Vorpommern,53.651013,13.279592,340
071355005068,Neef,,56858,Cochem-Zell,Rheinland-Pfalz,50.091002,7.137711,403
084255008083,Neenstetten,,89189,Alb-Donau-Kreis,Baden-Württemberg,48.545493,10.021476,827
033555406026,Neetze,,21398,Lüneburg,Niedersachsen,53.26555,10.624248,2831
130715164105,Neetzka,,17349,Mecklenburgische Seenplatte,Mecklenburg-Vorpommern,53.529242,13.506004,227
130755553155,Neetzow-Liepen,,17391,Vorpommern-Greifswald,Mecklenburg-Vorpommern,53.881912,13.406568,791
032555401030,Negenborn,,37643,Holzminden,Niedersachsen,51.890628,9.567476,688
010585889109,Negenharrie,,24625,Rendsburg-Eckernförde,Schleswig-Holstein,54.143594,10.075273,361
010605086059,Negernbötel,,23795,Segeberg,Schleswig-Holstein,53.982902,10.248764,991
010605086060,Nehms,,23813,Segeberg,Schleswig-Holstein,54.021025,10.352354,544
010575739053,Nehmten,,24326,Plön,Schleswig-Holstein,54.094848,10.393262,294
071355001069,Nehren,,56820,Cochem-Zell,Rheinland-Pfalz,50.081512,7.194274,110
084165001026,Nehren,,72147,Tübingen,Baden-Württemberg,48.431274,9.069494,4390
072335004048,Neichen,,54552,Vulkaneifel,Rheinland-Pfalz,50.261146,6.870673,137
072325008087,Neidenbach,,54657,Eifelkreis Bitburg-Prüm,Rheinland-Pfalz,50.092243,6.551961,846
073325005037,Neidenfels,,67468,Bad Dürkheim,Rheinland-Pfalz,49.388533,8.046029,802
082265009058,Neidenstein,,74933,Rhein-Neckar-Kreis,Baden-Württemberg,49.317522,8.887375,1769
081165008043,Neidlingen,,73272,Esslingen,Baden-Württemberg,48.579286,9.563641,1707
120715102294,Neiße-Malxetal/Dolina Nysa-Małksa,,03159,Spree-Neiße,Brandenburg,51.638124,14.59935,1530
146265503330,Neißeaue,,02829,Görlitz,Sachsen,51.243849,14.9692,1603
120675705338,Neißemünde,,15898,Oder-Spree,Brandenburg,52.064489,14.699259,1587
071325010502,Neitersen,,57638,Altenkirchen (Westerwald),Rheinland-Pfalz,50.667456,7.584234,1077
084255007084,Nellingen,,89191,Alb-Donau-Kreis,Baden-Württemberg,48.541984,9.791311,2047
150885051250,Nemsdorf-Göhrendorf,,06268,Saalekreis,Sachsen-Anhalt,51.36285,11.659873,807
034625402009,Nenndorf,,26556,Wittmund,Niedersachsen,53.590137,7.434157,760
120635306212,Nennhausen,,14715,Havelland,Brandenburg,52.603483,12.505222,1768
095775535151,Nennslingen,M,91790,Weißenburg-Gunzenhausen,Bayern,49.046734,11.131541,1437
066320013013,Nentershausen,,36214,Hersfeld-Rotenburg,Hessen,51.013774,9.933261,2366
071435004051,Nentershausen,,56412,Westerwaldkreis,Rheinland-Pfalz,50.420064,7.935247,2079
072335001049,Nerdlen,,54552,Vulkaneifel,Rheinland-Pfalz,50.235554,6.859639,257
084255008085,Nerenstetten,,89129,Alb-Donau-Kreis,Baden-Württemberg,48.529959,10.099582,379
081360045045,Neresheim,Stadt,73450,Ostalbkreis,Baden-Württemberg,48.752577,10.336826,7954
010625207050,Neritz,,23843,Stormarn,Schleswig-Holstein,53.787753,10.29061,334
072335006050,Neroth,,54570,Vulkaneifel,Rheinland-Pfalz,50.195862,6.74611,815
097750134134,Nersingen,,89278,Neu-Ulm,Bayern,48.428565,10.123851,9827
073365008065,Nerzweiler,,67749,Kusel,Rheinland-Pfalz,49.604397,7.55447,107
146255223360,Neschwitz / Njeswačidło,,02699,Bautzen,Sachsen,51.270679,14.329203,2332
160670087087,Nesse-Apfelstädt,,99192,Gotha,Thüringen,50.912628,10.913588,6021
097770153153,Nesselwang,M,87484,Ostallgäu,Bayern,47.621926,10.500066,3789
160675053091,Nessetal,,99869,Gotha,Thüringen,50.99227,10.65936,7938
059700032032,Netphen,Stadt,57250,Siegen-Wittgenstein,Nordrhein-Westfalen,50.915322,8.098414,23080
010575747054,Nettelsee,,24250,Plön,Schleswig-Holstein,54.174112,10.189086,442
053660032032,Nettersheim,,53947,Euskirchen,Nordrhein-Westfalen,50.491983,6.627903,8902
051660016016,Nettetal,Stadt,41334,Viersen,Nordrhein-Westfalen,51.30812,6.275553,41955
071415011093,Netzbach,,65623,Rhein-Lahn-Kreis,Rheinland-Pfalz,50.316328,8.092607,361
145235120260,Netzschkau,Stadt,08491,Vogtlandkreis,Sachsen,50.612902,12.248243,3615
130755557097,Neu Boltenhagen,,17509,Vorpommern-Greifswald,Mecklenburg-Vorpommern,54.065439,13.610231,566
033545406019,Neu Darchau,,29490,Lüchow-Dannenberg,Niedersachsen,53.227889,10.884199,1288
010585890111,Neu Duvenstedt,,24794,Rendsburg-Eckernförde,Schleswig-Holstein,54.355476,9.697639,110
130765652102,Neu Gülze,,19258,Ludwigslust-Parchim,Mecklenburg-Vorpommern,53.381682,10.787932,818
130765654103,Neu Kaliß,,19294,Ludwigslust-Parchim,Mecklenburg-Vorpommern,53.171501,11.292486,1870
130755553098,Neu Kosenow,,17398,Vorpommern-Greifswald,Mecklenburg-Vorpommern,53.791434,13.755412,459
130765656104,Neu Poserin,,19399,Ludwigslust-Parchim,Mecklenburg-Vorpommern,53.552451,12.165439,497
033530026026,Neu Wulmstorf,,21629,Harburg,Niedersachsen,53.462891,9.79559,23550
120615113352,Neu Zauche/Nowa Niwa,,15913,Dahme-Spreewald,Brandenburg,51.92858,14.090753,1036
064340007007,Neu-Anspach,Stadt,61267,Hochtaunuskreis,Hessen,50.291757,8.506889,14342
071335001069,Neu-Bamberg,,55546,Bad Kreuznach,Rheinland-Pfalz,49.797087,7.921698,962
066360009009,Neu-Eichenberg,,37249,Werra-Meißner-Kreis,Hessen,51.389849,9.913586,1732
064380009009,Neu-Isenburg,Hugenotten- und Waldenserstadt,63263,Offenbach,Hessen,50.054636,8.6953,37926
120665601226,Neu-Seeland/Nowa Jazorina,,03103,Oberspreewald-Lausitz,Brandenburg,51.57861,14.111179,546
097750135135,Neu-Ulm,GKSt,89210,Neu-Ulm,Bayern,48.392999,9.998683,62641
094729463463,Neubauer Forst-Nord,,,Bayreuth,Bayern,50.034138,11.849671,0
094799457457,Neubauer Forst-Süd,,,Wunsiedel i.Fichtelgebirge,Bayern,50.025015,11.868277,0
010595987062,Neuberend,,24879,Schleswig-Flensburg,Schleswig-Holstein,54.555352,9.52511,1144
064350020020,Neuberg,,63543,Main-Kinzig-Kreis,Hessen,50.18774,8.996444,5296
091870154154,Neubeuern,M,83115,Rosenheim,Bayern,47.773817,12.139859,4131
091840146146,Neubiberg,,85579,München,Bayern,48.074726,11.677118,14329
130710107107,Neubrandenburg,Vier-Tore-Stadt,17033,Mecklenburgische Seenplatte,Mecklenburg-Vorpommern,53.557345,13.25996,60344
096790164164,Neubrunn,M,97277,Würzburg,Bayern,49.730953,9.672206,2275
160665014045,Neubrunn,,98617,Schmalkalden-Meiningen,Thüringen,50.498995,10.469248,522
130720074074,Neubukow,Schliemannstadt,18233,Landkreis Rostock,Mecklenburg-Vorpommern,54.032344,11.673184,3969
082355005047,Neubulach,Stadt,75387,Calw,Baden-Württemberg,48.661372,8.692017,5713
130745456056,Neuburg,,23974,Nordwestmecklenburg,Mecklenburg-Vorpommern,53.94824,11.586495,2166
091850149149,Neuburg a.d.Donau,GKSt,86633,Neuburg-Schrobenhausen,Bayern,48.736677,11.177543,30135
097740162162,Neuburg a.d.Kammel,M,86476,Günzburg,Bayern,48.304251,10.360202,3260
092750133133,Neuburg a.Inn,,94127,Passau,Bayern,48.510825,13.441854,4496
073345002021,Neuburg am Rhein,,76776,Germersheim,Rheinland-Pfalz,48.986655,8.251735,2529
034545401037,Neubörger,,26909,Emsland,Niedersachsen,52.955288,7.449731,1594
091775124131,Neuching,,85467,Erding,Bayern,48.241717,11.854383,2789
081250068068,Neudenau,Stadt,74861,Heilbronn,Baden-Württemberg,49.292642,9.270659,5643
010585824110,Neudorf-Bornstein,,24214,Rendsburg-Eckernförde,Schleswig-Holstein,54.435719,9.942553,1110
094770142142,Neudrossenfeld,,95512,Kulmbach,Bayern,50.015475,11.502495,3774
010615153073,Neuenbrook,,25578,Steinburg,Schleswig-Holstein,53.861734,9.532922,711
083150076076,Neuenburg am Rhein,Stadt,79395,Breisgau-Hochschwarzwald,Baden-Württemberg,47.813974,7.559796,12690
082365005043,Neuenbürg,Stadt,75305,Enzkreis,Baden-Württemberg,48.848189,8.589759,8162
010565690037,Neuendeich,,25436,Pinneberg,Schleswig-Holstein,53.676281,9.600258,514
095710180180,Neuendettelsau,,91564,Ansbach,Bayern,49.284493,10.788624,8138
072325006272,Neuendorf,,54597,Eifelkreis Bitburg-Prüm,Rheinland-Pfalz,50.281194,6.458489,100
096775624164,Neuendorf,,97788,Main-Spessart,Bayern,50.036072,9.645834,807
010615134074,Neuendorf b. Elmshorn,,25335,Steinburg,Schleswig-Holstein,53.737583,9.562834,799
010615179119,Neuendorf-Sachsenbande,,25554,Steinburg,Schleswig-Holstein,53.961336,9.327107,421
160745015063,Neuengönna,,07778,Saale-Holzland-Kreis,Thüringen,50.987197,11.649172,658
010605086061,Neuengörs,,23818,Segeberg,Schleswig-Holstein,53.899116,10.384085,790
120640336336,Neuenhagen bei Berlin,,15366,Märkisch-Oderland,Brandenburg,52.529791,13.688932,19225
034565402014,Neuenhaus,Stadt,49828,Grafschaft Bentheim,Niedersachsen,52.498188,6.966389,10890
010515172075,Neuenkirchen,,25792,Dithmarschen,Schleswig-Holstein,54.235602,8.987884,937
032515406028,Neuenkirchen,,27251,Diepholz,Niedersachsen,52.774432,8.748262,1196
033525411038,Neuenkirchen,,21763,Cuxhaven,Niedersachsen,53.777163,8.893851,1326
033580017017,Neuenkirchen,,29643,Heidekreis,Niedersachsen,53.032983,9.704085,5365
033595406033,Neuenkirchen,,21640,Stade,Niedersachsen,53.527407,9.60691,873
034595404027,Neuenkirchen,,49586,Osnabrück,Niedersachsen,52.41908,7.83787,4640
055660060060,Neuenkirchen,,48485,Steinfurt,Nordrhein-Westfalen,52.243608,7.373611,13915
130715157108,Neuenkirchen,,17039,Mecklenburgische Seenplatte,Mecklenburg-Vorpommern,53.597509,13.370182,1116
130735362059,Neuenkirchen,,18569,Vorpommern-Rügen,Mecklenburg-Vorpommern,54.54362,13.330814,272
130755553101,Neuenkirchen,,17392,Vorpommern-Greifswald,Mecklenburg-Vorpommern,53.800528,13.568927,216
130755555102,Neuenkirchen,,17498,Vorpommern-Greifswald,Mecklenburg-Vorpommern,54.118409,13.375918,2340
034600007007,Neuenkirchen-Vörden,,49434,Vechta,Niedersachsen,52.509539,8.068681,8858
094770143143,Neuenmarkt,,95339,Kulmbach,Bayern,50.090716,11.579601,2957
059620048048,Neuenrade,Stadt,58809,Märkischer Kreis,Nordrhein-Westfalen,51.281925,7.77967,11621
145235134270,Neuensalz,,08541,Vogtlandkreis,Sachsen,50.505274,12.22396,2041
094789453453,Neuensorger Forst,,,Lichtenfels,Bayern,50.195129,11.101839,0
081255009069,Neuenstadt am Kocher,Stadt,74196,Heilbronn,Baden-Württemberg,49.237185,9.330987,10249
066320014014,Neuenstein,,36286,Hersfeld-Rotenburg,Hessen,50.917119,9.570654,2981
081265001058,Neuenstein,Stadt,74632,Hohenlohekreis,Baden-Württemberg,49.205319,9.582072,6618
066340016016,Neuental,,34599,Schwalm-Eder-Kreis,Hessen,51.007126,9.227558,3018
072325005088,Neuerburg,Stadt,54673,Eifelkreis Bitburg-Prüm,Rheinland-Pfalz,50.011631,6.294783,1344
071405008101,Neuerkirch,,55471,Rhein-Hunsrück-Kreis,Rheinland-Pfalz,50.014427,7.491697,334
091780145145,Neufahrn b.Freising,,85371,Freising,Bayern,48.316081,11.66279,21061
092740153153,Neufahrn i.NB,,84088,Landshut,Bayern,48.734712,12.188868,4263
010515166076,Neufeld,,25724,Dithmarschen,Schleswig-Holstein,53.907495,9.017576,581
010515166077,Neufelderkoog,,25724,Dithmarschen,Schleswig-Holstein,53.906958,8.968827,101
081165004046,Neuffen,Stadt,72639,Esslingen,Baden-Württemberg,48.555671,9.37432,6104
084375001082,Neufra,,72419,Sigmaringen,Baden-Württemberg,48.247237,9.186088,1899
092745227154,Neufraunhofen,,84181,Landshut,Bayern,48.391785,12.213536,1052
120645412340,Neuhardenberg,,15320,Märkisch-Oderland,Brandenburg,52.596345,14.237179,2504
034625401010,Neuharlingersiel,,26427,Wittmund,Niedersachsen,53.69927,7.704394,949
033525411039,Neuhaus (Oste),Flecken,21785,Cuxhaven,Niedersachsen,53.802219,9.036629,1069
095740140140,Neuhaus a.d.Pegnitz,M,91284,Nürnberger Land,Bayern,49.629382,11.548709,2676
092750134134,Neuhaus a.Inn,,94152,Passau,Bayern,48.461247,13.420445,3419
160725051013,Neuhaus am Rennweg,Stadt,98724,Sonneberg,Thüringen,50.509728,11.138519,8468
082365007044,Neuhausen,,75242,Enzkreis,Baden-Württemberg,48.792915,8.778275,5095
081160047047,Neuhausen auf den Fildern,,73765,Esslingen,Baden-Württemberg,48.684669,9.278797,12506
083275006038,Neuhausen ob Eck,,78579,Tuttlingen,Baden-Württemberg,47.973404,8.926451,4206
145220400400,Neuhausen/Erzgeb.,,09544,Mittelsachsen,Sachsen,50.673902,13.466383,2448
120710301301,Neuhausen/Spree / Kopańce/Sprjewja,,03058,Spree-Neiße,Brandenburg,51.68088,14.414071,4814
072325008273,Neuheilenbach,,54597,Eifelkreis Bitburg-Prüm,Rheinland-Pfalz,50.113237,6.560827,254
073355002028,Neuhemsbach,,67680,Kaiserslautern,Rheinland-Pfalz,49.522457,7.923664,954
066310018018,Neuhof,,36119,Fulda,Hessen,50.44985,9.623894,10893
095755525152,Neuhof a.d.Zenn,M,90616,Neustadt a.d.Aisch-Bad Windsheim,Bayern,49.456964,10.643548,2181
073385008020,Neuhofen,,67141,Rhein-Pfalz-Kreis,Rheinland-Pfalz,49.421961,8.428302,6946
071435004052,Neuhäusel,,56335,Westerwaldkreis,Rheinland-Pfalz,50.384057,7.709698,2029
072355001093,Neuhütten,,54422,Trier-Saarburg,Rheinland-Pfalz,49.642835,7.011908,721
096775656165,Neuhütten,,97843,Main-Spessart,Bayern,50.003105,9.41984,1125
130715153109,Neukalen,Peenestadt,17154,Mecklenburgische Seenplatte,Mecklenburg-Vorpommern,53.822436,12.790764,1649
034575402015,Neukamperfehn,,26835,Leer,Niedersachsen,53.33779,7.557533,1858
147290320320,Neukieritzsch,,04575,Leipzig,Sachsen,51.152262,12.409059,7147
084355006042,Neukirch,,88099,Bodenseekreis,Baden-Württemberg,47.657496,9.701999,2725
146255218370,Neukirch,,01936,Bautzen,Sachsen,51.282819,13.97842,1592
146250380380,Neukirch/Lausitz,,01904,Bautzen,Sachsen,51.099337,14.298664,4742
010545489086,Neukirchen,,25927,Nordfriesland,Schleswig-Holstein,54.868905,8.73388,1156
010555543031,Neukirchen,,23779,Ostholstein,Schleswig-Holstein,54.323811,11.015153,1160
066340017017,Neukirchen,Stadt,34626,Schwalm-Eder-Kreis,Hessen,50.871054,9.342803,6782
092785249154,Neukirchen,,94362,Straubing-Bogen,Bayern,48.97548,12.756026,1839
093720144144,Neukirchen b.Hl.Blut,M,93453,Cham,Bayern,49.259073,12.970304,3641
093715303141,Neukirchen b.Sulzbach-Rosenberg,,92259,Amberg-Sulzbach,Bayern,49.529009,11.629366,2514
092750135135,Neukirchen vorm Wald,,94154,Passau,Bayern,48.683235,13.3808,2996
093765345146,Neukirchen-Balbini,M,92445,Schwandorf,Bayern,49.290402,12.435738,1132
051700028028,Neukirchen-Vluyn,Stadt,47506,Wesel,Nordrhein-Westfalen,51.447044,6.573385,27140
145210410410,Neukirchen/Erzgeb.,,09221,Erzgebirgskreis,Sachsen,50.779498,12.866884,6845
145240210210,Neukirchen/Pleiße,,08459,Zwickau,Sachsen,50.791537,12.381676,3761
130745457057,Neukloster,Stadt,23992,Nordwestmecklenburg,Mecklenburg-Vorpommern,53.86475,11.686336,3925
034545401038,Neulehe,,26909,Emsland,Niedersachsen,53.006087,7.415015,847
073325007038,Neuleiningen,,67271,Bad Dürkheim,Rheinland-Pfalz,49.542779,8.139768,792
081365003046,Neuler,,73491,Ostalbkreis,Baden-Württemberg,48.928632,10.069574,3270
120645414349,Neulewin,,16259,Märkisch-Oderland,Brandenburg,52.724922,14.278128,934
082365006073,Neulingen,,75245,Enzkreis,Baden-Württemberg,48.970506,8.728215,6543
082265004059,Neulußheim,,68809,Rhein-Neckar-Kreis,Baden-Württemberg,49.293561,8.522135,7162
072315001092,Neumagen-Dhron,,54347,Bernkastel-Wittlich,Rheinland-Pfalz,49.855692,6.896204,2306
145230280280,Neumark,,08496,Vogtlandkreis,Sachsen,50.657197,12.355396,2880
160715053061,Neumark,Stadt,99439,Weimarer Land,Thüringen,51.079029,11.245271,462
093730147147,Neumarkt i.d.OPf.,GKSt,92305,Neumarkt i.d.OPf.,Bayern,49.279417,11.45894,41103
091835149129,Neumarkt-Sankt Veit,St,84494,Mühldorf a.Inn,Bayern,48.361946,12.508258,6334
010040000000,Neumünster,Stadt,24534,Neumünster,Schleswig-Holstein,54.069895,9.988422,79809
093760147147,Neunburg vorm Wald,St,92431,Schwandorf,Bayern,49.348813,12.381852,8093
160755004072,Neundorf (bei Schleiz),,07924,Saale-Orla-Kreis,Thüringen,50.600207,11.76822,257
095729460460,Neunhofer Forst,,,Erlangen-Höchstadt,Bayern,49.53241,11.075031,0
071435001270,Neunkhausen,,57520,Westerwaldkreis,Rheinland-Pfalz,50.706041,7.903587,1016
059700036036,Neunkirchen,,57290,Siegen-Wittgenstein,Nordrhein-Westfalen,50.787894,7.993355,12705
071435006271,Neunkirchen,,56479,Westerwaldkreis,Rheinland-Pfalz,50.545474,8.103406,560
072315006093,Neunkirchen,,54426,Bernkastel-Wittlich,Rheinland-Pfalz,49.750159,6.943534,163
082255003068,Neunkirchen,,74867,Neckar-Odenwald-Kreis,Baden-Württemberg,49.387558,9.009215,1829
096765626143,Neunkirchen,,63930,Miltenberg,Bayern,49.706531,9.398533,1428
100430114114,Neunkirchen,Kreisstadt,66538,Neunkirchen,Saarland,49.345482,7.178148,47344
094740154154,Neunkirchen a.Brand,M,91077,Forchheim,Bayern,49.613014,11.12957,8056
095740141141,Neunkirchen a.Sand,,91233,Nürnberger Land,Bayern,49.526335,11.318896,4662
073365010066,Neunkirchen am Potzberg,,66887,Kusel,Rheinland-Pfalz,49.508395,7.488303,419
053820040040,Neunkirchen-Seelscheid,,53819,Rhein-Sieg-Kreis,Nordrhein-Westfalen,50.841143,7.334361,20283
120665601228,Neupetershain/Nowe Wiki,,03103,Oberspreewald-Lausitz,Brandenburg,51.605157,14.164538,1190
073345003022,Neupotz,,76777,Germersheim,Rheinland-Pfalz,49.118317,8.317843,1917
092720136136,Neureichenau,,94089,Freyung-Grafenau,Bayern,48.748508,13.747539,4238
083170151151,Neuried,,77743,Ortenaukreis,Baden-Württemberg,48.467234,7.807163,9919
091840132132,Neuried,,82061,München,Bayern,48.093116,11.465823,8795
120680320320,Neuruppin,Stadt,16816,Ostprignitz-Ruppin,Brandenburg,52.923365,12.806498,31962
146265224350,Neusalza-Spremberg,Stadt,02742,Görlitz,Sachsen,51.037369,14.531654,3092
034625402011,Neuschoo,,26487,Wittmund,Niedersachsen,53.577457,7.512686,1223
092720146146,Neuschönau,,94556,Freyung-Grafenau,Bayern,48.88417,13.477901,2191
095715501181,Neusitz,,91616,Ansbach,Bayern,49.372174,10.223165,1978
093775349143,Neusorg,,95700,Tirschenreuth,Bayern,49.935969,11.968123,1949
051620024024,Neuss,Stadt,41460,Rhein-Kreis Neuss,Nordrhein-Westfalen,51.198873,6.691409,154317
120685805324,Neustadt (Dosse),Stadt,16845,Ostprignitz-Ruppin,Brandenburg,52.857148,12.438658,3469
065340016016,Neustadt (Hessen),Stadt,35279,Marburg-Biedenkopf,Hessen,50.852589,9.114982,9316
071385001044,Neustadt (Wied),,53577,Neuwied,Rheinland-Pfalz,50.62313,7.427497,6526
095750153153,Neustadt a.d.Aisch,St,91413,Neustadt a.d.Aisch-Bad Windsheim,Bayern,49.579782,10.612689,13294
092730152152,Neustadt a.d.Donau,St,93333,Kelheim,Bayern,48.80909,11.763524,14778
093740139139,Neustadt a.d.Waldnaab,St,92660,Neustadt a.d.Waldnaab,Bayern,49.732495,12.175697,6057
096775624166,Neustadt a.Main,,97845,Main-Spessart,Bayern,49.930042,9.56761,1174
093745327140,Neustadt am Kulm,St,95514,Neustadt a.d.Waldnaab,Bayern,49.826258,11.834476,1160
032410012012,Neustadt am Rübenberge,Stadt,31535,Region Hannover,Niedersachsen,52.504751,9.457529,44668
160755050073,Neustadt an der Orla,Stadt,07806,Saale-Orla-Kreis,Thüringen,50.73581,11.742638,8743
073160000000,Neustadt an der Weinstraße,Stadt,67433,Neustadt an der Weinstraße,Rheinland-Pfalz,49.351983,8.140755,52945
094730151151,Neustadt b.Coburg,GKSt,96465,Coburg,Bayern,50.327062,11.122297,14824
010550032032,Neustadt in Holstein,Stadt,23730,Ostholstein,Schleswig-Holstein,54.107322,10.818579,15930
146280260260,Neustadt in Sachsen,Stadt,01844,Sächsische Schweiz-Osterzgebirge,Sachsen,51.025462,14.214891,11810
130765660105,Neustadt-Glewe,Stadt,19306,Ludwigslust-Parchim,Mecklenburg-Vorpommern,53.383153,11.585348,6566
071435006272,Neustadt/ Westerwald,,56479,Westerwaldkreis,Rheinland-Pfalz,50.630679,8.039972,569
145235107290,Neustadt/Vogtl.,,08223,Vogtlandkreis,Sachsen,50.460414,12.332177,957
084165003049,Neustetten,,72149,Tübingen,Baden-Württemberg,48.481308,8.882594,3794
130710110110,Neustrelitz,Residenzstadt,17235,Mecklenburgische Seenplatte,Mecklenburg-Vorpommern,53.363118,13.062278,20191
097720184184,Neusäß,St,86356,Augsburg,Bayern,48.395449,10.831597,22904
093750174174,Neutraubling,St,93073,Regensburg,Bayern,48.990294,12.200936,14224
120645414365,Neutrebbin,,15320,Märkisch-Oderland,Brandenburg,52.663302,14.225618,1359
082355005050,Neuweiler,,75389,Calw,Baden-Württemberg,48.657642,8.596988,3133
071380045045,Neuwied,Stadt,56564,Neuwied,Rheinland-Pfalz,50.429018,7.459692,67083
096729462462,Neuwirtshauser Forst,,,Bad Kissingen,Bayern,50.213551,9.849565,0
010585824112,Neuwittenbek,,24214,Rendsburg-Eckernförde,Schleswig-Holstein,54.367896,10.028294,1181
120675705357,Neuzelle,,15898,Oder-Spree,Brandenburg,52.090954,14.648753,4223
091710125125,Neuötting,St,84524,Altötting,Bayern,48.240061,12.690715,8991
130715157111,Neverin,,17039,Mecklenburgische Seenplatte,Mecklenburg-Vorpommern,53.619149,13.338452,1016
010605053062,Neversdorf,,23816,Segeberg,Schleswig-Holstein,53.86477,10.285862,712
072355007094,Newel,,54309,Trier-Saarburg,Rheinland-Pfalz,49.813085,6.583124,2655
071405009102,Ney,,56283,Rhein-Hunsrück-Kreis,Rheinland-Pfalz,50.183021,7.537156,379
071375001081,Nickenich,,56645,Mayen-Koblenz,Rheinland-Pfalz,50.411905,7.326923,3701
064400016016,Nidda,Johannes-Pistorius-Stadt,63667,Wetteraukreis,Hessen,50.413675,9.006592,17060
064400017017,Niddatal,Stadt,61194,Wetteraukreis,Hessen,50.29758,8.815266,9861
064350021021,Nidderau,Stadt,61130,Main-Kinzig-Kreis,Hessen,50.220979,8.87606,20119
053580044044,Nideggen,Stadt,52385,Düren,Nordrhein-Westfalen,50.692254,6.484282,10764
010545488087,Nieblum,,25938,Nordfriesland,Schleswig-Holstein,54.691947,8.489439,542
010595990147,Nieby,,24395,Schleswig-Flensburg,Schleswig-Holstein,54.771513,9.936705,130
010545489088,Niebüll,Stadt,25899,Nordfriesland,Schleswig-Holstein,54.788141,8.829499,10173
130755560103,Nieden,,17309,Vorpommern-Greifswald,Mecklenburg-Vorpommern,53.440432,13.920918,155
066340018018,Niedenstein,Stadt,34305,Schwalm-Eder-Kreis,Hessen,51.235739,9.312719,5570
071405004105,Nieder Kostenz,,55481,Rhein-Hunsrück-Kreis,Rheinland-Pfalz,49.942835,7.366289,208
073395003041,Nieder-Hilbersheim,,55437,Mainz-Bingen,Rheinland-Pfalz,49.913509,8.042252,655
073395006042,Nieder-Olm,Stadt,55268,Mainz-Bingen,Rheinland-Pfalz,49.909864,8.203097,9703
073315001051,Nieder-Wiesen,,55234,Alzey-Worms,Rheinland-Pfalz,49.730045,7.977195,582
071435008273,Niederahr,,56414,Westerwaldkreis,Rheinland-Pfalz,50.491504,7.861098,840
092740156156,Niederaichbach,,84100,Landshut,Bayern,48.603081,12.316583,4220
073365010067,Niederalben,,66887,Kusel,Rheinland-Pfalz,49.606426,7.467407,327
092710138138,Niederalteich,,94557,Deggendorf,Bayern,48.766264,13.025711,1762
146270170170,Niederau,,01689,Meißen,Sachsen,51.177449,13.543702,4076
066320015015,Niederaula,Marktgemeinde,36272,Hersfeld-Rotenburg,Hessen,50.800576,9.605239,5225
071415007094,Niederbachheim,,56357,Rhein-Lahn-Kreis,Rheinland-Pfalz,50.248127,7.763971,265
091835152130,Niederbergkirchen,,84494,Mühldorf a.Inn,Bayern,48.312607,12.50617,1233
071385009047,Niederbreitbach,,56589,Neuwied,Rheinland-Pfalz,50.530088,7.41779,1524
071345002057,Niederbrombach,,55767,Birkenfeld,Rheinland-Pfalz,49.686543,7.246408,488
071405009104,Niederburg,,55432,Rhein-Hunsrück-Kreis,Rheinland-Pfalz,50.117225,7.695669,656
160655002048,Niederbösa,,99718,Kyffhäuserkreis,Thüringen,51.276607,10.999851,129
145215133420,Niederdorf,,09366,Erzgebirgskreis,Sachsen,50.726686,12.786017,1286
064350022022,Niederdorfelden,,61138,Main-Kinzig-Kreis,Hessen,50.195455,8.800797,4215
071325003075,Niederdreisbach,,57520,Altenkirchen (Westerwald),Rheinland-Pfalz,50.74837,7.924683,859
071315004054,Niederdürenbach,,56651,Ahrweiler,Rheinland-Pfalz,50.456954,7.18318,938
150830390390,Niedere Börde,,39326,Börde,Sachsen-Anhalt,52.23455,11.521853,6726
071435004053,Niederelbert,,56412,Westerwaldkreis,Rheinland-Pfalz,50.408124,7.812119,1758
120725204298,Niederer Fläming,,14913,Teltow-Fläming,Brandenburg,51.930042,13.193884,3021
071435004054,Niedererbach,,56412,Westerwaldkreis,Rheinland-Pfalz,50.426841,7.977313,1032
083265004041,Niedereschach,,78078,Schwarzwald-Baar-Kreis,Baden-Württemberg,48.132561,8.528615,5857
071375009217,Niederfell,,56332,Mayen-Koblenz,Rheinland-Pfalz,50.290596,7.463325,951
120605011172,Niederfinow,,16248,Barnim,Brandenburg,52.833886,13.928078,585
071325007076,Niederfischbach,,57572,Altenkirchen (Westerwald),Rheinland-Pfalz,50.855673,7.873215,4129
145245114220,Niederfrohna,,09243,Zwickau,Sachsen,50.897953,12.720221,2182
094735418153,Niederfüllbach,,96489,Coburg,Bayern,50.219589,10.989109,1450
160625054037,Niedergebra,,99759,Nordhausen,Thüringen,51.42309,10.600674,595
120720297297,Niedergörsdorf,,14913,Teltow-Fläming,Brandenburg,51.978909,12.984582,6147
071345002058,Niederhambach,,55767,Birkenfeld,Rheinland-Pfalz,49.679662,7.214542,309
071335006070,Niederhausen,,55585,Bad Kreuznach,Rheinland-Pfalz,49.80379,7.779915,580
073335007050,Niederhausen an der Appel,,67822,Donnersbergkreis,Rheinland-Pfalz,49.74715,7.892653,230
073395001040,Niederheimbach,,55413,Mainz-Bingen,Rheinland-Pfalz,50.033522,7.804203,810
071385005048,Niederhofen,,56316,Neuwied,Rheinland-Pfalz,50.562176,7.600552,482
073375002055,Niederhorbach,,76889,Südliche Weinstraße,Rheinland-Pfalz,49.116141,8.03153,467
071345005059,Niederhosenbach,,55758,Birkenfeld,Rheinland-Pfalz,49.794357,7.364205,294
071325006077,Niederirsen,,57589,Altenkirchen (Westerwald),Rheinland-Pfalz,50.746697,7.595847,93
053820044044,Niederkassel,Stadt,53859,Rhein-Sieg-Kreis,Nordrhein-Westfalen,50.811921,7.037503,38485
073355010029,Niederkirchen,,67700,Kaiserslautern,Rheinland-Pfalz,49.578322,7.696361,1858
073325001039,Niederkirchen bei Deidesheim,,67150,Bad Dürkheim,Rheinland-Pfalz,49.413509,8.211501,2267
051660020020,Niederkrüchten,,41372,Viersen,Nordrhein-Westfalen,51.19862,6.219216,14619
071405008106,Niederkumbd,,55469,Rhein-Hunsrück-Kreis,Rheinland-Pfalz,50.01374,7.535604,335
034545404039,Niederlangen,,49779,Emsland,Niedersachsen,52.856972,7.284729,1318
072325006276,Niederlauch,,54614,Eifelkreis Bitburg-Prüm,Rheinland-Pfalz,50.1615,6.427711,31
096735635146,Niederlauer,,97618,Rhön-Grabfeld,Bayern,50.296206,10.17964,1645
073355008030,Niedermohr,,66879,Kaiserslautern,Rheinland-Pfalz,49.459844,7.464311,1452
073335007051,Niedermoschel,,67822,Donnersbergkreis,Rheinland-Pfalz,49.73318,7.794614,484
093765339148,Niedermurach,,92545,Schwandorf,Bayern,49.448693,12.377216,1257
096760144144,Niedernberg,,63843,Miltenberg,Bayern,49.911359,9.137005,4720
071415011095,Niederneisen,,65629,Rhein-Lahn-Kreis,Rheinland-Pfalz,50.335639,8.054726,1472
081265004060,Niedernhall,Stadt,74676,Hohenlohekreis,Baden-Württemberg,49.294782,9.617131,4185
064390011011,Niedernhausen,,65527,Rheingau-Taunus-Kreis,Hessen,50.161445,8.317966,14345
032575404025,Niedernwöhren,,31712,Schaumburg,Niedersachsen,52.352046,9.147705,1916
160610074074,Niederorschel,,37355,Eichsfeld,Thüringen,51.370172,10.424653,5357
073375002056,Niederotterbach,,76889,Südliche Weinstraße,Rheinland-Pfalz,49.060803,8.045067,339
072325001277,Niederpierscheid,,54649,Eifelkreis Bitburg-Prüm,Rheinland-Pfalz,50.078861,6.373063,33
072325005090,Niederraden,,54675,Eifelkreis Bitburg-Prüm,Rheinland-Pfalz,49.982274,6.328443,48
097785761177,Niederrieden,,87767,Unterallgäu,Bayern,48.057656,10.188971,1513
071435006274,Niederroßbach,,56479,Westerwaldkreis,Rheinland-Pfalz,50.640389,8.032252,729
071435010275,Niedersayn,,56244,Westerwaldkreis,Rheinland-Pfalz,50.528922,7.83139,171
072315008096,Niederscheidweiler,,54533,Bernkastel-Wittlich,Rheinland-Pfalz,50.063202,6.945503,266
073405001033,Niederschlettenbach,,76891,Südwestpfalz,Rheinland-Pfalz,49.085916,7.845011,275
097795725192,Niederschönenfeld,,86694,Donau-Ries,Bayern,48.721745,10.932959,1436
071405004107,Niedersohren,,55487,Rhein-Hunsrück-Kreis,Rheinland-Pfalz,49.928124,7.332233,440
072335001052,Niederstadtfeld,,54570,Vulkaneifel,Rheinland-Pfalz,50.159387,6.761043,451
073365010068,Niederstaufenbach,,66879,Kusel,Rheinland-Pfalz,49.528398,7.518056,251
072325008091,Niederstedem,,54634,Eifelkreis Bitburg-Prüm,Rheinland-Pfalz,49.930634,6.498948,225
071325010078,Niedersteinebach,,56593,Altenkirchen (Westerwald),Rheinland-Pfalz,50.599954,7.507193,204
081280082082,Niederstetten,Stadt,97996,Main-Tauber-Kreis,Baden-Württemberg,49.401781,9.917243,4906
081355003027,Niederstotzingen,Stadt,89168,Heidenheim,Baden-Württemberg,48.541085,10.234998,4916
071405009108,Niedert,,56291,Rhein-Hunsrück-Kreis,Rheinland-Pfalz,50.126014,7.542776,119
091835152131,Niedertaufkirchen,,84494,Mühldorf a.Inn,Bayern,48.329651,12.547967,1439
071415011096,Niedertiefenbach,,56368,Rhein-Lahn-Kreis,Rheinland-Pfalz,50.255061,7.896057,181
160715051064,Niedertrebra,,99518,Weimarer Land,Thüringen,51.070155,11.582261,757
092790130130,Niederviehbach,,84183,Dingolfing-Landau,Bayern,48.613883,12.383316,2691
071415007097,Niederwallmenach,,56357,Rhein-Lahn-Kreis,Rheinland-Pfalz,50.164381,7.811672,415
071385005050,Niederwambach,,57614,Neuwied,Rheinland-Pfalz,50.632052,7.597364,459
071405004109,Niederweiler,,55491,Rhein-Hunsrück-Kreis,Rheinland-Pfalz,49.9094,7.283718,419
072325008092,Niederweiler,,54636,Eifelkreis Bitburg-Prüm,Rheinland-Pfalz,50.031522,6.442549,93
072325005093,Niederweis,,54668,Eifelkreis Bitburg-Prüm,Rheinland-Pfalz,49.871018,6.465439,271
096780160160,Niederwerrn,,97464,Schweinfurt,Bayern,50.063381,10.173669,8331
071375007218,Niederwerth,,56179,Mayen-Koblenz,Rheinland-Pfalz,50.39585,7.606683,1261
145220420420,Niederwiesa,,09577,Mittelsachsen,Sachsen,50.865093,13.024548,4712
092785252159,Niederwinkling,,94559,Straubing-Bogen,Bayern,48.886923,12.797548,2930
071345005060,Niederwörresbach,,55758,Birkenfeld,Rheinland-Pfalz,49.768772,7.335887,820
145215115430,Niederwürschnitz,,09399,Erzgebirgskreis,Sachsen,50.722415,12.755475,2528
053580048048,Niederzier,,52382,Düren,Nordrhein-Westfalen,50.886425,6.462259,15060
071315004055,Niederzissen,,56651,Ahrweiler,Rheinland-Pfalz,50.456945,7.221554,2729
072315008095,Niederöfflingen,,54533,Bernkastel-Wittlich,Rheinland-Pfalz,50.058553,6.88752,438
082360046046,Niefern-Öschelbronn,,75223,Enzkreis,Baden-Württemberg,48.908786,8.798354,12402
057620028028,Nieheim,Stadt,33039,Höxter,Nordrhein-Westfalen,51.804067,9.110021,6081
072325005094,Niehl,,54646,Eifelkreis Bitburg-Prüm,Rheinland-Pfalz,49.955077,6.362515,68
120695910448,Niemegk,Stadt,14823,Potsdam-Mittelmark,Brandenburg,52.076873,12.688242,2038
031595401024,Niemetal,,37127,Göttingen,Niedersachsen,51.519666,9.729226,1420
010585895113,Nienborstel,,24819,Rendsburg-Eckernförde,Schleswig-Holstein,54.136911,9.613481,598
150890235235,Nienburg (Saale),Stadt,06429,Salzlandkreis,Sachsen-Anhalt,51.836428,11.766344,5635
032560022022,Nienburg (Weser),Stadt,31582,Nienburg (Weser),Niedersachsen,52.640859,9.211648,32608
010615168076,Nienbüttel,,25596,Steinburg,Schleswig-Holstein,54.03053,9.415315,133
010535308094,Niendorf bei Berkenthin,,23919,Herzogtum Lauenburg,Schleswig-Holstein,53.702417,10.626158,184
010535313095,Niendorf/ Stecknitz,,23881,Herzogtum Lauenburg,Schleswig-Holstein,53.587228,10.609244,665
033515404018,Nienhagen,,29336,Celle,Niedersachsen,52.556183,10.104402,6420
130725251075,Nienhagen,Ostseebad,18211,Landkreis Rostock,Mecklenburg-Vorpommern,54.160638,11.952838,2218
032575405026,Nienstädt,,31688,Schaumburg,Niedersachsen,52.292917,9.165807,4216
010625218051,Nienwohld,,23863,Stormarn,Schleswig-Holstein,53.786824,10.193688,483
130735358060,Niepars,,18442,Vorpommern-Rügen,Mecklenburg-Vorpommern,54.313711,12.923481,2377
072315008504,Niersbach,,54518,Bernkastel-Wittlich,Rheinland-Pfalz,49.940626,6.741066,725
073395007043,Nierstein,Stadt,55283,Mainz-Bingen,Rheinland-Pfalz,49.872587,8.337848,8078
010595990148,Niesgrau,,24395,Schleswig-Flensburg,Schleswig-Holstein,54.744112,9.812919,539
146260370370,Niesky,Stadt,02906,Görlitz,Sachsen,51.293789,14.823061,8956
066330019019,Nieste,,34329,Kassel,Hessen,51.313325,9.671331,1986
066330020020,Niestetal,,34266,Kassel,Hessen,51.320368,9.546625,11118
071415010098,Nievern,,56132,Rhein-Lahn-Kreis,Rheinland-Pfalz,50.337414,7.680516,1059
160755005074,Nimritz,,07381,Saale-Orla-Kreis,Thüringen,50.700391,11.651182,352
072325006279,Nimshuscheid,,54612,Eifelkreis Bitburg-Prüm,Rheinland-Pfalz,50.100277,6.488267,259
072325006280,Nimsreuland,,54614,Eifelkreis Bitburg-Prüm,Rheinland-Pfalz,50.131252,6.449581,93
010515175078,Nindorf,,25704,Dithmarschen,Schleswig-Holstein,54.086722,9.114943,1145
010585895115,Nindorf,,24594,Rendsburg-Eckernförde,Schleswig-Holstein,54.131914,9.699683,622
071435002276,Nister,,57645,Westerwaldkreis,Rheinland-Pfalz,50.675237,7.834847,1084
071435006278,Nister-Möhrendorf,,56477,Westerwaldkreis,Rheinland-Pfalz,50.657462,8.076546,309
071435001277,Nisterau,,56472,Westerwaldkreis,Rheinland-Pfalz,50.656884,7.989124,834
071325003079,Nisterberg,,56472,Altenkirchen (Westerwald),Rheinland-Pfalz,50.680133,7.978139,369
071435001279,Nistertal,,57647,Westerwaldkreis,Rheinland-Pfalz,50.626792,7.89282,1198
072355003095,Nittel,,54453,Trier-Saarburg,Rheinland-Pfalz,49.654488,6.444344,2504
093760149149,Nittenau,St,93149,Schwandorf,Bayern,49.196567,12.268896,9145
093750175175,Nittendorf,M,93152,Regensburg,Bayern,49.024405,11.961222,8920
072335004228,Nitz,,56729,Vulkaneifel,Rheinland-Pfalz,50.333593,7.023789,29
160775051036,Nobitz,,04603,Altenburger Land,Thüringen,50.977188,12.48572,6962
071415009099,Nochern,,56357,Rhein-Lahn-Kreis,Rheinland-Pfalz,50.176802,7.723661,470
010585822116,Noer,,24214,Rendsburg-Eckernförde,Schleswig-Holstein,54.461334,10.005045,852
071345002061,Nohen,,55767,Birkenfeld,Rheinland-Pfalz,49.639314,7.243069,353
100460114114,Nohfelden,,66625,St. Wendel,Saarland,49.586753,7.143099,9949
072335006229,Nohn,,54578,Vulkaneifel,Rheinland-Pfalz,50.330111,6.786624,460
071435004055,Nomborn,,56412,Westerwaldkreis,Rheinland-Pfalz,50.427613,7.913328,664
097760120120,Nonnenhorn,,88149,Lindau (Bodensee),Bayern,47.576263,9.608645,1756
096789454454,Nonnenkloster,,,Schweinfurt,Bayern,49.89064,10.43592,0
100460115115,Nonnweiler,,66620,St. Wendel,Saarland,49.606237,6.970552,8484
071405009110,Norath,,56291,Rhein-Hunsrück-Kreis,Rheinland-Pfalz,50.125564,7.57922,492
010515178079,Norddeich,,25764,Dithmarschen,Schleswig-Holstein,54.218049,8.899964,417
010545488089,Norddorf auf Amrum,,25946,Nordfriesland,Schleswig-Holstein,54.679638,8.332935,526
034520019019,Norden,Stadt,26506,Aurich,Niedersachsen,53.59498,7.202462,25178
097725706185,Nordendorf,,86695,Augsburg,Bayern,48.594912,10.831375,2599
034610007007,Nordenham,Stadt,26954,Wesermarsch,Niedersachsen,53.484863,8.484084,25889
010595974063,Norderbrarup,,24392,Schleswig-Flensburg,Schleswig-Holstein,54.655735,9.768542,679
010545417090,Norderfriedrichskoog,,25870,Nordfriesland,Schleswig-Holstein,54.400271,8.893583,45
010515169080,Norderheistedt,,25779,Dithmarschen,Schleswig-Holstein,54.245331,9.146139,122
010515175137,Nordermeldorf,,25704,Dithmarschen,Schleswig-Holstein,54.112068,9.013736,596
034520020020,Norderney,Stadt,26548,Aurich,Niedersachsen,53.707276,7.145431,5343
010600063063,Norderstedt,Stadt,22846,Segeberg,Schleswig-Holstein,53.706115,9.996943,82844
010515172081,Norderwöhrden,,25746,Dithmarschen,Schleswig-Holstein,54.192783,9.000232,248
010595952149,Nordhackstedt,,24980,Schleswig-Flensburg,Schleswig-Holstein,54.7334,9.166985,479
094760159159,Nordhalben,M,96365,Kronach,Bayern,50.373073,11.5095,1526
150850227227,Nordharz,,38871,Harz,Sachsen-Anhalt,51.921309,10.757221,7656
010515172082,Nordhastedt,,25785,Dithmarschen,Schleswig-Holstein,54.17205,9.182991,2767
160620041041,Nordhausen,Stadt,99734,Nordhausen,Thüringen,51.500441,10.791619,40767
081255006074,Nordheim,,74226,Heilbronn,Baden-Württemberg,49.109167,9.126068,8480
096755619155,Nordheim a.Main,,97334,Kitzingen,Bayern,49.858395,10.18145,986
096735637147,Nordheim v.d.Rhön,,97647,Rhön-Grabfeld,Bayern,50.478924,10.18169,1046
071435007056,Nordhofen,,56242,Westerwaldkreis,Rheinland-Pfalz,50.516866,7.751683,526
034560015015,Nordhorn,Stadt,48529,Grafschaft Bentheim,Niedersachsen,52.435804,7.071263,56973
055580028028,Nordkirchen,,59394,Coesfeld,Nordrhein-Westfalen,51.738183,7.525307,10762
033525411041,Nordleda,,21765,Cuxhaven,Niedersachsen,53.763622,8.834004,950
083175014085,Nordrach,,77787,Ortenaukreis,Baden-Württemberg,48.397329,8.078796,1980
034529501501,Nordseeinsel Memmert,gemfr. Gebiet,26571,Aurich,Niedersachsen,53.639822,6.886293,0
032575404027,Nordsehl,,31717,Schaumburg,Niedersachsen,52.357575,9.18224,663
032540026026,Nordstemmen,,31171,Hildesheim,Niedersachsen,52.160076,9.782956,11876
010545492091,Nordstrand,,25845,Nordfriesland,Schleswig-Holstein,54.484823,8.860249,2326
055660064064,Nordwalde,,48356,Steinfurt,Nordrhein-Westfalen,52.084294,7.480649,10024
120730429429,Nordwestuckermark,,17291,Uckermark,Brandenburg,53.331298,13.707767,4097
071335006071,Norheim,,55585,Bad Kreuznach,Rheinland-Pfalz,49.80823,7.814738,1583
071435001280,Norken,,57629,Westerwaldkreis,Rheinland-Pfalz,50.671829,7.897919,980
010545453092,Norstedt,,25884,Nordfriesland,Schleswig-Holstein,54.588429,9.129313,380
031550011011,Northeim,Stadt,37154,Northeim,Niedersachsen,51.705681,10.000406,27326
034575403016,Nortmoor,,26845,Leer,Niedersachsen,53.247364,7.562055,1805
010585864117,Nortorf,Stadt,24589,Rendsburg-Eckernförde,Schleswig-Holstein,54.168012,9.855638,7190
010615179077,Nortorf,,25554,Steinburg,Schleswig-Holstein,53.926535,9.290542,819
034595401028,Nortrup,,49638,Osnabrück,Niedersachsen,52.614148,7.85948,2927
146270180180,Nossen,Stadt,01683,Meißen,Sachsen,51.058625,13.299465,10486
130715151112,Nossendorf,,17111,Mecklenburgische Seenplatte,Mecklenburg-Vorpommern,53.961796,12.956329,629
130715154113,Nossentiner Hütte,,17214,Mecklenburgische Seenplatte,Mecklenburg-Vorpommern,53.535058,12.424283,585
130765652106,Nostorf,,19258,Ludwigslust-Parchim,Mecklenburg-Vorpommern,53.406837,10.653967,583
073405001034,Nothweiler,,76891,Südwestpfalz,Rheinland-Pfalz,49.068736,7.79919,129
033595405034,Nottensdorf,,21640,Stade,Niedersachsen,53.485714,9.601616,1619
160645055077,Nottertal-Heilinger Höhen,Stadt,99994,Unstrut-Hainich-Kreis,Thüringen,51.246183,10.65856,5750
010595974065,Nottfeld,,24392,Schleswig-Flensburg,Schleswig-Holstein,54.618666,9.768634,123
160675007052,Nottleben,,99192,Gotha,Thüringen,50.965687,10.844599,425
055580032032,Nottuln,,48301,Coesfeld,Nordrhein-Westfalen,51.928018,7.352893,20205
081165001048,Notzingen,,73274,Esslingen,Baden-Württemberg,48.671109,9.462005,3684
081155003037,Nufringen,,71154,Böblingen,Baden-Württemberg,48.622489,8.888193,5806
072325005095,Nusbaum,,54675,Eifelkreis Bitburg-Prüm,Rheinland-Pfalz,49.914649,6.346602,433
084175005045,Nusplingen,,72362,Zollernalbkreis,Baden-Württemberg,48.132002,8.890352,1910
073365008069,Nußbach,,67759,Kusel,Rheinland-Pfalz,49.629137,7.695774,554
071335010072,Nußbaum,,55569,Bad Kreuznach,Rheinland-Pfalz,49.800064,7.61402,474
091890130130,Nußdorf,,83365,Traunstein,Bayern,47.905326,12.59593,2340
091870156156,Nußdorf a.Inn,,83131,Rosenheim,Bayern,47.742574,12.156562,2562
010535391096,Nusse,,23896,Herzogtum Lauenburg,Schleswig-Holstein,53.65908,10.575979,1153
082260060060,Nußloch,,69226,Rhein-Neckar-Kreis,Baden-Württemberg,49.322794,8.69587,11418
130725262076,Nustrow,,18195,Landkreis Rostock,Mecklenburg-Vorpommern,54.015663,12.596573,174
120720312312,Nuthe-Urstromtal,,14947,Teltow-Fläming,Brandenburg,52.128067,13.16802,6325
120690454454,Nuthetal,,14558,Potsdam-Mittelmark,Brandenburg,52.349935,13.104062,9376
010615168078,Nutteln,,25594,Steinburg,Schleswig-Holstein,53.990288,9.388823,257
160685012037,Nöda,,99195,Sömmerda,Thüringen,51.069675,11.018247,789
097790194194,Nördlingen,GKSt,86720,Donau-Ries,Bayern,48.85157,10.489272,20352
031550010010,Nörten-Hardenberg,Flecken,37176,Northeim,Niedersachsen,51.625491,9.935241,7719
071375009219,Nörtershausen,,56283,Mayen-Koblenz,Rheinland-Pfalz,50.225001,7.480618,1152
053580052052,Nörvenich,,52388,Düren,Nordrhein-Westfalen,50.807107,6.644576,12131
010585833118,Nübbel,,24809,Rendsburg-Eckernförde,Schleswig-Holstein,54.271939,9.622061,1542
010595987098,Nübel,,24881,Schleswig-Flensburg,Schleswig-Holstein,54.563867,9.583971,1251
096720136136,Nüdlingen,,97720,Bad Kissingen,Bayern,50.22115,10.123789,3861
053740032032,Nümbrecht,,51588,Oberbergischer Kreis,Nordrhein-Westfalen,50.902351,7.540904,17580
146275225190,Nünchritz,,01612,Meißen,Sachsen,51.300936,13.383303,5339
073405009035,Nünschweiler,,66989,Südwestpfalz,Rheinland-Pfalz,49.223401,7.503186,752
071315001058,Nürburg,,53520,Ahrweiler,Rheinland-Pfalz,50.342813,6.952404,188
095640000000,Nürnberg,,90403,Nürnberg,Bayern,49.450938,11.075269,529508
081165005049,Nürtingen,Stadt,72622,Esslingen,Baden-Württemberg,48.625847,9.343281,40773
066310019019,Nüsttal,,36167,Fulda,Hessen,50.637007,9.845847,2850
010605043064,Nützen,,24568,Segeberg,Schleswig-Holstein,53.864679,9.91977,1255
071405004111,Ober Kostenz,,55481,Rhein-Hunsrück-Kreis,Rheinland-Pfalz,49.956356,7.351403,256
073315001052,Ober-Flörsheim,,55234,Alzey-Worms,Rheinland-Pfalz,49.683754,8.155056,1348
073395003046,Ober-Hilbersheim,,55437,Mainz-Bingen,Rheinland-Pfalz,49.899138,8.02967,977
064400018018,Ober-Mörlen,,61239,Wetteraukreis,Hessen,50.373047,8.694519,5706
073395006047,Ober-Olm,,55270,Mainz-Bingen,Rheinland-Pfalz,49.938606,8.193338,4497
064320016016,Ober-Ramstadt,Stadt,64372,Darmstadt-Dieburg,Hessen,49.831768,8.7395,15078
071435008281,Oberahr,,56414,Westerwaldkreis,Rheinland-Pfalz,50.503102,7.866713,553
073365010070,Oberalben,,66871,Kusel,Rheinland-Pfalz,49.579012,7.400133,209
091800125125,Oberammergau,,82487,Garmisch-Partenkirchen,Bayern,47.597074,11.06642,5132
073355011031,Oberarnbach,,66851,Kaiserslautern,Rheinland-Pfalz,49.385184,7.587841,439
095730122122,Oberasbach,St,90522,Fürth,Bayern,49.422443,10.958495,17647
091800126126,Oberau,,82496,Garmisch-Partenkirchen,Bayern,47.562606,11.138308,3132
091870157157,Oberaudorf,,83080,Rosenheim,Bayern,47.648794,12.171952,5095
066340019019,Oberaula,,36280,Schwalm-Eder-Kreis,Hessen,50.858277,9.471075,3251
096740159159,Oberaurach,,97514,Haßberge,Bayern,49.926205,10.660283,4053
071415007100,Oberbachheim,,56355,Rhein-Lahn-Kreis,Rheinland-Pfalz,50.245294,7.748298,206
120645408370,Oberbarnim,,15377,Märkisch-Oderland,Brandenburg,52.590786,13.949866,2069
091835150132,Oberbergkirchen,,84564,Mühldorf a.Inn,Bayern,48.305288,12.386144,1741
072335006053,Oberbettingen,,54578,Vulkaneifel,Rheinland-Pfalz,50.286013,6.62547,759
072355003096,Oberbillig,,54331,Trier-Saarburg,Rheinland-Pfalz,49.709823,6.504809,969
160745007064,Oberbodnitz,,07646,Saale-Holzland-Kreis,Thüringen,50.811324,11.658954,233
081165005050,Oberboihingen,,72644,Esslingen,Baden-Württemberg,48.647727,9.366724,5644
071345002062,Oberbrombach,,55767,Birkenfeld,Rheinland-Pfalz,49.697736,7.261138,387
160655002051,Oberbösa,,99718,Kyffhäuserkreis,Thüringen,51.288583,11.016094,291
095710183183,Oberdachstetten,,91617,Ansbach,Bayern,49.416099,10.423792,1628
082155005059,Oberderdingen,Stadt,75038,Karlsruhe,Baden-Württemberg,49.062716,8.80201,11690
073395001044,Oberdiebach,,55413,Mainz-Bingen,Rheinland-Pfalz,50.03253,7.777213,830
091775123133,Oberding,,85445,Erding,Bayern,48.322653,11.845524,6251
084255005088,Oberdischingen,,89610,Alb-Donau-Kreis,Baden-Württemberg,48.30176,9.830802,2339
091765119150,Oberdolling,,85129,Eichstätt,Bayern,48.829248,11.592558,1360
071385005052,Oberdreis,,57639,Neuwied,Rheinland-Pfalz,50.627043,7.663439,890
071315004059,Oberdürenbach,,56651,Ahrweiler,Rheinland-Pfalz,50.468699,7.159219,669
130765662164,Obere Warnow,,19374,Ludwigslust-Parchim,Mecklenburg-Vorpommern,53.515875,11.864852,736
072335006054,Oberehe-Stroheich,,54578,Vulkaneifel,Rheinland-Pfalz,50.280611,6.770381,311
071435004057,Oberelbert,,56412,Westerwaldkreis,Rheinland-Pfalz,50.389904,7.816133,1193
096730149149,Oberelsbach,M,97656,Rhön-Grabfeld,Bayern,50.440597,10.119621,2647
072335004230,Oberelz,,56767,Vulkaneifel,Rheinland-Pfalz,50.267418,7.05106,122
071435008058,Obererbach,,56414,Westerwaldkreis,Rheinland-Pfalz,50.442095,7.966948,503
071325010081,Obererbach (Westerwald),,57612,Altenkirchen (Westerwald),Rheinland-Pfalz,50.724745,7.65685,547
071375009220,Oberfell,,56332,Mayen-Koblenz,Rheinland-Pfalz,50.257286,7.447717,1149
071415011101,Oberfischbach,,56370,Rhein-Lahn-Kreis,Rheinland-Pfalz,50.24865,7.955148,147
072325005503,Obergeckler,,54675,Eifelkreis Bitburg-Prüm,Rheinland-Pfalz,49.972619,6.291372,187
097715704149,Obergriesbach,,86573,Aichach-Friedberg,Bayern,48.421666,11.064895,2030
081365005049,Obergröningen,,73569,Ostalbkreis,Baden-Württemberg,48.893895,9.909802,427
146255212390,Obergurig / Hornja Hórka,,02692,Bautzen,Sachsen,51.1308,14.405921,2047
097775754154,Obergünzburg,M,87634,Ostallgäu,Bayern,47.845843,10.419253,6387
091840134134,Oberhaching,,82035,München,Bayern,48.026481,11.589825,13318
071435005059,Oberhaid,,56237,Westerwaldkreis,Rheinland-Pfalz,50.508422,7.719068,389
094710165165,Oberhaid,,96173,Bamberg,Bayern,49.932466,10.815828,4542
071345002063,Oberhambach,,55765,Birkenfeld,Rheinland-Pfalz,49.686167,7.156184,275
083175014088,Oberharmersbach,,77784,Ortenaukreis,Baden-Württemberg,48.373266,8.126396,2397
150850228228,Oberharz am Brocken,Stadt,38875,Harz,Sachsen-Anhalt,51.769516,10.803213,9547
051190000000,Oberhausen,Stadt,46045,Oberhausen,Nordrhein-Westfalen,51.470317,6.852291,213646
073375002058,Oberhausen,,76887,Südliche Weinstraße,Rheinland-Pfalz,49.097988,8.057771,463
091850150150,Oberhausen,,86697,Neuburg-Schrobenhausen,Bayern,48.719613,11.109004,3231
091905177135,Oberhausen,,82386,Weilheim-Schongau,Bayern,47.778332,11.130637,2129
073335007053,Oberhausen an der Appel,,67822,Donnersbergkreis,Rheinland-Pfalz,49.720679,7.867992,137
071335006074,Oberhausen an der Nahe,,55585,Bad Kreuznach,Rheinland-Pfalz,49.790896,7.757693,357
071335009073,Oberhausen bei Kirn,,55606,Bad Kreuznach,Rheinland-Pfalz,49.809723,7.450709,908
082155006107,Oberhausen-Rheinhausen,,68794,Karlsruhe,Baden-Württemberg,49.260511,8.482728,9565
073395001045,Oberheimbach,,55413,Mainz-Bingen,Rheinland-Pfalz,50.022174,7.784279,503
160655056052,Oberheldrungen,,06577,Kyffhäuserkreis,Thüringen,51.279086,11.245388,711
160660047047,Oberhof,Stadt,98559,Schmalkalden-Meiningen,Thüringen,50.705822,10.724395,1592
071385009053,Oberhonnefeld-Gierend,,56587,Neuwied,Rheinland-Pfalz,50.553865,7.516765,1051
071345005064,Oberhosenbach,,55758,Birkenfeld,Rheinland-Pfalz,49.813288,7.330575,121
095755519155,Oberickelsheim,,97258,Neustadt a.d.Aisch-Bad Windsheim,Bayern,49.599867,10.136126,715
071325010082,Oberirsen,,57635,Altenkirchen (Westerwald),Rheinland-Pfalz,50.722857,7.582777,608
072325008282,Oberkail,,54533,Eifelkreis Bitburg-Prüm,Rheinland-Pfalz,50.037031,6.679024,570
083175009089,Oberkirch,Stadt,77704,Ortenaukreis,Baden-Württemberg,48.531805,8.077097,19847
071345005065,Oberkirn,,55624,Birkenfeld,Rheinland-Pfalz,49.884966,7.372074,330
081360050050,Oberkochen,Stadt,73447,Ostalbkreis,Baden-Württemberg,48.784042,10.105585,7746
094750158158,Oberkotzau,M,95145,Hof,Bayern,50.263757,11.930278,5263
120650251251,Oberkrämer,,16727,Oberhavel,Brandenburg,52.696092,13.111985,12145
071325010083,Oberlahr,,57641,Altenkirchen (Westerwald),Rheinland-Pfalz,50.621584,7.516934,772
034545404040,Oberlangen,,49779,Emsland,Niedersachsen,52.849165,7.275066,993
072325006283,Oberlascheid,,54608,Eifelkreis Bitburg-Prüm,Rheinland-Pfalz,50.260843,6.305422,135
072325006284,Oberlauch,,54614,Eifelkreis Bitburg-Prüm,Rheinland-Pfalz,50.167892,6.420987,72
096725606138,Oberleichtersbach,,97789,Bad Kissingen,Bayern,50.273228,9.804018,2056
145240230230,Oberlungwitz,Stadt,09353,Zwickau,Sachsen,50.786972,12.722076,5716
097805742131,Obermaiselstein,,87538,Oberallgäu,Bayern,47.449379,10.239691,1009
084255010090,Obermarchtal,,89611,Alb-Donau-Kreis,Baden-Württemberg,48.233294,9.568532,1323
160665014049,Obermaßfeld-Grimmenthal,,98617,Schmalkalden-Meiningen,Thüringen,50.529849,10.44002,1179
091815139131,Obermeitingen,,86836,Landsberg am Lech,Bayern,48.146884,10.806325,1756
095735540123,Obermichelbach,,90587,Fürth,Bayern,49.530771,10.909913,3217
073335007054,Obermoschel,Stadt,67823,Donnersbergkreis,Rheinland-Pfalz,49.727689,7.773886,1065
096755618156,Obernbreit,M,97342,Kitzingen,Bayern,49.65804,10.166032,1659
096760145145,Obernburg a.Main,St,63785,Miltenberg,Bayern,49.842701,9.143788,8575
033525411042,Oberndorf,,21787,Cuxhaven,Niedersachsen,53.751967,9.145492,1367
073335007055,Oberndorf,,67821,Donnersbergkreis,Rheinland-Pfalz,49.710168,7.809978,255
097790196196,Oberndorf a.Lech,,86698,Donau-Ries,Bayern,48.672063,10.867317,2659
083255002045,Oberndorf am Neckar,Stadt,78727,Rottweil,Baden-Württemberg,48.290124,8.569312,14853
071415011102,Oberneisen,,65558,Rhein-Lahn-Kreis,Rheinland-Pfalz,50.326391,8.072855,719
091835151134,Oberneukirchen,,84565,Mühldorf a.Inn,Bayern,48.172963,12.51971,839
031595402025,Obernfeld,,37434,Göttingen,Niedersachsen,51.555773,10.232938,944
084175005047,Obernheim,,72364,Zollernalbkreis,Baden-Württemberg,48.162516,8.861492,1458
073405009219,Obernheim-Kirchenarnbach,,66919,Südwestpfalz,Rheinland-Pfalz,49.352699,7.573495,1473
071415010103,Obernhof,,56379,Rhein-Lahn-Kreis,Rheinland-Pfalz,50.317497,7.852927,383
031515403019,Obernholz,,29386,Gifhorn,Niedersachsen,52.7545,10.581937,812
032570028028,Obernkirchen,Stadt,31683,Schaumburg,Niedersachsen,52.270718,9.130876,8912
092750137137,Obernzell,M,94130,Passau,Bayern,48.554837,13.637939,3638
095750156156,Obernzenn,M,91619,Neustadt a.d.Aisch-Bad Windsheim,Bayern,49.44945,10.467934,2462
160755005075,Oberoppurg,,07381,Saale-Orla-Kreis,Thüringen,50.695203,11.678007,149
097775751155,Oberostendorf,,86869,Ostallgäu,Bayern,47.942458,10.741766,1490
073375002059,Oberotterbach,,76889,Südliche Weinstraße,Rheinland-Pfalz,49.069276,7.970507,1135
097725710186,Oberottmarshausen,,86507,Augsburg,Bayern,48.238311,10.85721,1773
091755114131,Oberpframmern,,85667,Ebersberg,Bayern,48.021679,11.813087,2467
072325001285,Oberpierscheid,,54649,Eifelkreis Bitburg-Prüm,Rheinland-Pfalz,50.065127,6.372554,336
096795645169,Oberpleichfeld,,97241,Würzburg,Bayern,49.876795,10.085127,1143
092715204139,Oberpöring,,94562,Deggendorf,Bayern,48.702125,12.825482,1201
071385009054,Oberraden,,56587,Neuwied,Rheinland-Pfalz,50.549844,7.533766,666
082355006055,Oberreichenbach,,75394,Calw,Baden-Württemberg,48.734376,8.661125,3015
095725512147,Oberreichenbach,,91097,Erlangen-Höchstadt,Bayern,49.589955,10.769904,1334
071345005066,Oberreidenbach,,55758,Birkenfeld,Rheinland-Pfalz,49.705734,7.462463,586
097765738121,Oberreute,,88179,Lindau (Bodensee),Bayern,47.564533,9.944133,1654
083155003084,Oberried,,79254,Breisgau-Hochschwarzwald,Baden-Württemberg,47.932544,7.945766,2773
097785759183,Oberrieden,,87769,Unterallgäu,Bayern,48.086861,10.427632,1171
081185008059,Oberriexingen,Stadt,71739,Ludwigsburg,Baden-Württemberg,48.927122,9.029526,3306
071435006282,Oberrod,,56479,Westerwaldkreis,Rheinland-Pfalz,50.584862,8.125137,663
097759452452,Oberroggenburger Wald,,,Neu-Ulm,Bayern,48.222811,10.254103,0
071435006283,Oberroßbach,,56479,Westerwaldkreis,Rheinland-Pfalz,50.652664,8.038235,359
081275006062,Oberrot,,74420,Schwäbisch Hall,Baden-Württemberg,49.013928,9.66391,3476
097755741141,Oberroth,,89294,Neu-Ulm,Bayern,48.173533,10.19101,1005
072315008101,Oberscheidweiler,,54533,Bernkastel-Wittlich,Rheinland-Pfalz,50.07388,6.935026,183
095755518157,Oberscheinfeld,M,91483,Neustadt a.d.Aisch-Bad Windsheim,Bayern,49.709395,10.43155,1047
091840135135,Oberschleißheim,,85764,München,Bayern,48.250998,11.551194,11857
073375002060,Oberschlettenbach,,76889,Südliche Weinstraße,Rheinland-Pfalz,49.145525,7.871295,130
092780167167,Oberschneiding,,94363,Straubing-Bogen,Bayern,48.796503,12.642453,3290
096785642164,Oberschwarzach,M,97516,Schweinfurt,Bayern,49.860794,10.410276,1423
091795131140,Oberschweinbach,,82294,Fürstenfeldbruck,Bayern,48.241192,11.158268,1741
145220430430,Oberschöna,,09600,Mittelsachsen,Sachsen,50.900838,13.250121,3157
097785758184,Oberschönegg,,87770,Unterallgäu,Bayern,48.107199,10.299785,1048
073405003036,Obersimten,,66957,Südwestpfalz,Rheinland-Pfalz,49.167249,7.581641,616
096775622169,Obersinn,M,97791,Main-Spessart,Bayern,50.209147,9.615206,921
081275007063,Obersontheim,,74423,Schwäbisch Hall,Baden-Württemberg,49.057122,9.89935,5355
084255010091,Oberstadion,,89613,Alb-Donau-Kreis,Baden-Württemberg,48.186931,9.691361,1598
160695002035,Oberstadt,,98530,Hildburghausen,Thüringen,50.555193,10.596859,318
072335001055,Oberstadtfeld,,54570,Vulkaneifel,Rheinland-Pfalz,50.175902,6.7655,515
097800132132,Oberstaufen,M,87534,Oberallgäu,Bayern,47.554303,10.021839,7654
073365010071,Oberstaufenbach,,66879,Kusel,Rheinland-Pfalz,49.515551,7.5089,249
097800133133,Oberstdorf,M,87561,Oberallgäu,Bayern,47.408447,10.276053,9279
072325008097,Oberstedem,,54634,Eifelkreis Bitburg-Prüm,Rheinland-Pfalz,49.930039,6.506634,72
071325010085,Obersteinebach,,56593,Altenkirchen (Westerwald),Rheinland-Pfalz,50.58987,7.499519,233
081180060060,Oberstenfeld,,71720,Ludwigsburg,Baden-Württemberg,49.024346,9.321661,7537
071335006075,Oberstreit,,55596,Bad Kreuznach,Rheinland-Pfalz,49.79649,7.696035,285
096735633151,Oberstreu,,97640,Rhön-Grabfeld,Bayern,50.402879,10.286933,1482
081255011110,Obersulm,,74182,Heilbronn,Baden-Württemberg,49.135333,9.384003,13756
091905176136,Obersöchering,,82395,Weilheim-Schongau,Bayern,47.735505,11.220229,1565
073325007040,Obersülzen,,67271,Bad Dürkheim,Rheinland-Pfalz,49.5684,8.21131,753
092745221165,Obersüßbach,,84101,Landshut,Bayern,48.609888,11.944102,1664
091830135135,Obertaufkirchen,,84419,Mühldorf a.Inn,Bayern,48.261515,12.279353,2723
084355003045,Oberteuringen,,88094,Bodenseekreis,Baden-Württemberg,47.725477,9.471967,5035
100460116116,Oberthal,,66649,St. Wendel,Saarland,49.511195,7.089249,6073
096720139139,Oberthulba,M,97723,Bad Kissingen,Bayern,50.198925,9.961254,4948
071415007104,Obertiefenbach,,56357,Rhein-Lahn-Kreis,Rheinland-Pfalz,50.242763,7.889871,383
093750179179,Obertraubling,,93083,Regensburg,Bayern,48.966317,12.165778,8779
160715051069,Obertrebra,,99510,Weimarer Land,Thüringen,51.063116,11.569793,236
094740156156,Obertrubach,,91286,Forchheim,Bayern,49.695052,11.349238,2177
064380010010,Obertshausen,Stadt,63179,Offenbach,Hessen,50.072108,8.848662,25316
120735306430,Oberuckersee,,17291,Uckermark,Brandenburg,53.217306,13.840199,1589
064340008008,Oberursel (Taunus),Stadt,61440,Hochtaunuskreis,Hessen,50.200588,8.582282,46736
093760151151,Oberviechtach,St,92526,Schwandorf,Bayern,49.460918,12.418782,4905
071415007105,Oberwallmenach,,56357,Rhein-Lahn-Kreis,Rheinland-Pfalz,50.162336,7.827766,200
071325010086,Oberwambach,,57614,Altenkirchen (Westerwald),Rheinland-Pfalz,50.658458,7.658434,426
160665005052,Oberweid,,98634,Schmalkalden-Meiningen,Thüringen,50.590544,10.063674,475
072325008098,Oberweiler,,54636,Eifelkreis Bitburg-Prüm,Rheinland-Pfalz,50.04316,6.438388,171
073365008072,Oberweiler im Tal,,67756,Kusel,Rheinland-Pfalz,49.581168,7.549484,159
073365008073,Oberweiler-Tiefenbach,,67752,Kusel,Rheinland-Pfalz,49.603527,7.613261,268
072325008099,Oberweis,,54636,Eifelkreis Bitburg-Prüm,Rheinland-Pfalz,49.962962,6.420957,562
071405009112,Oberwesel,Stadt,55430,Rhein-Hunsrück-Kreis,Rheinland-Pfalz,50.106015,7.722947,2939
145245135240,Oberwiera,,08396,Zwickau,Sachsen,50.892077,12.536763,1025
071415010106,Oberwies,,56379,Rhein-Lahn-Kreis,Rheinland-Pfalz,50.287391,7.78014,148
073335004056,Oberwiesen,,67294,Donnersbergkreis,Rheinland-Pfalz,49.698948,7.961243,564
145210440440,"Oberwiesenthal, Kurort",Stadt,09484,Erzgebirgskreis,Sachsen,50.419392,12.969165,1929
083175013093,Oberwolfach,,77709,Ortenaukreis,Baden-Württemberg,48.317073,8.216772,2527
071345005067,Oberwörresbach,,55758,Birkenfeld,Rheinland-Pfalz,49.778789,7.319938,116
064370016016,Oberzent,Stadt,64760,Odenwaldkreis,Hessen,49.567461,8.9735,9429
071315004060,Oberzissen,,56651,Ahrweiler,Rheinland-Pfalz,50.453292,7.199295,1106
072315008100,Oberöfflingen,,54533,Bernkastel-Wittlich,Rheinland-Pfalz,50.06541,6.867152,282
150885051265,Obhausen,,06268,Saalekreis,Sachsen-Anhalt,51.39138,11.65471,2122
091895170133,Obing,,83119,Traunstein,Bayern,48.000748,12.407264,4441
082255005074,Obrigheim,,74847,Neckar-Odenwald-Kreis,Baden-Württemberg,49.353176,9.089945,5357
073325007041,Obrigheim (Pfalz),,67283,Bad Dürkheim,Rheinland-Pfalz,49.59282,8.20564,2814
096790170170,Ochsenfurt,St,97199,Würzburg,Bayern,49.665427,10.060849,11219
084265006087,Ochsenhausen,Stadt,88416,Biberach,Baden-Württemberg,48.06947,9.951929,9358
071375002086,Ochtendung,,56299,Mayen-Koblenz,Rheinland-Pfalz,50.349297,7.39081,5377
034625402012,Ochtersum,,26489,Wittmund,Niedersachsen,53.605178,7.525015,928
055660068068,Ochtrup,Stadt,48607,Steinfurt,Nordrhein-Westfalen,52.208516,7.18865,20394
071385004055,Ockenfels,,53545,Neuwied,Rheinland-Pfalz,50.576721,7.272857,1061
073395003048,Ockenheim,,55437,Mainz-Bingen,Rheinland-Pfalz,49.942405,7.972373,2736
072355008098,Ockfen,,54441,Trier-Saarburg,Rheinland-Pfalz,49.624189,6.585245,585
010545494093,Ockholm,,25842,Nordfriesland,Schleswig-Holstein,54.665128,8.827553,335
010515175083,Odderade,,25785,Dithmarschen,Schleswig-Holstein,54.139384,9.190795,332
091740135135,Odelzhausen,,85235,Dachau,Bayern,48.308784,11.198784,5671
073365008074,Odenbach,,67748,Kusel,Rheinland-Pfalz,49.685129,7.650783,763
053780020020,Odenthal,,51519,Rheinisch-Bergischer Kreis,Nordrhein-Westfalen,51.032576,7.116919,15782
120645414371,Oderaue,,16259,Märkisch-Oderland,Brandenburg,52.765114,14.162889,1560
120605011176,Oderberg,Stadt,16248,Barnim,Brandenburg,52.866613,14.044652,1981
071335010076,Odernheim am Glan,,55571,Bad Kreuznach,Rheinland-Pfalz,49.765576,7.705568,1747
146260390390,Oderwitz,,02791,Görlitz,Sachsen,50.949642,14.731983,4667
033525411043,Odisheim,,21775,Cuxhaven,Niedersachsen,53.694134,8.940683,461
150830411411,Oebisfelde-Weferlingen,Stadt,39646,Börde,Sachsen-Anhalt,52.435124,10.986962,13002
160635059062,Oechsen,,36404,Wartburgkreis,Thüringen,50.745069,10.065576,578
145220440440,Oederan,Stadt,09569,Mittelsachsen,Sachsen,50.861806,13.166415,7569
033595407035,Oederquart,,21734,Stade,Niedersachsen,53.804718,9.239116,924
081255001078,Oedheim,,74229,Heilbronn,Baden-Württemberg,49.239986,9.257536,6580
055700028028,Oelde,Stadt,59302,Warendorf,Nordrhein-Westfalen,51.827467,8.146074,30129
010615104079,Oelixdorf,,25524,Steinburg,Schleswig-Holstein,53.926812,9.564806,1531
071415007107,Oelsberg,,56357,Rhein-Lahn-Kreis,Rheinland-Pfalz,50.198624,7.835725,573
145210450450,Oelsnitz/Erzgeb.,Stadt,09376,Erzgebirgskreis,Sachsen,50.724284,12.706087,10954
145235122300,Oelsnitz/Vogtl.,Stadt,08606,Vogtlandkreis,Sachsen,50.41589,12.17316,10062
055620028028,Oer-Erkenschwick,Stadt,45739,Recklinghausen,Nordrhein-Westfalen,51.639877,7.260829,31404
033575403035,Oerel,,27432,Rotenburg (Wümme),Niedersachsen,53.481562,9.055829,1890
010605034065,Oering,,23845,Segeberg,Schleswig-Holstein,53.825234,10.14788,1399
096720140140,Oerlenbach,,97714,Bad Kissingen,Bayern,50.143562,10.133993,5051
057660056056,Oerlinghausen,Stadt,33813,Lippe,Nordrhein-Westfalen,51.952315,8.66135,17233
010595920067,Oersberg,,24407,Schleswig-Flensburg,Schleswig-Holstein,54.674619,9.842046,293
010605048066,Oersdorf,,24568,Segeberg,Schleswig-Holstein,53.840293,9.994875,876
010615189080,Oeschebüttel,,25548,Steinburg,Schleswig-Holstein,53.99272,9.72044,181
010515178084,Oesterdeichstrich,,25761,Dithmarschen,Schleswig-Holstein,54.158891,8.900566,218
010515178140,Oesterwurth,,25764,Dithmarschen,Schleswig-Holstein,54.211016,8.991292,228
064390012012,Oestrich-Winkel,Stadt,65375,Rheingau-Taunus-Kreis,Hessen,49.998444,8.00726,11443
160715008071,Oettern,,99438,Weimarer Land,Thüringen,50.922329,11.358028,114
160755004076,Oettersdorf,,07907,Saale-Orla-Kreis,Thüringen,50.599671,11.818541,800
097795721197,Oettingen i.Bay.,St,86732,Donau-Ries,Bayern,48.955274,10.605363,5196
033605404015,Oetzen,,29588,Uelzen,Niedersachsen,53.021961,10.674941,1122
010545488094,Oevenum,,25938,Nordfriesland,Schleswig-Holstein,54.710109,8.530541,447
010595940184,Oeversee,,24988,Schleswig-Flensburg,Schleswig-Holstein,54.702848,9.433082,3611
081255001079,Offenau,,74254,Heilbronn,Baden-Württemberg,49.243887,9.163268,2848
064130000000,Offenbach am Main,Stadt,63065,Offenbach am Main,Hessen,50.105567,8.764442,132746
073375007061,Offenbach an der Queich,,76877,Südliche Weinstraße,Rheinland-Pfalz,49.193975,8.190128,6305
073365008075,Offenbach-Hundheim,,67749,Kusel,Rheinland-Pfalz,49.624849,7.548454,1006
092710140140,Offenberg,,94560,Deggendorf,Bayern,48.862096,12.863046,3334
083175010096,Offenburg,Stadt,77652,Ortenaukreis,Baden-Württemberg,48.469474,7.944214,62993
010515175085,Offenbüttel,,25767,Dithmarschen,Schleswig-Holstein,54.169186,9.357994,254
095745529145,Offenhausen,,91238,Nürnberger Land,Bayern,49.450965,11.412171,1560
073315001053,Offenheim,,55234,Alzey-Worms,Rheinland-Pfalz,49.725483,8.031502,631
097745727171,Offingen,M,89362,Günzburg,Bayern,48.482447,10.361991,4336
073315003054,Offstein,,67591,Alzey-Worms,Rheinland-Pfalz,49.605463,8.237635,1845
084165002031,Ofterdingen,,72131,Tübingen,Baden-Württemberg,48.42084,9.030929,5505
097805742134,Ofterschwang,,87527,Oberallgäu,Bayern,47.495843,10.237983,2032
082260062062,Oftersheim,,68723,Rhein-Neckar-Kreis,Baden-Württemberg,49.368098,8.585149,12272
084265001090,Oggelshausen,,88422,Biberach,Baden-Württemberg,48.070826,9.648628,902
071315001062,Ohlenhard,,53520,Ahrweiler,Rheinland-Pfalz,50.442924,6.768609,130
083175003097,Ohlsbach,,77797,Ortenaukreis,Baden-Württemberg,48.43135,7.993608,3368
091805136127,Ohlstadt,,82441,Garmisch-Partenkirchen,Bayern,47.634651,11.230358,3323
071405008113,Ohlweiler,,55469,Rhein-Hunsrück-Kreis,Rheinland-Pfalz,49.966605,7.496395,322
073365009076,Ohmbach,,66903,Kusel,Rheinland-Pfalz,49.448712,7.350284,755
081165008053,Ohmden,,73275,Esslingen,Baden-Württemberg,48.645302,9.525906,1739
034565403016,Ohne,,48465,Grafschaft Bentheim,Niedersachsen,52.272738,7.283482,631
146255231410,Ohorn,,01896,Bautzen,Sachsen,51.175275,14.049991,2443
160675050053,Ohrdruf,Stadt,99885,Gotha,Thüringen,50.827454,10.734042,9991
095715501188,Ohrenbach,,91620,Ansbach,Bayern,49.469719,10.210426,558
031585403023,Ohrum,,38312,Wolfenbüttel,Niedersachsen,52.119288,10.563531,613
145210460460,Olbernhau,Stadt,09526,Erzgebirgskreis,Sachsen,50.659281,13.339236,9953
146265227400,Olbersdorf,,02785,Görlitz,Sachsen,50.869745,14.764046,4281
091790142142,Olching,St,82140,Fürstenfeldbruck,Bayern,48.209243,11.331193,27310
010615168081,Oldenborstel,,25560,Steinburg,Schleswig-Holstein,54.062709,9.513298,109
034030000000,Oldenburg (Oldb),Stadt,26105,Oldenburg (Oldb),Niedersachsen,53.140025,8.212993,176614
010550033033,Oldenburg in Holstein,Stadt,23758,Ostholstein,Schleswig-Holstein,54.293241,10.88815,9711
010585895119,Oldenbüttel,,25557,Rendsburg-Eckernförde,Schleswig-Holstein,54.168952,9.452474,266
010615138082,Oldendorf,,25588,Steinburg,Schleswig-Holstein,53.954336,9.456166,1073
033595409036,Oldendorf,,21726,Stade,Niedersachsen,53.590561,9.25183,3103
033555401027,Oldendorf (Luhe),,21385,Lüneburg,Niedersachsen,53.156905,10.213907,930
010585864120,Oldenhütten,,24793,Rendsburg-Eckernförde,Schleswig-Holstein,54.158096,9.740452,158
010545417095,Oldenswort,,25870,Nordfriesland,Schleswig-Holstein,54.372931,8.94255,1270
010545492096,Oldersbek,,25873,Nordfriesland,Schleswig-Holstein,54.446436,9.166728,756
010545492097,Olderup,,25860,Nordfriesland,Schleswig-Holstein,54.538167,9.112117,464
010545488098,Oldsum,,25938,Nordfriesland,Schleswig-Holstein,54.732075,8.447735,552
055580036036,Olfen,Stadt,59399,Coesfeld,Nordrhein-Westfalen,51.708879,7.38,13175
160685012039,Ollendorf,,99198,Sömmerda,Thüringen,51.036301,11.184709,424
072355004100,Ollmuth,,54316,Trier-Saarburg,Rheinland-Pfalz,49.67149,6.714342,152
072325001287,Olmscheid,,54689,Eifelkreis Bitburg-Prüm,Rheinland-Pfalz,50.064871,6.220311,197
059660024024,Olpe,Stadt,57462,Olpe,Nordrhein-Westfalen,51.02756,7.843584,24695
059580036036,Olsberg,Stadt,59939,Hochsauerlandkreis,Nordrhein-Westfalen,51.354567,8.489819,14700
073355010033,Olsbrücken,,67737,Kaiserslautern,Rheinland-Pfalz,49.539192,7.657665,1016
072325008100,Olsdorf,,54646,Eifelkreis Bitburg-Prüm,Rheinland-Pfalz,49.954076,6.382379,93
072325006288,Olzheim,,54597,Eifelkreis Bitburg-Prüm,Rheinland-Pfalz,50.272988,6.456789,581
096729463463,Omerz u. Roter Berg,,,Bad Kissingen,Bayern,50.180874,9.733342,0
072355003101,Onsdorf,,54456,Trier-Saarburg,Rheinland-Pfalz,49.644324,6.481436,140
097760122122,Opfenbach,,88145,Lindau (Bodensee),Bayern,47.627061,9.833368,2337
146265228410,Oppach,,02736,Görlitz,Sachsen,51.059244,14.501498,2199
083175008098,Oppenau,Stadt,77728,Ortenaukreis,Baden-Württemberg,48.474717,8.165057,4815
073395007049,Oppenheim,Stadt,55276,Mainz-Bingen,Rheinland-Pfalz,49.849137,8.356356,7071
081195001053,Oppenweiler,,71570,Rems-Murr-Kreis,Baden-Württemberg,48.984096,9.458817,4435
160645053053,Oppershausen,,99986,Unstrut-Hainich-Kreis,Thüringen,51.13978,10.447798,273
071405008115,Oppertshausen,,55469,Rhein-Hunsrück-Kreis,Rheinland-Pfalz,49.947269,7.472762,125
160755005077,Oppurg,,07381,Saale-Orla-Kreis,Thüringen,50.710893,11.653439,1059
150910241241,Oranienbaum-Wörlitz,Stadt,06785,Wittenberg,Sachsen-Anhalt,51.79801,12.404739,7998
120650256256,Oranienburg,Stadt,16515,Oberhavel,Brandenburg,52.754051,13.236623,49122
073335004057,Orbis,,67294,Donnersbergkreis,Rheinland-Pfalz,49.695819,7.994174,667
072325007289,Orenhofen,,54298,Eifelkreis Bitburg-Prüm,Rheinland-Pfalz,49.896875,6.6507,1370
071325010088,Orfgen,,57632,Altenkirchen (Westerwald),Rheinland-Pfalz,50.666174,7.532208,233
160745011065,Orlamünde,Stadt,07768,Saale-Holzland-Kreis,Thüringen,50.774417,11.519653,1081
072325006290,Orlenbach,,54595,Eifelkreis Bitburg-Prüm,Rheinland-Pfalz,50.15806,6.382758,252
072335006232,Ormont,,54597,Vulkaneifel,Rheinland-Pfalz,50.327255,6.442819,343
095715506189,Ornbau,St,91737,Ansbach,Bayern,49.176443,10.656504,1720
072325008101,Orsfeld,,54655,Eifelkreis Bitburg-Prüm,Rheinland-Pfalz,50.027288,6.622317,199
083355006099,Orsingen-Nenzingen,,78359,Konstanz,Baden-Württemberg,47.843112,8.958608,3588
064400019019,Ortenberg,Stadt,63683,Wetteraukreis,Hessen,50.35609,9.054158,8423
083175010100,Ortenberg,,77799,Ortenaukreis,Baden-Württemberg,48.451257,7.971409,3553
092750138138,Ortenburg,M,94496,Passau,Bayern,48.543132,13.22576,7330
120665606240,Ortrand,Stadt,01990,Oberspreewald-Lausitz,Brandenburg,51.375972,13.757107,1996
072315008103,Osann-Monzel,,54518,Bernkastel-Wittlich,Rheinland-Pfalz,49.921615,6.952541,1841
072355004103,Osburg,,54317,Trier-Saarburg,Rheinland-Pfalz,49.715281,6.790912,2264
147300230230,Oschatz,Stadt,04758,Nordsachsen,Sachsen,51.297266,13.10932,14184
150830415415,Oschersleben (Bode),Stadt,39387,Börde,Sachsen-Anhalt,52.026437,11.227157,18859
010585824121,Osdorf,,24251,Rendsburg-Eckernförde,Schleswig-Holstein,54.427956,10.015654,2596
095759451451,Osing,,,Neustadt a.d.Aisch-Bad Windsheim,Bayern,49.568268,10.393354,0
031515401020,Osloß,,38557,Gifhorn,Niedersachsen,52.46936,10.680239,2206
034040000000,Osnabrück,Stadt,49074,Osnabrück,Niedersachsen,52.27692,8.04205,166057
146250420420,Oßling / Wóslink,,01920,Bautzen,Sachsen,51.359922,14.165935,2191
055700032032,Ostbevern,,48346,Warendorf,Nordrhein-Westfalen,52.036085,7.839408,11469
034525401021,Osteel,,26529,Aurich,Niedersachsen,53.532932,7.26295,2011
082355002057,Ostelsheim,,75395,Calw,Baden-Württemberg,48.727607,8.851153,2549
033525407044,Osten,,21756,Cuxhaven,Niedersachsen,53.694162,9.188167,1723
010545492099,Ostenfeld (Husum),,25872,Nordfriesland,Schleswig-Holstein,54.462866,9.230675,1577
010585888122,Ostenfeld (Rendsburg),,24790,Rendsburg-Eckernförde,Schleswig-Holstein,54.31452,9.785113,582
010545453101,Oster-Ohrstedt,,25885,Nordfriesland,Schleswig-Holstein,54.514539,9.227445,669
097755740142,Osterberg,,89296,Neu-Ulm,Bayern,48.147788,10.170488,919
033525411045,Osterbruch,,21762,Cuxhaven,Niedersachsen,53.778337,8.941582,467
150900415415,Osterburg (Altmark),Hansestadt,39606,Stendal,Sachsen-Anhalt,52.787899,11.753617,9371
082255007075,Osterburken,Stadt,74706,Neckar-Odenwald-Kreis,Baden-Württemberg,49.428346,9.426233,6639
010585890123,Osterby,,24367,Rendsburg-Eckernförde,Schleswig-Holstein,54.453261,9.753799,978
010595952151,Osterby,,24994,Schleswig-Flensburg,Schleswig-Holstein,54.797445,9.21072,303
034590029029,Ostercappeln,,49179,Osnabrück,Niedersachsen,52.345657,8.226132,9734
033575404036,Ostereistedt,,27404,Rotenburg (Wümme),Niedersachsen,53.302593,9.170931,940
150845054375,Osterfeld,Stadt,06721,Burgenlandkreis,Sachsen-Anhalt,51.080735,11.932485,2346
033589501501,Osterheide,gemfr. Bezirk,29664,Heidekreis,Niedersachsen,52.853298,9.725404,209
010545417100,Osterhever,,25836,Nordfriesland,Schleswig-Holstein,54.385302,8.765219,214
092710141141,Osterhofen,St,94486,Deggendorf,Bayern,48.699902,13.022845,12280
033560007007,Osterholz-Scharmbeck,Stadt,27711,Osterholz,Niedersachsen,53.230402,8.782826,29710
010565636038,Osterhorn,,25364,Pinneberg,Schleswig-Holstein,53.868679,9.698588,410
150820256256,Osternienburger Land,,06386,Anhalt-Bitterfeld,Sachsen-Anhalt,51.792189,12.026166,7928
031590026026,Osterode am Harz,Stadt,37520,Göttingen,Niedersachsen,51.728407,10.248155,21598
010515175086,Osterrade,,25767,Dithmarschen,Schleswig-Holstein,54.190212,9.353264,403
010585888124,Osterrönfeld,,24783,Rendsburg-Eckernförde,Schleswig-Holstein,54.292151,9.697439,5008
071415009108,Osterspai,,56340,Rhein-Lahn-Kreis,Rheinland-Pfalz,50.243537,7.617194,1242
010585895125,Osterstedt,,25590,Rendsburg-Eckernförde,Schleswig-Holstein,54.111751,9.574606,656
034565402017,Osterwald,,49828,Grafschaft Bentheim,Niedersachsen,52.548426,7.056631,1174
150850230230,Osterwieck,Stadt,38835,Harz,Sachsen-Anhalt,51.972545,10.706798,11045
097775751157,Osterzell,,87662,Ostallgäu,Bayern,47.878055,10.743709,700
081160080080,Ostfildern,Stadt,73760,Esslingen,Baden-Württemberg,48.712327,9.301248,39778
160705009041,Osthausen-Wülfershausen,,99310,Ilm-Kreis,Thüringen,50.852321,11.103862,514
096735639153,Ostheim v.d.Rhön,St,97645,Rhön-Grabfeld,Bayern,50.457945,10.230125,3344
073315007055,Osthofen,Stadt,67574,Alzey-Worms,Rheinland-Pfalz,49.703765,8.322551,9650
084370086086,Ostrach,,88356,Sigmaringen,Baden-Württemberg,47.953822,9.380955,7066
160685006041,Ostramondra,,99636,Sömmerda,Thüringen,51.198795,11.328576,437
034570017017,Ostrhauderfehn,,26842,Leer,Niedersachsen,53.13993,7.619279,11885
146260420420,Ostritz,Stadt,02899,Görlitz,Sachsen,51.014115,14.93139,2198
010515172087,Ostrohe,,25746,Dithmarschen,Schleswig-Holstein,54.214,9.130804,861
010620053053,Oststeinbek,,22113,Stormarn,Schleswig-Holstein,53.542137,10.164668,8961
081175003037,Ottenbach,,73113,Göppingen,Baden-Württemberg,48.735288,9.747979,2364
010615138083,Ottenbüttel,,25591,Steinburg,Schleswig-Holstein,53.972124,9.506342,710
010585803126,Ottendorf,,24107,Rendsburg-Eckernförde,Schleswig-Holstein,54.340275,10.044532,986
160745007066,Ottendorf,,07646,Saale-Holzland-Kreis,Thüringen,50.82676,11.822659,404
146250430430,Ottendorf-Okrilla,,01458,Bautzen,Sachsen,51.187617,13.831724,9909
091775124134,Ottenhofen,,85570,Erding,Bayern,48.215814,11.880343,1953
083175006102,Ottenhöfen im Schwarzwald,,77883,Ortenaukreis,Baden-Württemberg,48.567952,8.152611,3082
095740146146,Ottensoos,,91242,Nürnberger Land,Bayern,49.509901,11.341643,1931
032555408031,Ottenstein,Flecken,31868,Holzminden,Niedersachsen,51.946485,9.408921,1170
033535406027,Otter,,21259,Harburg,Niedersachsen,53.240562,9.743028,1709
073355010034,Otterbach,,67731,Kaiserslautern,Rheinland-Pfalz,49.48706,7.739678,4008
073355010035,Otterberg,Stadt,67697,Kaiserslautern,Rheinland-Pfalz,49.502037,7.772375,5348
091820127127,Otterfing,,83624,Miesbach,Bayern,47.908713,11.675542,4682
033525411046,Otterndorf,Stadt,21762,Cuxhaven,Niedersachsen,53.807823,8.899714,7515
033610008008,Ottersberg,Flecken,28870,Verden,Niedersachsen,53.108272,9.142734,13166
073335003058,Ottersheim,,67308,Donnersbergkreis,Rheinland-Pfalz,49.625677,8.108515,352
073345001023,Ottersheim bei Landau,,76879,Germersheim,Rheinland-Pfalz,49.191449,8.230383,1856
073385008021,Otterstadt,,67166,Rhein-Pfalz-Kreis,Rheinland-Pfalz,49.371486,8.451027,3307
082165002041,Ottersweier,,77833,Rastatt,Baden-Württemberg,48.669485,8.11188,6350
147295301330,Otterwisch,,04668,Leipzig,Sachsen,51.203122,12.609653,1357
097795723198,Otting,,86700,Donau-Ries,Bayern,48.872038,10.798237,797
097785757186,Ottobeuren,M,87724,Unterallgäu,Bayern,47.941672,10.300871,8486
091840136136,Ottobrunn,,85521,München,Bayern,48.065189,11.660837,22829
066340020020,Ottrau,,34633,Schwalm-Eder-Kreis,Hessen,50.804341,9.386353,2207
100430115115,Ottweiler,Stadt,66564,Neunkirchen,Saarland,49.402493,7.16207,14255
064320017017,Otzberg,,64853,Darmstadt-Dieburg,Hessen,49.83567,8.901184,6322
092715204143,Otzing,,94563,Deggendorf,Bayern,48.759761,12.808567,1978
071335009077,Otzweiler,,55606,Bad Kreuznach,Rheinland-Pfalz,49.713704,7.50957,196
034610008008,Ovelgönne,,26939,Wesermarsch,Niedersachsen,53.342233,8.422554,5421
053780024024,Overath,Stadt,51491,Rheinisch-Bergischer Kreis,Nordrhein-Westfalen,50.933092,7.282487,26663
081165002054,Owen,Stadt,73277,Esslingen,Baden-Württemberg,48.58688,9.451611,3417
084355007047,Owingen,,88696,Bodenseekreis,Baden-Württemberg,47.810832,9.175628,4492
010585890127,Owschlag,,24811,Rendsburg-Eckernförde,Schleswig-Holstein,54.391387,9.598839,3847
097800128128,Oy-Mittelberg,,87466,Oberallgäu,Bayern,47.64607,10.452462,4564
146265227430,Oybin,,02797,Görlitz,Sachsen,50.841219,14.741702,1281
033610009009,Oyten,,28876,Verden,Niedersachsen,53.059508,9.017071,16380
010585895128,Padenstedt,,24634,Rendsburg-Eckernförde,Schleswig-Holstein,54.048944,9.917284,1789
057740032032,Paderborn,Stadt,33104,Paderborn,Nordrhein-Westfalen,51.719601,8.757301,156378
010515169088,Pahlen,,25794,Dithmarschen,Schleswig-Holstein,54.267813,9.296387,1145
092730159159,Painten,M,93351,Kelheim,Bayern,48.996745,11.81492,2252
160765004055,Paitzdorf,,07580,Greiz,Thüringen,50.845858,12.222577,405
091890134134,Palling,,83349,Traunstein,Bayern,48.000851,12.63946,3555
072355008104,Palzem,,54439,Trier-Saarburg,Rheinland-Pfalz,49.565599,6.376018,1505
130765665107,Pampow,,19075,Ludwigslust-Parchim,Mecklenburg-Vorpommern,53.568681,11.360257,3040
010575727055,Panker,,24321,Plön,Schleswig-Holstein,54.33034,10.573095,1471
120600181181,Panketal,,16341,Barnim,Brandenburg,52.654626,13.543257,21153
146255501440,Panschwitz-Kuckau / Pančicy-Kukow,,01920,Bautzen,Sachsen,51.234217,14.197599,2036
130735358061,Pantelitz,,18442,Vorpommern-Rügen,Mecklenburg-Vorpommern,54.301425,12.968953,892
010535391097,Panten,,23896,Herzogtum Lauenburg,Schleswig-Holstein,53.664571,10.61977,659
072315008104,Pantenburg,,54531,Bernkastel-Wittlich,Rheinland-Pfalz,50.090629,6.839147,244
071355005070,Panzweiler,,56865,Cochem-Zell,Rheinland-Pfalz,50.020235,7.305566,264
034540041041,Papenburg,Stadt,26871,Emsland,Niedersachsen,53.078104,7.393067,37206
130725263077,Papendorf,,18059,Landkreis Rostock,Mecklenburg-Vorpommern,54.03598,12.130157,2464
130755560104,Papendorf,,17309,Vorpommern-Greifswald,Mecklenburg-Vorpommern,53.496293,13.946929,199
130735355062,Papenhagen,,18510,Vorpommern-Rügen,Mecklenburg-Vorpommern,54.146231,12.98195,524
095770158158,Pappenheim,St,91788,Weißenburg-Gunzenhausen,Bayern,48.934776,10.974589,3942
130760108108,Parchim,Stadt,19370,Ludwigslust-Parchim,Mecklenburg-Vorpommern,53.425581,11.847644,17893
130735353063,Parchtitz,,18528,Vorpommern-Rügen,Mecklenburg-Vorpommern,54.439132,13.398463,740
093745323144,Parkstein,M,92711,Neustadt a.d.Waldnaab,Bayern,49.733133,12.069512,2379
092780170170,Parkstetten,,94365,Straubing-Bogen,Bayern,48.917009,12.596163,3323
031515402021,Parsau,,38470,Gifhorn,Niedersachsen,52.536259,10.891588,1955
093730151151,Parsberg,St,92331,Neumarkt i.d.OPf.,Bayern,49.160047,11.714998,7818
120605011185,Parsteinsee,,16248,Barnim,Brandenburg,52.932981,14.07355,510
073315006056,Partenheim,,55288,Alzey-Worms,Rheinland-Pfalz,49.882449,8.077527,1594
096775656170,Partenstein,,97846,Main-Spessart,Bayern,50.041254,9.516827,2689
096779461461,Partensteiner Forst,,,Main-Spessart,Bayern,50.00673,9.47189,0
147295307340,Parthenstein,,04668,Leipzig,Sachsen,51.253449,12.639795,3545
072355008105,Paschel,,54314,Trier-Saarburg,Rheinland-Pfalz,49.638881,6.688591,225
130750105105,Pasewalk,Stadt,17309,Vorpommern-Greifswald,Mecklenburg-Vorpommern,53.505112,13.990282,9666
160755013079,Paska,,07381,Saale-Orla-Kreis,Thüringen,50.620502,11.628281,92
010575755056,Passade,,24253,Plön,Schleswig-Holstein,54.366581,10.316786,356
092620000000,Passau,,94030,Passau,Bayern,48.572926,13.458449,53039
130745457060,Passee,,23992,Nordwestmecklenburg,Mecklenburg-Vorpommern,53.956175,11.770604,185
130765655109,Passow,,19386,Ludwigslust-Parchim,Mecklenburg-Vorpommern,53.506577,12.053533,686
091775120135,Pastetten,,85669,Erding,Bayern,48.199897,11.945285,2818
071415009109,Patersberg,,56348,Rhein-Lahn-Kreis,Rheinland-Pfalz,50.156811,7.733582,333
092760134134,Patersdorf,,94265,Regen,Bayern,49.015049,12.985339,1721
032410013013,Pattensen,Stadt,30982,Region Hannover,Niedersachsen,52.26395,9.761472,14666
130735353064,Patzig,,18528,Vorpommern-Rügen,Mecklenburg-Vorpommern,54.466052,13.395633,421
120635302228,Paulinenaue,,14641,Havelland,Brandenburg,52.675763,12.710464,1328
091785127150,Paunzhausen,,85307,Freising,Bayern,48.474909,11.566162,1605
145230310310,Pausa-Mühltroff,Stadt,07952,Vogtlandkreis,Sachsen,50.580559,11.997007,4625
093775347145,Pechbrunn,,95701,Tirschenreuth,Bayern,49.968635,12.168271,1287
130715160172,Peenehagen,,17192,Mecklenburgische Seenplatte,Mecklenburg-Vorpommern,53.578836,12.784025,970
130755561106,Peenemünde,,17449,Vorpommern-Greifswald,Mecklenburg-Vorpommern,54.135851,13.770247,369
072325005103,Peffingen,,54668,Eifelkreis Bitburg-Prüm,Rheinland-Pfalz,49.909348,6.407164,211
147295308350,Pegau,Stadt,04523,Leipzig,Sachsen,51.166763,12.254324,6578
032555408032,Pegestorf,,37619,Holzminden,Niedersachsen,51.926812,9.49702,388
094720175175,Pegnitz,St,91257,Bayreuth,Bayern,49.756304,11.544194,13665
031570006006,Peine,Stadt,31224,Peine,Niedersachsen,52.321764,10.227076,50987
010615138084,Peissen,,25551,Steinburg,Schleswig-Holstein,54.024416,9.608692,280
091900139139,Peißenberg,M,82380,Weilheim-Schongau,Bayern,47.804848,11.071958,13148
091900140140,Peiting,M,86971,Weilheim-Schongau,Bayern,47.7939,10.927056,11798
120715107304,Peitz/Picnjo,Stadt,03185,Spree-Neiße,Brandenburg,51.858547,14.411595,4301
072355003106,Pellingen,,54331,Trier-Saarburg,Rheinland-Pfalz,49.674607,6.670546,1233
010545459103,Pellworm,,25849,Nordfriesland,Schleswig-Holstein,54.518632,8.686238,1185
072335006056,Pelm,,54570,Vulkaneifel,Rheinland-Pfalz,50.232461,6.688389,929
093720146146,Pemfling,,93482,Cham,Bayern,49.265394,12.612027,2161
145220460460,Penig,Stadt,09322,Mittelsachsen,Sachsen,50.933482,12.706022,8059
130755556107,Penkun,Stadt,17328,Vorpommern-Greifswald,Mecklenburg-Vorpommern,53.297789,14.23566,1707
032565411023,Pennigsehl,,31621,Nienburg (Weser),Niedersachsen,52.642381,9.026812,1158
093750180180,Pentling,,93080,Regensburg,Bayern,48.981475,12.05804,6328
091900141141,Penzberg,St,82377,Weilheim-Schongau,Bayern,47.751761,11.376279,17028
130725252078,Penzin,,18249,Landkreis Rostock,Mecklenburg-Vorpommern,53.913779,11.926667,140
091810132132,Penzing,,86929,Landsberg am Lech,Bayern,48.074902,10.927474,4321
130715158115,Penzlin,Stadt,17217,Mecklenburgische Seenplatte,Mecklenburg-Vorpommern,53.505303,13.087659,4033
091715104126,Perach,,84567,Altötting,Bayern,48.265551,12.767571,1326
092785252171,Perasdorf,,94366,Straubing-Bogen,Bayern,48.950042,12.801636,526
092785250172,Perkam,,94368,Straubing-Bogen,Bayern,48.854349,12.440645,1605
100420115115,Perl,,66706,Merzig-Wadern,Saarland,49.473406,6.386208,9503
091849457457,Perlacher Forst,,,München,Bayern,48.068937,11.575704,0
120700296296,Perleberg,Stadt,19348,Prignitz,Brandenburg,53.076035,11.864297,12022
092725214138,Perlesreut,M,94157,Freyung-Grafenau,Bayern,48.77936,13.441289,2863
130745455061,Perlin,,19209,Nordwestmecklenburg,Mecklenburg-Vorpommern,53.587265,11.175076,379
071405009116,Perscheid,,55430,Rhein-Hunsrück-Kreis,Rheinland-Pfalz,50.071263,7.699443,317
120635302240,Pessin,,14641,Havelland,Brandenburg,52.642745,12.666402,610
095710190190,Petersaurach,,91580,Ansbach,Bayern,49.308214,10.746971,5000
066310020020,Petersberg,,36100,Fulda,Hessen,50.557878,9.711846,16038
073405009037,Petersberg,,66989,Südwestpfalz,Rheinland-Pfalz,49.238948,7.565751,854
150880295295,Petersberg,,06193,Saalekreis,Sachsen-Anhalt,51.593677,11.949686,9329
160745052067,Petersberg,,07616,Saale-Holzland-Kreis,Thüringen,50.98584,11.834703,284
097715701155,Petersdorf,,86574,Aichach-Friedberg,Bayern,48.507729,11.018061,1752
057700028028,Petershagen,Stadt,32469,Minden-Lübbecke,Nordrhein-Westfalen,52.378264,8.969816,25340
120640380380,Petershagen/Eggersdorf,,15345,Märkisch-Oderland,Brandenburg,52.537708,13.815749,15432
091740136136,Petershausen,,85238,Dachau,Bayern,48.40908,11.468654,6353
071325010089,Peterslahr,,57632,Altenkirchen (Westerwald),Rheinland-Pfalz,50.612771,7.480643,327
071355005071,Peterswald-Löffelscheid,,56858,Cochem-Zell,Rheinland-Pfalz,50.008511,7.319492,736
093750181181,Pettendorf,,93186,Regensburg,Bayern,49.059425,12.005548,3438
091890135135,Petting,,83367,Traunstein,Bayern,47.912089,12.816216,2250
094710169169,Pettstadt,,96175,Bamberg,Bayern,49.831918,10.932733,2238
160755013081,Peuschen,,07389,Saale-Orla-Kreis,Thüringen,50.658948,11.642559,430
071335001078,Pfaffen-Schwabenheim,,55546,Bad Kreuznach,Rheinland-Pfalz,49.850969,7.950329,1522
097785759187,Pfaffenhausen,M,87772,Unterallgäu,Bayern,48.120469,10.457079,2659
081255010081,Pfaffenhofen,,74397,Heilbronn,Baden-Württemberg,49.063969,8.975253,2593
091740137137,Pfaffenhofen a.d.Glonn,,85235,Dachau,Bayern,48.29497,11.162447,2328
091860143143,Pfaffenhofen a.d.Ilm,St,85276,Pfaffenhofen a.d.Ilm,Bayern,48.529783,11.503851,26996
097755739143,Pfaffenhofen a.d.Roth,M,89284,Neu-Ulm,Bayern,48.354606,10.160693,7311
083155014089,Pfaffenweiler,,79292,Breisgau-Hochschwarzwald,Baden-Württemberg,47.935869,7.75878,2604
091875184159,Pfaffing,,83539,Rosenheim,Bayern,48.05523,12.109178,4104
160615014075,Pfaffschwende,,37308,Eichsfeld,Thüringen,51.248584,10.09692,291
093755337182,Pfakofen,,93101,Regensburg,Bayern,48.858214,12.227776,1615
071405009117,Pfalzfeld,,56291,Rhein-Hunsrück-Kreis,Rheinland-Pfalz,50.113145,7.578784,616
082375005054,Pfalzgrafenweiler,,72285,Freudenstadt,Baden-Württemberg,48.528061,8.567546,7286
092770138138,Pfarrkirchen,St,84347,Rottal-Inn,Bayern,48.432193,12.937787,12764
096745611184,Pfarrweisach,,96176,Haßberge,Bayern,50.14588,10.737993,1447
093750183183,Pfatter,,93102,Regensburg,Bayern,48.965774,12.384957,3119
081265005069,Pfedelbach,,74629,Hohenlohekreis,Baden-Württemberg,49.17696,9.503745,9369
073365010077,Pfeffelbach,,66871,Kusel,Rheinland-Pfalz,49.540856,7.32696,883
092740172172,Pfeffenhausen,M,84076,Landshut,Bayern,48.665303,11.964285,5441
160675007055,Pferdingsleben,,99869,Gotha,Thüringen,50.970164,10.817201,366
082150101101,Pfinztal,,76327,Karlsruhe,Baden-Württemberg,48.986457,8.541756,18178
095775532159,Pfofeld,,91738,Weißenburg-Gunzenhausen,Bayern,49.104669,10.838689,1470
097775749158,Pforzen,,87666,Ostallgäu,Bayern,47.929763,10.6129,2404
082310000000,Pforzheim,Stadt,75175,Pforzheim,Baden-Württemberg,48.891285,8.699166,134912
093765343153,Pfreimd,St,92536,Schwandorf,Bayern,49.494048,12.181982,4943
084155006058,Pfronstetten,,72539,Reutlingen,Baden-Württemberg,48.275033,9.362101,1523
097770159159,Pfronten,,87459,Ostallgäu,Bayern,47.581473,10.557878,7687
084375004088,Pfullendorf,Stadt,88630,Sigmaringen,Baden-Württemberg,47.923774,9.255547,13442
084150059059,Pfullingen,Stadt,72793,Reutlingen,Baden-Württemberg,48.466279,9.226443,19759
064320018018,Pfungstadt,Stadt,64319,Darmstadt-Dieburg,Hessen,49.801774,8.597771,25415
091765119153,Pförring,M,85104,Eichstätt,Bayern,48.808195,11.689187,4150
082155006066,Philippsburg,Stadt,76661,Karlsruhe,Baden-Württemberg,49.236173,8.453544,13748
072325007104,Philippsheim,,54662,Eifelkreis Bitburg-Prüm,Rheinland-Pfalz,49.954244,6.626449,90
092725212139,Philippsreut,,94158,Freyung-Grafenau,Bayern,48.865539,13.676821,618
092729457457,Philippsreuter Wald,,,Freyung-Grafenau,Bayern,48.871812,13.706691,0
066320016016,Philippsthal (Werra),Marktgemeinde,36269,Hersfeld-Rotenburg,Hessen,50.842335,10.004879,3926
130765658111,Picher,,19230,Ludwigslust-Parchim,Mecklenburg-Vorpommern,53.348163,11.346389,632
072325008105,Pickließem,,54647,Eifelkreis Bitburg-Prüm,Rheinland-Pfalz,49.987799,6.648089,303
091720128128,Piding,,83451,Berchtesgadener Land,Bayern,47.769593,12.91208,5284
093755334184,Pielenhofen,,93188,Regensburg,Bayern,49.072993,11.957209,1661
072315001105,Piesport,,54498,Bernkastel-Wittlich,Rheinland-Pfalz,49.886545,6.915778,2000
071375002087,Pillig,,56753,Mayen-Koblenz,Rheinland-Pfalz,50.239667,7.311966,488
093735321153,Pilsach,,92367,Neumarkt i.d.OPf.,Bayern,49.321299,11.503348,2860
092790132132,Pilsting,M,94431,Dingolfing-Landau,Bayern,48.70054,12.650776,7158
130745455062,Pingelshagen,,19069,Nordwestmecklenburg,Mecklenburg-Vorpommern,53.683161,11.337987,558
010560039039,Pinneberg,Stadt,25421,Pinneberg,Schleswig-Holstein,53.661209,9.796428,44865
120735051440,Pinnow,,16278,Uckermark,Brandenburg,53.061525,14.085547,913
130765668112,Pinnow,,19065,Ludwigslust-Parchim,Mecklenburg-Vorpommern,53.602581,11.547517,2013
072325001291,Pintesfeld,,54649,Eifelkreis Bitburg-Prüm,Rheinland-Pfalz,50.108173,6.364799,36
094745422158,Pinzberg,,91361,Forchheim,Bayern,49.690649,11.100792,1951
093745329146,Pirk,,92712,Neustadt a.d.Waldnaab,Bayern,49.634921,12.163544,1936
073170000000,Pirmasens,Stadt,66953,Pirmasens,Rheinland-Pfalz,49.19945,7.606009,39761
146285229270,Pirna,Stadt,01796,Sächsische Schweiz-Osterzgebirge,Sachsen,50.960723,13.938938,40128
120705009300,Pirow,,19348,Prignitz,Brandenburg,53.218136,11.900884,430
072325006292,Pittenbach,,54595,Eifelkreis Bitburg-Prüm,Rheinland-Pfalz,50.173953,6.347751,97
091895170137,Pittenhart,,83132,Traunstein,Bayern,47.975844,12.389641,1899
130725255079,Plaaz,,18276,Landkreis Rostock,Mecklenburg-Vorpommern,53.842881,12.345611,742
071375001088,Plaidt,,56637,Mayen-Koblenz,Rheinland-Pfalz,50.391084,7.3912,6003
120695904470,Planebruch,,14822,Potsdam-Mittelmark,Brandenburg,52.259962,12.659013,993
091840138138,Planegg,,82152,München,Bayern,48.105815,11.424579,11007
120695910474,Planetal,,14806,Potsdam-Mittelmark,Brandenburg,52.10196,12.669596,877
094725412176,Plankenfels,,95515,Bayreuth,Bayern,49.885785,11.334739,840
082260063063,Plankstadt,,68723,Rhein-Neckar-Kreis,Baden-Württemberg,49.392183,8.593962,10644
072325005106,Plascheid,,54673,Eifelkreis Bitburg-Prüm,Rheinland-Pfalz,50.038235,6.288682,90
130765668113,Plate,,19086,Ludwigslust-Parchim,Mecklenburg-Vorpommern,53.551695,11.499726,3283
072315008107,Platten,,54518,Bernkastel-Wittlich,Rheinland-Pfalz,49.950863,6.953437,876
120700302302,Plattenburg,,19339,Prignitz,Brandenburg,52.957032,12.02873,3149
092710146146,Plattling,St,94447,Deggendorf,Bayern,48.776597,12.873601,13160
130765663114,Plau am See,Stadt,19395,Ludwigslust-Parchim,Mecklenburg-Vorpommern,53.459171,12.264665,5960
160705002043,Plaue,Stadt,99338,Ilm-Kreis,Thüringen,50.779512,10.899211,1972
145230320320,"Plauen, Stadt",Hochschulstadt,08523,Vogtlandkreis,Sachsen,50.496039,12.135285,65599
094725417177,Plech,M,91287,Bayreuth,Bayern,49.651706,11.468558,1350
092729458458,Pleckensteiner Wald,,,Freyung-Grafenau,Bayern,48.770801,13.791673,0
071325010090,Pleckhausen,,56593,Altenkirchen (Westerwald),Rheinland-Pfalz,50.595239,7.542036,836
081185004063,Pleidelsheim,,74385,Ludwigsburg,Baden-Württemberg,48.95908,9.205009,6087
072315008108,Plein,,54518,Bernkastel-Wittlich,Rheinland-Pfalz,50.027548,6.873931,624
095770161161,Pleinfeld,M,91785,Weißenburg-Gunzenhausen,Bayern,49.105396,10.985801,7350
091710127127,Pleiskirchen,,84568,Altötting,Bayern,48.307035,12.59607,2454
073375002062,Pleisweiler-Oberhofen,,76889,Südliche Weinstraße,Rheinland-Pfalz,49.117909,8.005348,836
071335001080,Pleitersheim,,55576,Bad Kreuznach,Rheinland-Pfalz,49.836416,7.953026,345
071405008118,Pleizenhausen,,55469,Rhein-Hunsrück-Kreis,Rheinland-Pfalz,50.014952,7.568911,312
097785761188,Pleß,,87773,Unterallgäu,Bayern,48.093359,10.150899,893
120625207372,Plessa,,04928,Elbe-Elster,Brandenburg,51.463914,13.619668,2500
059620052052,Plettenberg,Stadt,58840,Märkischer Kreis,Nordrhein-Westfalen,51.212418,7.874142,24429
093745331147,Pleystein,St,92714,Neustadt a.d.Waldnaab,Bayern,49.645547,12.409987,2368
091750133133,Pliening,,85652,Ebersberg,Bayern,48.19811,11.798553,5910
084155004060,Pliezhausen,,72124,Reutlingen,Baden-Württemberg,48.559129,9.20596,9821
081165006056,Plochingen,Stadt,73207,Esslingen,Baden-Württemberg,48.713282,9.41695,14487
160755004083,Plothen,,07907,Saale-Orla-Kreis,Thüringen,50.639134,11.770125,252
072355004107,Pluwig,,54316,Trier-Saarburg,Rheinland-Pfalz,49.689842,6.712495,1650
010570057057,Plön,Stadt,24306,Plön,Schleswig-Holstein,54.158288,10.416369,8844
093770146146,Plößberg,M,95703,Tirschenreuth,Bayern,49.783726,12.309426,3159
150895052245,Plötzkau,,06425,Salzlandkreis,Sachsen-Anhalt,51.74533,11.685753,1180
130755556108,Plöwen,,17321,Vorpommern-Greifswald,Mecklenburg-Vorpommern,53.464654,14.265153,291
081195002055,Plüderhausen,,73655,Rems-Murr-Kreis,Baden-Württemberg,48.795519,9.599182,9766
072325001293,Plütscheid,,54597,Eifelkreis Bitburg-Prüm,Rheinland-Pfalz,50.087925,6.427482,315
145210495495,Pockau-Lengefeld,Stadt,09514,Erzgebirgskreis,Sachsen,50.720097,13.192592,7273
092750141141,Pocking,St,94060,Passau,Bayern,48.400369,13.310359,16414
120645406388,Podelzig,,15326,Märkisch-Oderland,Brandenburg,52.471733,14.534429,877
010535358098,Pogeez,,23911,Herzogtum Lauenburg,Schleswig-Holstein,53.750929,10.729435,520
010535391099,Poggensee,,23896,Herzogtum Lauenburg,Schleswig-Holstein,53.640102,10.579484,372
071415010111,Pohl,,56357,Rhein-Lahn-Kreis,Rheinland-Pfalz,50.250346,7.866009,348
032575406029,Pohle,,31867,Schaumburg,Niedersachsen,52.265412,9.341642,834
065310014014,Pohlheim,Stadt,35415,Gießen,Hessen,50.534353,8.716165,17677
010575747058,Pohnsdorf,,24211,Plön,Schleswig-Holstein,54.239647,10.249321,383
091750135135,Poing,,85586,Ebersberg,Bayern,48.171249,11.818208,16585
130745455064,Pokrent,,19205,Nordwestmecklenburg,Mecklenburg-Vorpommern,53.646213,11.142943,660
071375002089,Polch,Stadt,56751,Mayen-Koblenz,Rheinland-Pfalz,50.299878,7.313982,6675
032555408033,Polle,Flecken,37647,Holzminden,Niedersachsen,51.898705,9.406883,1103
091765115155,Pollenfeld,,85131,Eichstätt,Bayern,48.948104,11.206125,3056
032575404030,Pollhagen,,31718,Schaumburg,Niedersachsen,52.383784,9.18941,1038
091835151136,Polling,,84570,Mühldorf a.Inn,Bayern,48.215202,12.559147,3315
091900142142,Polling,,82398,Weilheim-Schongau,Bayern,47.811428,11.133084,3633
095770162162,Polsingen,,91805,Weißenburg-Gunzenhausen,Bayern,48.919506,10.710624,1775
130755560109,Polzow,,17309,Vorpommern-Greifswald,Mecklenburg-Vorpommern,53.499429,14.061317,243
095740147147,Pommelsbrunn,,91224,Nürnberger Land,Bayern,49.503169,11.512782,5242
010595990152,Pommerby,,24395,Schleswig-Flensburg,Schleswig-Holstein,54.756629,9.937539,158
071355001072,Pommern,,56829,Cochem-Zell,Rheinland-Pfalz,50.171582,7.274022,411
094710172172,Pommersfelden,,96178,Bamberg,Bayern,49.767049,10.819064,3102
071315001065,Pomster,,53534,Ahrweiler,Rheinland-Pfalz,50.352587,6.842102,152
160775050039,Ponitz,,04639,Altenburger Land,Thüringen,50.856197,12.42338,1407
010545417104,Poppenbüll,,25836,Nordfriesland,Schleswig-Holstein,54.361585,8.761168,246
130725253081,Poppendorf,,18184,Landkreis Rostock,Mecklenburg-Vorpommern,54.131233,12.288015,754
096780168168,Poppenhausen,,97490,Schweinfurt,Bayern,50.100273,10.144501,4371
066310021021,Poppenhausen (Wasserkuppe),,36163,Fulda,Hessen,50.489438,9.869238,2768
093710144144,Poppenricht,,92284,Amberg-Sulzbach,Bayern,49.476931,11.800969,3360
057700032032,Porta Westfalica,Stadt,32457,Minden-Lübbecke,Nordrhein-Westfalen,52.22962,8.914539,36521
130735353065,Poseritz,,18574,Vorpommern-Rügen,Mecklenburg-Vorpommern,54.297135,13.27603,961
092745222174,Postau,,84103,Landshut,Bayern,48.649313,12.326473,1695
093730155155,Postbauer-Heng,M,92353,Neumarkt i.d.OPf.,Bayern,49.304035,11.357794,7912
160775009041,Posterstein,,04626,Altenburger Land,Thüringen,50.86399,12.253483,441
010575747059,Postfeld,,24211,Plön,Schleswig-Holstein,54.211309,10.21641,432
130755553110,Postlow,,17391,Vorpommern-Greifswald,Mecklenburg-Vorpommern,53.835186,13.575748,295
092770139139,Postmünster,,84389,Rottal-Inn,Bayern,48.419765,12.904947,2419
120540000000,Potsdam,Stadt,14469,Potsdam,Brandenburg,52.400355,13.05358,184754
094720179179,Pottenstein,St,91278,Bayreuth,Bayern,49.770946,11.408159,5190
071435009284,Pottum,,56459,Westerwaldkreis,Rheinland-Pfalz,50.597669,8.000709,1058
094745425160,Poxdorf,,91099,Forchheim,Bayern,49.666,11.069212,1568
160745051068,Poxdorf,,07616,Saale-Holzland-Kreis,Thüringen,50.961839,11.744655,94
010615189086,Poyenberg,,25581,Steinburg,Schleswig-Holstein,54.041555,9.691984,364
071325006091,Pracht,,57589,Altenkirchen (Westerwald),Rheinland-Pfalz,50.760941,7.655338,1480
092760135135,Prackenbach,,94267,Regen,Bayern,49.094586,12.827707,2759
130715161117,Pragsdorf,,17094,Mecklenburgische Seenplatte,Mecklenburg-Vorpommern,53.539052,13.39698,537
010575755060,Prasdorf,,24253,Plön,Schleswig-Holstein,54.378679,10.296264,462
071415009112,Prath,,56346,Rhein-Lahn-Kreis,Rheinland-Pfalz,50.195734,7.685574,308
130725258082,Prebberede,,17168,Landkreis Rostock,Mecklenburg-Vorpommern,53.90974,12.488542,737
094725416180,Prebitz,,95473,Bayreuth,Bayern,49.833939,11.68494,938
010570062062,Preetz,Stadt,24211,Plön,Schleswig-Holstein,54.231866,10.280512,16503
130735351066,Preetz,,18445,Vorpommern-Rügen,Mecklenburg-Vorpommern,54.350148,12.989225,1122
072325001294,Preischeid,,54689,Eifelkreis Bitburg-Prüm,Rheinland-Pfalz,50.036957,6.152339,145
072325007107,Preist,,54664,Eifelkreis Bitburg-Prüm,Rheinland-Pfalz,49.90595,6.629806,734
091905180143,Prem,,86984,Weilheim-Schongau,Bayern,47.678317,10.80441,943
120630244244,Premnitz,Stadt,14727,Havelland,Brandenburg,52.530804,12.337104,8057
120730452452,Prenzlau,Stadt,17291,Uckermark,Brandenburg,53.315519,13.861671,18928
130735354067,Prerow,Ostseebad,18375,Vorpommern-Rügen,Mecklenburg-Vorpommern,54.447148,12.567539,1269
093745324149,Pressath,St,92690,Neustadt a.d.Waldnaab,Bayern,49.769201,11.935175,4217
094770148148,Presseck,M,95353,Kulmbach,Bayern,50.227553,11.554385,1681
094760164164,Pressig,M,96332,Kronach,Bayern,50.345654,11.309643,3843
094740161161,Pretzfeld,M,91362,Forchheim,Bayern,49.756286,11.173695,2359
057700036036,Preußisch Oldendorf,Stadt,32361,Minden-Lübbecke,Nordrhein-Westfalen,52.306051,8.495612,12439
033545403020,Prezelle,,29491,Lüchow-Dannenberg,Niedersachsen,52.963312,11.401146,416
130715159118,Priborn,,17209,Mecklenburgische Seenplatte,Mecklenburg-Vorpommern,53.304071,12.660879,367
096750158158,Prichsenstadt,St,97357,Kitzingen,Bayern,49.817844,10.350427,3032
091870162162,Prien a.Chiemsee,M,83209,Rosenheim,Bayern,47.856488,12.347776,10915
130715155119,Priepert,,17255,Mecklenburgische Seenplatte,Mecklenburg-Vorpommern,53.219063,13.036122,308
094715445173,Priesendorf,,96170,Bamberg,Bayern,49.906291,10.712163,1469
146270200200,Priestewitz,,01561,Meißen,Sachsen,51.254253,13.508779,3094
010585847129,Prinzenmoor,,24805,Rendsburg-Eckernförde,Schleswig-Holstein,54.217427,9.454146,166
034585401012,Prinzhöfte,,27243,Oldenburg,Niedersachsen,52.949921,8.563587,621
130715163120,Pripsleben,,17091,Mecklenburgische Seenplatte,Mecklenburg-Vorpommern,53.716405,13.182499,214
010565687040,Prisdorf,,25497,Pinneberg,Schleswig-Holstein,53.678151,9.761607,2297
130765657115,Prislich,,19300,Ludwigslust-Parchim,Mecklenburg-Vorpommern,53.272869,11.62174,711
091815140134,Prittriching,,86931,Landsberg am Lech,Bayern,48.204133,10.928375,2630
130765658116,Pritzier,,19230,Ludwigslust-Parchim,Mecklenburg-Vorpommern,53.378689,11.07885,436
120700316316,Pritzwalk,Stadt,16928,Prignitz,Brandenburg,53.149444,12.17456,11866
010575755063,Probsteierhagen,,24253,Plön,Schleswig-Holstein,54.362604,10.288376,2469
160735005067,Probstzella,,07330,Saalfeld-Rudolstadt,Thüringen,50.531837,11.380298,2672
130735351068,Prohn,,18445,Vorpommern-Rügen,Mecklenburg-Vorpommern,54.374317,13.024217,2110
072325006295,Pronsfeld,,54597,Eifelkreis Bitburg-Prüm,Rheinland-Pfalz,50.159814,6.341575,987
010605086067,Pronstorf,,23820,Segeberg,Schleswig-Holstein,53.957692,10.47122,1590
096795647174,Prosselsheim,,97279,Würzburg,Bayern,49.863381,10.128597,1130
130735352069,Pruchten,,18356,Vorpommern-Rügen,Mecklenburg-Vorpommern,54.377452,12.674234,730
091870163163,Prutting,,83134,Rosenheim,Bayern,47.893114,12.202651,2934
120645414393,Prötzel,,15345,Märkisch-Oderland,Brandenburg,52.637357,13.987671,1093
094729464464,Prüll,,,Bayreuth,Bayern,49.774235,11.434341,0
072325006296,Prüm,Stadt,54595,Eifelkreis Bitburg-Prüm,Rheinland-Pfalz,50.207092,6.424323,5284
072325005108,Prümzurlay,,54668,Eifelkreis Bitburg-Prüm,Rheinland-Pfalz,49.868727,6.43654,539
091790145145,Puchheim,St,82178,Fürstenfeldbruck,Bayern,48.148172,11.343959,20858
130755562111,Pudagla,,17429,Vorpommern-Greifswald,Mecklenburg-Vorpommern,53.9682,14.068495,472
071385005057,Puderbach,,56305,Neuwied,Rheinland-Pfalz,50.596154,7.60931,2542
053620036036,Pulheim,Stadt,50259,Rhein-Erft-Kreis,Nordrhein-Westfalen,50.998416,6.800707,56150
091840139139,Pullach i.Isartal,,82049,München,Bayern,48.057124,11.522441,8601
093775349148,Pullenreuth,,95704,Tirschenreuth,Bayern,49.929889,11.996823,1546
010615168087,Puls,,25560,Steinburg,Schleswig-Holstein,54.083808,9.515658,542
146255231450,Pulsnitz,Stadt,01896,Bautzen,Sachsen,51.182285,14.014744,7246
091739451451,Pupplinger Au,,,Bad Tölz-Wolfratshausen,Bayern,47.921793,11.44341,0
095730124124,Puschendorf,,90617,Fürth,Bayern,49.522831,10.832113,2195
146255223460,Puschwitz / Bóšicy,,02699,Bautzen,Sachsen,51.250033,14.291743,782
130730070070,Putbus,Stadt,18581,Vorpommern-Rügen,Mecklenburg-Vorpommern,54.35431,13.47642,4441
130735359071,Putgarten,,18556,Vorpommern-Rügen,Mecklenburg-Vorpommern,54.672905,13.417407,186
120705009325,Putlitz,Stadt,16949,Prignitz,Brandenburg,53.249052,12.043185,2566
091840140140,Putzbrunn,,85640,München,Bayern,48.075393,11.715844,6845
093730156156,Pyrbaum,M,90602,Neumarkt i.d.OPf.,Bayern,49.296724,11.285091,5872
091900138138,Pähl,,82396,Weilheim-Schongau,Bayern,47.904976,11.176312,2542
130765658110,Pätow-Steegen,,19230,Ludwigslust-Parchim,Mecklenburg-Vorpommern,53.397896,11.138559,404
120695902460,Päwesin,,14778,Potsdam-Mittelmark,Brandenburg,52.511131,12.714854,509
091880137137,Pöcking,,82341,Starnberg,Bayern,47.965974,11.300241,5589
145230330330,Pöhl,,08543,Vogtlandkreis,Sachsen,50.55903,12.175236,2367
130725263080,Pölchow,,18059,Landkreis Rostock,Mecklenburg-Vorpommern,54.009645,12.094378,939
072355006108,Pölich,,54340,Trier-Saarburg,Rheinland-Pfalz,49.797163,6.847245,432
010625207056,Pölitz,,23847,Stormarn,Schleswig-Holstein,53.772565,10.381723,1256
160765008058,Pölzig,,07554,Greiz,Thüringen,50.952546,12.198794,1060
160755004084,Pörmitz,,07907,Saale-Orla-Kreis,Thüringen,50.613794,11.807879,151
091865158144,Pörnbach,,85309,Pfaffenhofen a.d.Ilm,Bayern,48.615958,11.460421,2209
010615168085,Pöschendorf,,25560,Steinburg,Schleswig-Holstein,54.038795,9.490449,253
093725310147,Pösing,,93483,Cham,Bayern,49.229908,12.549032,1012
160750085085,Pößneck,Stadt,07381,Saale-Orla-Kreis,Thüringen,50.695668,11.591589,11960
097715771156,Pöttmes,M,86554,Aichach-Friedberg,Bayern,48.584611,11.089143,7012
093745323150,Püchersreuth,,92715,Neustadt a.d.Waldnaab,Bayern,49.75459,12.234854,1701
071355005073,Pünderich,,56862,Cochem-Zell,Rheinland-Pfalz,50.041044,7.128632,820
091815141141,Pürgen,,86932,Landsberg am Lech,Bayern,48.027501,10.919469,3659
100410515515,Püttlingen,Stadt,66346,Regionalverband Saarbrücken,Saarland,49.287743,6.884983,18361
034595401030,Quakenbrück,Stadt,49610,Osnabrück,Niedersachsen,52.675872,7.95763,14007
010585803130,Quarnbek,,24107,Rendsburg-Eckernförde,Schleswig-Holstein,54.330012,9.983912,1718
010615189088,Quarnstedt,,25563,Steinburg,Schleswig-Holstein,53.953878,9.784677,432
160755005087,Quaschwitz,,07389,Saale-Orla-Kreis,Thüringen,50.683199,11.702103,68
150850235235,Quedlinburg,Welterbestadt,06484,Harz,Sachsen-Anhalt,51.790437,11.137136,23139
073355011037,Queidersbach,,66851,Kaiserslautern,Rheinland-Pfalz,49.37327,7.629494,2726
034565403018,Quendorf,,48465,Grafschaft Bentheim,Niedersachsen,52.33849,7.208063,650
031545401016,Querenhorst,,38368,Helmstedt,Niedersachsen,52.336909,10.961857,495
150880305305,Querfurt,Stadt,06268,Saalekreis,Sachsen-Anhalt,51.37863,11.597433,10007
032515401029,Quernheim,,49448,Diepholz,Niedersachsen,52.463247,8.392323,498
010515163089,Quickborn,,25712,Dithmarschen,Schleswig-Holstein,54.010081,9.206506,185
010560041041,Quickborn,Stadt,25451,Pinneberg,Schleswig-Holstein,53.728836,9.898034,22521
071315001066,Quiddelbach,,53518,Ahrweiler,Rheinland-Pfalz,50.350962,6.937767,249
100410516516,Quierschied,,66287,Regionalverband Saarbrücken,Saarland,49.324795,7.053288,12895
071435007061,Quirnbach,,56242,Westerwaldkreis,Rheinland-Pfalz,50.519858,7.796347,488
073365009501,Quirnbach/ Pfalz,,66909,Kusel,Rheinland-Pfalz,49.473015,7.421073,505
073325007042,Quirnheim,,67280,Bad Dürkheim,Rheinland-Pfalz,49.584989,8.126275,802
146265502440,Quitzdorf am See / Kwětanecy při jězoru,,02906,Görlitz,Sachsen,51.267035,14.728696,1221
010565616042,Raa-Besenbek,,25335,Pinneberg,Schleswig-Holstein,53.747963,9.597611,575
010595990154,Rabel,,24376,Schleswig-Flensburg,Schleswig-Holstein,54.690345,9.950086,612
130765668117,Raben Steinfeld,,19065,Ludwigslust-Parchim,Mecklenburg-Vorpommern,53.599561,11.504063,1031
065310015015,Rabenau,,35466,Gießen,Hessen,50.674571,8.861779,4881
146280300300,Rabenau,Stadt,01734,Sächsische Schweiz-Osterzgebirge,Sachsen,50.965305,13.642121,4359
010595990155,Rabenholz,,24395,Schleswig-Flensburg,Schleswig-Holstein,54.722168,9.902241,287
010595920068,Rabenkirchen-Faulück,,24407,Schleswig-Flensburg,Schleswig-Holstein,54.635833,9.87348,635
120695910485,Rabenstein/Fläming,,14823,Potsdam-Mittelmark,Brandenburg,52.054311,12.624722,813
071325010092,Racksen,,57612,Altenkirchen (Westerwald),Rheinland-Pfalz,50.736484,7.693281,138
147300250250,Rackwitz,,04519,Nordsachsen,Sachsen,51.435447,12.380413,5452
033555402028,Radbruch,,21449,Lüneburg,Niedersachsen,53.310848,10.28376,2243
032565408024,Raddestorf,,31604,Nienburg (Weser),Niedersachsen,52.455222,8.961702,1816
010615189089,Rade,,25579,Steinburg,Schleswig-Holstein,54.000918,9.741775,105
010585895131,Rade b. Hohenwestedt,,24594,Rendsburg-Eckernförde,Schleswig-Holstein,54.101226,9.721127,97
010585888132,Rade b. Rendsburg,,24790,Rendsburg-Eckernförde,Schleswig-Holstein,54.331428,9.745224,219
146250480480,Radeberg,Stadt,01454,Bautzen,Sachsen,51.116404,13.921969,18683
146270210210,Radebeul,Stadt,01445,Meißen,Sachsen,51.101437,13.677311,32979
146270220220,Radeburg,Stadt,01471,Meißen,Sachsen,51.215453,13.723805,7615
053740036036,Radevormwald,Stadt auf der Höhe,42477,Oberbergischer Kreis,Nordrhein-Westfalen,51.203463,7.355144,21565
146250490490,Radibor / Radwor,,02627,Bautzen,Sachsen,51.244745,14.397601,3084
083350063063,Radolfzell am Bodensee,Stadt,78315,Konstanz,Baden-Württemberg,47.739107,8.968663,31734
055540040040,Raesfeld,,46348,Borken,Nordrhein-Westfalen,51.769328,6.84057,11709
120675708397,Ragow-Merz,,15848,Oder-Spree,Brandenburg,52.195296,14.300804,512
150820301301,Raguhn-Jeßnitz,Stadt,06779,Anhalt-Bitterfeld,Sachsen-Anhalt,51.708263,12.268773,8702
057700040040,Rahden,Stadt,32369,Minden-Lübbecke,Nordrhein-Westfalen,52.432924,8.613029,16195
092785250177,Rain,,94369,Straubing-Bogen,Bayern,48.905211,12.468115,2969
097790201201,Rain,St,86641,Donau-Ries,Bayern,48.690496,10.921054,9127
081365003089,Rainau,,73492,Ostalbkreis,Baden-Württemberg,48.928166,10.138467,3354
091900144144,Raisting,,82399,Weilheim-Schongau,Bayern,47.912549,11.108553,2365
095775535163,Raitenbuch,,91790,Weißenburg-Gunzenhausen,Bayern,49.014939,11.126572,1219
146255501500,Ralbitz-Rosenthal / Ralbicy-Róžant,,01920,Bautzen,Sachsen,51.301103,14.248395,1741
072355007111,Ralingen,,54310,Trier-Saarburg,Rheinland-Pfalz,49.805569,6.513956,1962
130735353072,Ralswiek,,18528,Vorpommern-Rügen,Mecklenburg-Vorpommern,54.473774,13.446593,247
073375001064,Ramberg,,76857,Südliche Weinstraße,Rheinland-Pfalz,49.260612,8.009292,973
130735362073,Rambin,,18573,Vorpommern-Rügen,Mecklenburg-Vorpommern,54.355488,13.205549,953
091875165164,Ramerberg,,83561,Rosenheim,Bayern,48.017756,12.143714,1390
010515166090,Ramhusen,,25715,Dithmarschen,Schleswig-Holstein,53.941207,9.090658,169
130755556113,Ramin,,17321,Vorpommern-Greifswald,Mecklenburg-Vorpommern,53.414092,14.289734,678
073365010079,Rammelsbach,,66887,Kusel,Rheinland-Pfalz,49.544395,7.444525,1475
146255207510,Rammenau,,01877,Bautzen,Sachsen,51.15399,14.135515,1321
084255008097,Rammingen,,89192,Alb-Donau-Kreis,Baden-Württemberg,48.519683,10.170794,1264
097785764209,Rammingen,,86871,Unterallgäu,Bayern,48.070394,10.580658,1569
091720129129,Ramsau b.Berchtesgaden,,83486,Berchtesgadener Land,Bayern,47.608333,12.899103,1683
073335002060,Ramsen,,67305,Donnersbergkreis,Rheinland-Pfalz,49.537284,8.011621,1832
010545492105,Ramstedt,,25876,Nordfriesland,Schleswig-Holstein,54.399905,9.167101,416
073355008038,Ramstein-Miesenbach,Stadt,66877,Kaiserslautern,Rheinland-Pfalz,49.445736,7.551119,7636
096725608142,Ramsthal,,97729,Bad Kissingen,Bayern,50.13965,10.069741,1114
096790175175,Randersacker,M,97236,Würzburg,Bayern,49.75917,9.982109,3353
120735306458,Randowtal,,17291,Uckermark,Brandenburg,53.29826,14.101115,876
084175004051,Rangendingen,,72414,Zollernalbkreis,Baden-Württemberg,48.382119,8.885614,5343
120720340340,Rangsdorf,,15834,Teltow-Fläming,Brandenburg,52.291187,13.418153,11754
160755013088,Ranis,Stadt,07389,Saale-Orla-Kreis,Thüringen,50.660924,11.565512,1680
130755562114,Rankwitz,,17406,Vorpommern-Greifswald,Mecklenburg-Vorpommern,53.946939,13.928004,510
096725609143,Rannungen,,97517,Bad Kissingen,Bayern,50.167317,10.206469,1095
071435005062,Ransbach-Baumbach,Stadt,56235,Westerwaldkreis,Rheinland-Pfalz,50.468403,7.730836,8176
073375005065,Ranschbach,,76829,Südliche Weinstraße,Rheinland-Pfalz,49.19656,8.028919,628
064400020020,Ranstadt,,63691,Wetteraukreis,Hessen,50.358046,8.98571,5340
073335007061,Ransweiler,,67808,Donnersbergkreis,Rheinland-Pfalz,49.664755,7.766567,240
010545492106,Rantrum,,25873,Nordfriesland,Schleswig-Holstein,54.44052,9.129606,1988
010575739065,Rantzau,,24329,Plön,Schleswig-Holstein,54.253869,10.507361,337
130735353074,Rappin,,18528,Vorpommern-Rügen,Mecklenburg-Vorpommern,54.508575,13.385488,304
145210500500,Raschau-Markersbach,,08352,Erzgebirgskreis,Sachsen,50.53085,12.830031,4730
072355001112,Rascheid,,54413,Trier-Saarburg,Rheinland-Pfalz,49.712775,6.936226,457
066310022022,Rasdorf,Point-Alpha-Gemeinde,36169,Fulda,Hessen,50.719548,9.897742,1569
082165005043,Rastatt,Stadt,76437,Rastatt,Baden-Württemberg,48.857703,8.202529,50741
034545409042,Rastdorf,,26901,Emsland,Niedersachsen,52.912598,7.709197,1085
034510005005,Rastede,,26180,Ammerland,Niedersachsen,53.247323,8.198294,22896
160685006042,Rastenberg,Stadt,99636,Sömmerda,Thüringen,51.175824,11.41929,2360
010575747066,Rastorf,,24211,Plön,Schleswig-Holstein,54.272603,10.289064,778
130765659118,Rastow,,19077,Ludwigslust-Parchim,Mecklenburg-Vorpommern,53.451967,11.430042,1875
010550035035,Ratekau,,23626,Ostholstein,Schleswig-Holstein,53.947822,10.735075,15527
146285219310,Rathen,Kurort,01824,Sächsische Schweiz-Osterzgebirge,Sachsen,50.958174,14.081902,332
120630252252,Rathenow,Stadt,14712,Havelland,Brandenburg,52.60768,12.332831,25087
010575739067,Rathjensdorf,,24306,Plön,Schleswig-Holstein,54.185702,10.427748,470
146285204320,Rathmannsdorf,,01814,Sächsische Schweiz-Osterzgebirge,Sachsen,50.929714,14.140818,882
073335007201,Rathskirchen,,67744,Donnersbergkreis,Rheinland-Pfalz,49.614919,7.720482,169
073365010081,Rathsweiler,,66887,Kusel,Rheinland-Pfalz,49.597587,7.457759,144
051580028028,Ratingen,Stadt,40878,Mettmann,Nordrhein-Westfalen,51.297037,6.849646,89368
084175006052,Ratshausen,,72365,Zollernalbkreis,Baden-Württemberg,48.195108,8.792083,793
094710174174,Rattelsdorf,M,96179,Bamberg,Bayern,50.015525,10.886664,4554
160745007071,Rattelsdorf,,07646,Saale-Holzland-Kreis,Thüringen,50.813506,11.773403,72
092780178178,Rattenberg,,94371,Straubing-Bogen,Bayern,49.086619,12.750933,1671
091835145138,Rattenkirchen,,84431,Mühldorf a.Inn,Bayern,48.240752,12.312618,1068
092785246179,Rattiszell,,94372,Straubing-Bogen,Bayern,49.025354,12.659415,1510
010530100100,Ratzeburg,Stadt,23909,Herzogtum Lauenburg,Schleswig-Holstein,53.699024,10.774492,15026
071385005058,Ratzert,,57614,Neuwied,Rheinland-Pfalz,50.641129,7.610281,254
071385005059,Raubach,,56316,Neuwied,Rheinland-Pfalz,50.575172,7.624421,2085
091870165165,Raubling,,83064,Rosenheim,Bayern,47.788763,12.108526,11161
160745005072,Rauda,,07613,Saale-Holzland-Kreis,Thüringen,50.95263,11.941581,274
120675709408,Rauen,,15518,Oder-Spree,Brandenburg,52.328301,14.025285,1993
082265006065,Rauenberg,Stadt,69231,Rhein-Neckar-Kreis,Baden-Württemberg,49.266186,8.70473,8675
096740187187,Rauhenebrach,,96181,Haßberge,Bayern,49.888834,10.552708,2744
071335010081,Raumbach,,55592,Bad Kreuznach,Rheinland-Pfalz,49.722934,7.655595,432
064330010010,Raunheim,Stadt,65479,Groß-Gerau,Hessen,50.013579,8.452933,15297
065340017017,Rauschenberg,Stadt,35282,Marburg-Biedenkopf,Hessen,50.883471,8.914798,4463
160745052073,Rauschwitz,,07616,Saale-Holzland-Kreis,Thüringen,50.971984,11.802068,214
010625270058,Rausdorf,,22929,Stormarn,Schleswig-Holstein,53.589038,10.330585,224
160745007074,Rausdorf,,07646,Saale-Holzland-Kreis,Thüringen,50.857978,11.686713,224
071405008119,Ravengiersburg,,55471,Rhein-Hunsrück-Kreis,Rheinland-Pfalz,49.93527,7.475121,331
084365005064,Ravensburg,Stadt,88212,Ravensburg,Baden-Württemberg,47.78366,9.615089,50628
082255007114,Ravenstein,Stadt,74747,Neckar-Odenwald-Kreis,Baden-Württemberg,49.401829,9.508202,2999
071405004120,Raversbeuren,,56850,Rhein-Hunsrück-Kreis,Rheinland-Pfalz,49.956121,7.227418,140
071405008121,Rayerschied,,55469,Rhein-Hunsrück-Kreis,Rheinland-Pfalz,50.017589,7.585028,111
071315002068,Rech,,53506,Ahrweiler,Rheinland-Pfalz,50.512518,7.038551,530
081175008038,Rechberghausen,,73098,Göppingen,Baden-Württemberg,48.731398,9.64174,5491
145220470470,Rechenberg-Bienenmühle,,09623,Mittelsachsen,Sachsen,50.7367,13.555734,1759
130715159122,Rechlin,,17248,Mecklenburgische Seenplatte,Mecklenburg-Vorpommern,53.332276,12.723413,1841
096775624172,Rechtenbach,,97848,Main-Spessart,Bayern,49.983652,9.507095,1071
084255010098,Rechtenstein,,89611,Alb-Donau-Kreis,Baden-Württemberg,48.241602,9.544232,293
091835183139,Rechtmehring,,83562,Mühldorf a.Inn,Bayern,48.124976,12.160496,2102
034525401022,Rechtsupweg,,26529,Aurich,Niedersachsen,53.528817,7.326952,1964
055660072072,Recke,,49509,Steinfurt,Nordrhein-Westfalen,52.370571,7.718617,11341
094715401175,Reckendorf,,96182,Bamberg,Bayern,50.019644,10.826952,1962
071415011113,Reckenroth,,56370,Rhein-Lahn-Kreis,Rheinland-Pfalz,50.228334,8.021418,240
071405004122,Reckershausen,,55481,Rhein-Hunsrück-Kreis,Rheinland-Pfalz,49.982801,7.40187,385
055620032032,Recklinghausen,Stadt,45657,Recklinghausen,Nordrhein-Westfalen,51.614576,7.197544,115344
130725251083,Reddelich,,18209,Landkreis Rostock,Mecklenburg-Vorpommern,54.089474,11.84936,1014
130765658119,Redefin,,19230,Ludwigslust-Parchim,Mecklenburg-Vorpommern,53.348849,11.199955,532
095760137137,Rednitzhembach,,91126,Roth,Bayern,49.30264,11.079203,6945
094785441155,Redwitz a.d.Rodach,,96257,Lichtenfels,Bayern,50.171858,11.202025,3442
051540044044,Rees,Stadt,46459,Kleve,Nordrhein-Westfalen,51.759506,6.39621,21913
010585889133,Reesdorf,,24241,Rendsburg-Eckernförde,Schleswig-Holstein,54.190474,10.06034,150
033575406037,Reeßum,,27367,Rotenburg (Wümme),Niedersachsen,53.132397,9.203477,1755
092760138138,Regen,St,94209,Regen,Bayern,48.970244,13.126196,11018
093620000000,Regensburg,,93019,Regensburg,Bayern,49.015249,12.101745,151389
093750190190,Regenstauf,M,93128,Regensburg,Bayern,49.12284,12.12781,16318
033535403028,Regesbostel,,21649,Harburg,Niedersachsen,53.378518,9.645208,1049
147290360360,Regis-Breitingen,Stadt,04565,Leipzig,Sachsen,51.087869,12.434362,3803
094750161161,Regnitzlosau,,95194,Hof,Bayern,50.303029,12.047015,2226
094750162162,Rehau,St,95111,Hof,Bayern,50.248373,12.035833,9045
071335010082,Rehbach,,55566,Bad Kreuznach,Rheinland-Pfalz,49.849993,7.643767,42
071335010083,Rehborn,,55592,Bad Kreuznach,Rheinland-Pfalz,49.734663,7.685776,687
032560025025,Rehburg-Loccum,Stadt,31547,Nienburg (Weser),Niedersachsen,52.470153,9.225712,9942
032515405030,Rehden,,49453,Diepholz,Niedersachsen,52.609902,8.482683,2266
071435006285,Rehe,,56479,Westerwaldkreis,Rheinland-Pfalz,50.634351,8.119798,953
010615168091,Reher,,25593,Steinburg,Schleswig-Holstein,54.065856,9.573588,747
120645408408,Rehfelde,,15345,Märkisch-Oderland,Brandenburg,52.527478,13.923456,5403
010625244059,Rehhorst,,23619,Stormarn,Schleswig-Holstein,53.876682,10.469489,718
097710158158,Rehling,,86508,Aichach-Friedberg,Bayern,48.486862,10.924886,2672
033555401029,Rehlingen,,21385,Lüneburg,Niedersachsen,53.106401,10.220029,695
100440114114,Rehlingen-Siersburg,,66780,Saarlouis,Saarland,49.376129,6.680221,14932
010515169092,Rehm-Flehde-Bargen,,25776,Dithmarschen,Schleswig-Holstein,54.303981,9.036287,551
130745458065,Rehna,Klosterstadt,19217,Nordwestmecklenburg,Mecklenburg-Vorpommern,53.779482,11.049573,3542
073365009082,Rehweiler,,66907,Kusel,Rheinland-Pfalz,49.487649,7.439371,416
071405008123,Reich,,55471,Rhein-Hunsrück-Kreis,Rheinland-Pfalz,50.001522,7.433183,347
082265009066,Reichartshausen,,74934,Rhein-Neckar-Kreis,Baden-Württemberg,49.355552,8.94521,2154
064370013013,Reichelsheim (Odenwald),,64385,Odenwaldkreis,Hessen,49.712441,8.839871,8282
064400021021,Reichelsheim (Wetterau),Stadt,61203,Wetteraukreis,Hessen,50.358447,8.874689,6961
083355004066,Reichenau,,78479,Konstanz,Baden-Württemberg,47.698036,9.060705,5189
071345001068,Reichenbach,,55776,Birkenfeld,Rheinland-Pfalz,49.641057,7.285438,510
093725313149,Reichenbach,,93189,Cham,Bayern,49.183626,12.346517,1294
094765433166,Reichenbach,,96358,Kronach,Bayern,50.424693,11.413805,656
160745014075,Reichenbach,,07629,Saale-Holzland-Kreis,Thüringen,50.867937,11.876984,860
083275002040,Reichenbach am Heuberg,,78564,Tuttlingen,Baden-Württemberg,48.133533,8.841077,453
081165007058,Reichenbach an der Fils,,73262,Esslingen,Baden-Württemberg,48.709743,9.459835,8362
145235125340,Reichenbach im Vogtland,Stadt,08468,Vogtlandkreis,Sachsen,50.621891,12.302996,19797
073355009501,Reichenbach-Steegen,,66879,Kaiserslautern,Rheinland-Pfalz,49.504593,7.527253,1474
146265232450,Reichenbach/O.L.,Stadt,02894,Görlitz,Sachsen,51.141076,14.799946,4574
071415009114,Reichenberg,,56357,Rhein-Lahn-Kreis,Rheinland-Pfalz,50.156852,7.760274,171
096790176176,Reichenberg,M,97234,Würzburg,Bayern,49.731665,9.916221,4148
120645414417,Reichenow-Möglin,,15345,Märkisch-Oderland,Brandenburg,52.664784,14.107646,555
095740150150,Reichenschwand,,91244,Nürnberger Land,Bayern,49.513193,11.372008,2389
120675707413,Reichenwalde,,15526,Oder-Spree,Brandenburg,52.264685,13.998033,1220
091735109140,Reichersbeuern,,83677,Bad Tölz-Wolfratshausen,Bayern,47.767361,11.634873,2384
091860146146,Reichertshausen,,85293,Pfaffenhofen a.d.Ilm,Bayern,48.466257,11.50765,5188
091835147140,Reichertsheim,,84437,Mühldorf a.Inn,Bayern,48.198249,12.28674,1721
091865158147,Reichertshofen,M,85084,Pfaffenhofen a.d.Ilm,Bayern,48.657589,11.466741,8126
091815142135,Reichling,,86934,Landsberg am Lech,Bayern,47.924402,10.926698,1753
053740040040,Reichshof,,51580,Oberbergischer Kreis,Nordrhein-Westfalen,50.988215,7.693856,18688
073335007202,Reichsthal,,67759,Donnersbergkreis,Rheinland-Pfalz,49.597757,7.729168,99
160765008059,Reichstädt,,07580,Greiz,Thüringen,50.917408,12.234463,318
073365010084,Reichweiler,,66871,Kusel,Rheinland-Pfalz,49.543178,7.290911,529
071355005074,Reidenhausen,,56865,Cochem-Zell,Rheinland-Pfalz,50.056689,7.317438,183
073405009220,Reifenberg,,66507,Südwestpfalz,Rheinland-Pfalz,49.282721,7.507453,778
071325010093,Reiferscheid,,57632,Altenkirchen (Westerwald),Rheinland-Pfalz,50.654403,7.547291,441
072325001297,Reiff,,54619,Eifelkreis Bitburg-Prüm,Rheinland-Pfalz,50.097995,6.212701,58
071335010084,Reiffelbach,,67829,Bad Kreuznach,Rheinland-Pfalz,49.687192,7.686157,219
071315001069,Reifferscheid,,53520,Ahrweiler,Rheinland-Pfalz,50.405805,6.884131,498
072315009110,Reil,,56861,Bernkastel-Wittlich,Rheinland-Pfalz,50.022157,7.116138,952
082265004068,Reilingen,,68799,Rhein-Neckar-Kreis,Baden-Württemberg,49.29268,8.566677,8404
072335004233,Reimerath,,53539,Vulkaneifel,Rheinland-Pfalz,50.310334,6.960409,70
130725255084,Reimershagen,,18276,Landkreis Rostock,Mecklenburg-Vorpommern,53.671619,12.177135,369
097795722203,Reimlingen,,86756,Donau-Ries,Bayern,48.817302,10.51656,1346
010620060060,Reinbek,Stadt,21465,Stormarn,Schleswig-Holstein,53.509793,10.251748,28274
010620061061,Reinfeld (Holstein),Stadt,23858,Stormarn,Schleswig-Holstein,53.8315,10.488565,9107
066330022022,Reinhardshagen,,34359,Kassel,Hessen,51.493695,9.602696,4291
146285204330,Reinhardtsdorf-Schöna,,01814,Sächsische Schweiz-Osterzgebirge,Sachsen,50.894631,14.188622,1267
064320019019,Reinheim,Stadt,64354,Darmstadt-Dieburg,Hessen,49.826054,8.834738,16503
160615009076,Reinholterode,,37308,Eichsfeld,Thüringen,51.422954,10.195173,758
145220480480,Reinsberg,,09629,Mittelsachsen,Sachsen,51.01052,13.363415,2777
010515178093,Reinsbüttel,,25764,Dithmarschen,Schleswig-Holstein,54.179073,8.911057,387
145240250250,Reinsdorf,,08141,Zwickau,Sachsen,50.69965,12.557309,7009
160655055056,Reinsdorf,,06556,Kyffhäuserkreis,Thüringen,51.336824,11.274067,672
072355001114,Reinsfeld,,54421,Trier-Saarburg,Rheinland-Pfalz,49.674856,6.876922,2486
033555406030,Reinstorf,,21400,Lüneburg,Niedersachsen,53.234322,10.572521,1183
160745011076,Reinstädt,,07768,Saale-Holzland-Kreis,Thüringen,50.809301,11.474515,453
072325001298,Reipeldingen,,54689,Eifelkreis Bitburg-Prüm,Rheinland-Pfalz,50.081702,6.17999,88
073365008085,Reipoltskirchen,,67753,Kusel,Rheinland-Pfalz,49.634727,7.66179,332
092790134134,Reisbach,M,94417,Dingolfing-Landau,Bayern,48.569859,12.628791,7719
091715104129,Reischach,,84571,Altötting,Bayern,48.290821,12.725442,2718
065310016016,Reiskirchen,,35447,Gießen,Hessen,50.595897,8.832437,10389
091890139139,Reit im Winkl,,83242,Traunstein,Bayern,47.677182,12.469096,2161
120645406420,Reitwein,,15328,Märkisch-Oderland,Brandenburg,52.501045,14.580288,458
071415009115,Reitzenhain,,56357,Rhein-Lahn-Kreis,Rheinland-Pfalz,50.155136,7.783919,352
055540044044,Reken,,48734,Borken,Nordrhein-Westfalen,51.83183,7.047388,15109
010560043043,Rellingen,,25462,Pinneberg,Schleswig-Holstein,53.652131,9.829654,15026
073365008086,Relsberg,,67753,Kusel,Rheinland-Pfalz,49.594073,7.669482,180
071310070070,Remagen,Stadt,53424,Ahrweiler,Rheinland-Pfalz,50.577781,7.234403,17603
082360071071,Remchingen,,75196,Enzkreis,Baden-Württemberg,48.94645,8.574545,11798
096795649177,Remlingen,M,97280,Würzburg,Bayern,49.80431,9.694674,1488
031585407040,Remlingen-Semmenstedt,,38319,Wolfenbüttel,Niedersachsen,52.112657,10.673705,2266
010585895134,Remmels,,24594,Rendsburg-Eckernförde,Schleswig-Holstein,54.116584,9.652041,496
160750134134,Remptendorf,,07368,Saale-Orla-Kreis,Thüringen,50.528378,11.660537,3090
051200000000,Remscheid,Stadt,42853,Remscheid,Nordrhein-Westfalen,51.179878,7.194356,113828
145245135260,Remse,,08373,Zwickau,Sachsen,50.854562,12.567813,1609
081180081081,Remseck am Neckar,Stadt,71686,Ludwigsburg,Baden-Württemberg,48.87067,9.279445,26188
081190090090,Remshalden,,73630,Rems-Murr-Kreis,Baden-Württemberg,48.810023,9.442436,14337
083175009110,Renchen,Stadt,77871,Ortenaukreis,Baden-Württemberg,48.587888,8.013581,7582
010580135135,Rendsburg,Stadt,24768,Rendsburg-Eckernförde,Schleswig-Holstein,54.306495,9.663206,30633
010575785068,Rendswühren,,24619,Plön,Schleswig-Holstein,54.074276,10.17974,732
071385009061,Rengsdorf,,56579,Neuwied,Rheinland-Pfalz,50.503433,7.495783,3001
034545404043,Renkenberge,,49762,Emsland,Niedersachsen,52.90842,7.377889,668
031545401018,Rennau,,38368,Helmstedt,Niedersachsen,52.296009,10.911285,728
071435006286,Rennerod,Stadt,56477,Westerwaldkreis,Rheinland-Pfalz,50.610134,8.066591,4464
091850153153,Rennertshofen,M,86643,Neuburg-Schrobenhausen,Bayern,48.757425,11.046294,4840
081150041041,Renningen,Stadt,71272,Böblingen,Baden-Württemberg,48.765313,8.936373,18567
083275001041,Renquishausen,,78603,Tuttlingen,Baden-Württemberg,48.083032,8.894462,826
160745007077,Renthendorf,,07646,Saale-Holzland-Kreis,Thüringen,50.800991,11.84649,414
096745611190,Rentweinsdorf,M,96184,Haßberge,Bayern,50.065013,10.798737,1521
033555404031,Reppenstedt,,21391,Lüneburg,Niedersachsen,53.247865,10.354493,7005
130725259085,"Rerik, Ostseebad",Stadt,18230,Landkreis Rostock,Mecklenburg-Vorpommern,54.105655,11.613548,2166
033585402018,Rethem (Aller),Stadt,27336,Heidekreis,Niedersachsen,52.785453,9.381525,2332
010615153092,Rethwisch,,25566,Steinburg,Schleswig-Holstein,53.866516,9.591715,543
010625207062,Rethwisch,,23847,Stormarn,Schleswig-Holstein,53.782724,10.442751,1169
130725251086,Retschow,,18211,Landkreis Rostock,Mecklenburg-Vorpommern,54.045973,11.875228,979
093725318150,Rettenbach,,93191,Cham,Bayern,49.06943,12.455706,1788
097745727174,Rettenbach,,89364,Günzburg,Bayern,48.458365,10.352678,1704
097775772183,Rettenbach a.Auerberg,,87675,Ostallgäu,Bayern,47.773654,10.749235,924
097800137137,Rettenberg,,87549,Oberallgäu,Bayern,47.575009,10.290746,4428
072335004234,Retterath,,56769,Vulkaneifel,Rheinland-Pfalz,50.271579,7.016182,313
071325010094,Rettersen,,57635,Altenkirchen (Westerwald),Rheinland-Pfalz,50.706606,7.504253,363
071415007116,Rettershain,,56357,Rhein-Lahn-Kreis,Rheinland-Pfalz,50.145292,7.830439,295
071415011117,Rettert,,56370,Rhein-Lahn-Kreis,Rheinland-Pfalz,50.230979,7.938249,462
120635302256,Retzow,,14641,Havelland,Brandenburg,52.624672,12.685425,516
096775625175,Retzstadt,,97282,Main-Spessart,Bayern,49.911453,9.880656,1680
071375003092,Reudelsterz,,56727,Mayen-Koblenz,Rheinland-Pfalz,50.31704,7.155725,379
160695002037,Reurieth,,98646,Hildburghausen,Thüringen,50.453435,10.652607,741
010540108108,Reußenköge,,25821,Nordfriesland,Schleswig-Holstein,54.620428,8.883096,300
092775243140,Reut,,84367,Rottal-Inn,Bayern,48.31094,12.942358,1634
083165001036,Reute,,79276,Emmendingen,Baden-Württemberg,48.082424,7.821489,2986
072335006235,Reuth,,54597,Vulkaneifel,Rheinland-Pfalz,50.295088,6.486681,181
093775350149,Reuth b.Erbendorf,,92717,Tirschenreuth,Bayern,49.843805,12.121007,1084
084150061061,Reutlingen,Stadt,72764,Reutlingen,Baden-Württemberg,48.49208,9.212006,118852
033575404038,Rhade,,27404,Rotenburg (Wümme),Niedersachsen,53.328359,9.115092,1041
034570018018,Rhauderfehn,,26817,Leer,Niedersachsen,53.140691,7.567591,18310
071345005069,Rhaunen,,55624,Birkenfeld,Rheinland-Pfalz,49.863975,7.346012,2283
057540028028,Rheda-Wiedenbrück,Stadt,33378,Gütersloh,Nordrhein-Westfalen,51.855343,8.293327,48030
055540048048,Rhede,Stadt,46414,Borken,Nordrhein-Westfalen,51.840781,6.696075,19674
034540044044,Rhede (Ems),,26899,Emsland,Niedersachsen,53.059435,7.272848,4465
083170153153,Rheinau,Stadt,77866,Ortenaukreis,Baden-Württemberg,48.664363,7.939856,11346
083179971971,Rheinau,gemeindefreies Gebiet,,Ortenaukreis,Baden-Württemberg,48.289714,7.707094,0
053820048048,Rheinbach,Stadt,53359,Rhein-Sieg-Kreis,Nordrhein-Westfalen,50.626425,6.947218,26918
051700032032,Rheinberg,Stadt,47495,Wesel,Nordrhein-Westfalen,51.545023,6.602755,31172
071385007062,Rheinbreitbach,,53619,Neuwied,Rheinland-Pfalz,50.617779,7.228693,4460
071385002063,Rheinbrohl,,56598,Neuwied,Rheinland-Pfalz,50.495813,7.331465,4218
071405008125,Rheinböllen,Stadt,55494,Rhein-Hunsrück-Kreis,Rheinland-Pfalz,50.007214,7.673292,4296
055660076076,Rheine,Stadt,48431,Steinfurt,Nordrhein-Westfalen,52.279214,7.438651,77209
083365004069,Rheinfelden (Baden),Stadt,79618,Lörrach,Baden-Württemberg,47.561128,7.78365,34674
083165004053,Rheinhausen im Breisgau,,79365,Emmendingen,Baden-Württemberg,48.224065,7.710299,4333
082165006063,Rheinmünster,,77836,Rastatt,Baden-Württemberg,48.746539,8.046134,6527
120680353353,Rheinsberg,Stadt,16831,Ostprignitz-Ruppin,Brandenburg,53.099024,12.892207,7699
082150108108,Rheinstetten,Stadt,76287,Karlsruhe,Baden-Württemberg,48.959096,8.292901,21267
073345003024,Rheinzabern,,76764,Germersheim,Rheinland-Pfalz,49.117953,8.278355,4998
071375009221,Rhens,Stadt,56321,Mayen-Koblenz,Rheinland-Pfalz,50.280703,7.617713,2950
051540048048,Rheurdt,,47509,Kleve,Nordrhein-Westfalen,51.467417,6.469699,6450
120635309260,Rhinow,Stadt,14728,Havelland,Brandenburg,52.750977,12.342021,1603
073375003066,Rhodt unter Rietburg,,76835,Südliche Weinstraße,Rheinland-Pfalz,49.269952,8.106888,1143
031595402027,Rhumspringe,,37434,Göttingen,Niedersachsen,51.582395,10.295711,1703
160660093093,Rhönblick,,98617,Schmalkalden-Meiningen,Thüringen,50.562031,10.236161,2588
031515404022,Ribbesbüttel,,38551,Gifhorn,Niedersachsen,52.434224,10.506401,2110
130735361075,Ribnitz-Damgarten,Bernsteinstadt,18311,Vorpommern-Rügen,Mecklenburg-Vorpommern,54.243021,12.431833,15333
130735355076,Richtenberg,Stadt,18461,Vorpommern-Rügen,Mecklenburg-Vorpommern,54.200643,12.889018,1301
083375005090,Rickenbach,,79736,Waldshut,Baden-Württemberg,47.619901,7.980212,3764
010585833136,Rickert,,24782,Rendsburg-Eckernförde,Schleswig-Holstein,54.331224,9.665546,1024
010605063068,Rickling,,24635,Segeberg,Schleswig-Holstein,54.006058,10.16486,3126
097710160160,Ried,,86510,Aichach-Friedberg,Bayern,48.289923,11.043276,3234
096745612153,Riedbach,,97519,Haßberge,Bayern,50.120708,10.450476,1729
033615401010,Riede,,27339,Verden,Niedersachsen,52.96732,8.940919,3095
073405008221,Riedelberg,,66484,Südwestpfalz,Rheinland-Pfalz,49.177576,7.446201,438
071375004093,Rieden,,56745,Mayen-Koblenz,Rheinland-Pfalz,50.395085,7.176587,1207
093710146146,Rieden,M,92286,Amberg-Sulzbach,Bayern,49.322721,11.942663,2640
097775749164,Rieden,,87668,Ostallgäu,Bayern,47.953885,10.646483,1447
097775770163,Rieden am Forggensee,,87669,Ostallgäu,Bayern,47.616803,10.71286,1399
096725606145,Riedenberg,,97792,Bad Kissingen,Bayern,50.319842,9.860312,948
092730164164,Riedenburg,St,93339,Kelheim,Bayern,48.961889,11.682911,6090
096795654179,Riedenheim,,97283,Würzburg,Bayern,49.556588,9.974407,746
084155002062,Riederich,,72585,Reutlingen,Baden-Württemberg,48.560229,9.268552,4206
091870167167,Riedering,,83083,Rosenheim,Bayern,47.838422,12.207694,5550
084365001067,Riedhausen,,88377,Ravensburg,Baden-Württemberg,47.908922,9.431359,838
084265007097,Riedlingen,Stadt,88499,Biberach,Baden-Württemberg,48.153659,9.472452,11176
064330011011,Riedstadt,Büchnerstadt,64560,Groß-Gerau,Hessen,49.835419,8.497909,23146
083165005037,Riegel am Kaiserstuhl,,79359,Emmendingen,Baden-Württemberg,48.151551,7.747913,4051
100410517517,Riegelsberg,,66292,Regionalverband Saarbrücken,Saarland,49.304923,6.945007,14296
071405008126,Riegenroth,,55469,Rhein-Hunsrück-Kreis,Rheinland-Pfalz,50.057637,7.579973,234
091805137128,Riegsee,,82418,Garmisch-Partenkirchen,Bayern,47.698773,11.233785,1252
093755338191,Riekofen,,93104,Regensburg,Bayern,48.915578,12.349439,827
083355005100,Rielasingen-Worblingen,,78239,Konstanz,Baden-Württemberg,47.728398,8.846,12268
096770177177,Rieneck,St,97794,Main-Spessart,Bayern,50.093154,9.648272,1868
130745458066,Rieps,,19217,Nordwestmecklenburg,Mecklenburg-Vorpommern,53.772579,10.867261,364
010555546036,Riepsdorf,,23738,Ostholstein,Schleswig-Holstein,54.22536,10.969732,958
146270230230,"Riesa, Stadt",Hochschulstadt,01589,Meißen,Sachsen,51.30251,13.304633,29373
081365002087,Riesbürg,,73469,Ostalbkreis,Baden-Württemberg,48.850164,10.434643,2234
073405009222,Rieschweiler-Mühlbach,,66509,Südwestpfalz,Rheinland-Pfalz,49.24708,7.504427,2003
010585893137,Rieseby,,24354,Rendsburg-Eckernförde,Schleswig-Holstein,54.541709,9.812995,2755
034595402031,Rieste,,49597,Osnabrück,Niedersachsen,52.484176,8.011941,3599
071405008127,Riesweiler,,55499,Rhein-Hunsrück-Kreis,Rheinland-Pfalz,49.959872,7.557005,810
057540032032,Rietberg,Stadt,33397,Gütersloh,Nordrhein-Westfalen,51.808062,8.427337,30055
083275006056,Rietheim-Weilheim,,78604,Tuttlingen,Baden-Württemberg,48.040981,8.776063,2962
160685009044,Riethnordhausen,,99195,Sömmerda,Thüringen,51.085988,11.002108,971
146265233460,Rietschen / Rěčicy,,02956,Görlitz,Sachsen,51.395819,14.785711,2379
120670426426,Rietz-Neuendorf,,15848,Oder-Spree,Brandenburg,52.212581,14.207199,4147
120615114405,Rietzneuendorf-Staakow,,15910,Dahme-Spreewald,Brandenburg,52.010784,13.666971,614
064310019019,Rimbach,,64668,Bergstraße,Hessen,49.623998,8.756412,8738
092775239141,Rimbach,,84326,Rottal-Inn,Bayern,48.464825,12.662739,942
093720151151,Rimbach,,93485,Cham,Bayern,49.226796,12.883038,1795
096790180180,Rimpar,M,97222,Würzburg,Bayern,49.857057,9.956389,7587
071345002070,Rimsberg,,55765,Birkenfeld,Rheinland-Pfalz,49.656829,7.210663,128
091870168168,Rimsting,,83253,Rosenheim,Bayern,47.880357,12.337335,3775
092760139139,Rinchnach,,94269,Regen,Bayern,48.950045,13.198525,3111
034565401019,Ringe,,49824,Grafschaft Bentheim,Niedersachsen,52.595589,6.921272,1956
092720140140,Ringelai,,94160,Freyung-Grafenau,Bayern,48.812779,13.471559,1890
066360010010,Ringgau,,37296,Werra-Meißner-Kreis,Hessen,51.093843,10.092751,2830
160685002045,Ringleben,,99189,Sömmerda,Thüringen,51.104478,10.953632,471
010595937157,Ringsberg,,24977,Schleswig-Flensburg,Schleswig-Holstein,54.807139,9.598332,547
083175002113,Ringsheim,,77975,Ortenaukreis,Baden-Württemberg,48.24673,7.778635,2645
073375001067,Rinnthal,,76857,Südliche Weinstraße,Rheinland-Pfalz,49.218764,7.92414,678
032570031031,Rinteln,Stadt,31737,Schaumburg,Niedersachsen,52.186989,9.079841,25602
071345002071,Rinzenberg,,55767,Birkenfeld,Rheinland-Pfalz,49.676063,7.132619,319
072355006115,Riol,,54340,Trier-Saarburg,Rheinland-Pfalz,49.79356,6.791417,1348
160665050056,Rippershausen,,98639,Schmalkalden-Meiningen,Thüringen,50.605071,10.348448,780
010545489109,Risum-Lindholm,,25920,Nordfriesland,Schleswig-Holstein,54.761513,8.875515,3914
160665014057,Ritschenhausen,,98617,Schmalkalden-Meiningen,Thüringen,50.509165,10.433219,320
033560008008,Ritterhude,,27721,Osterholz,Niedersachsen,53.183333,8.756682,14836
072325008109,Rittersdorf,,54636,Eifelkreis Bitburg-Prüm,Rheinland-Pfalz,49.997521,6.496749,1315
160715007079,Rittersdorf,,99448,Weimarer Land,Thüringen,50.819245,11.236271,268
073335004062,Rittersheim,,67294,Donnersbergkreis,Rheinland-Pfalz,49.668104,8.058511,201
010535391101,Ritzerau,,23896,Herzogtum Lauenburg,Schleswig-Holstein,53.663003,10.567545,293
130715162123,Ritzerow,,17153,Mecklenburgische Seenplatte,Mecklenburg-Vorpommern,53.660487,12.964903,356
072315008111,Rivenich,,54518,Bernkastel-Wittlich,Rheinland-Pfalz,49.876219,6.846223,737
072355004116,Riveris,,54317,Trier-Saarburg,Rheinland-Pfalz,49.72636,6.764008,413
150905051435,Rochau,,39579,Stendal,Sachsen-Anhalt,52.707241,11.74164,975
145225126490,"Rochlitz, Stadt",Stadt des Roten Porphyr,09306,Mittelsachsen,Sachsen,51.045679,12.799334,5549
064400022022,Rockenberg,,35519,Wetteraukreis,Hessen,50.429875,8.735182,4173
073335007502,Rockenhausen,Stadt,67806,Donnersbergkreis,Rheinland-Pfalz,49.628859,7.823609,5371
072335006058,Rockeskyll,,54570,Vulkaneifel,Rheinland-Pfalz,50.255407,6.695132,255
160655052058,Rockstedt,,99713,Kyffhäuserkreis,Thüringen,51.284626,10.760211,200
073405004038,Rodalben,Stadt,66976,Südwestpfalz,Rheinland-Pfalz,49.239307,7.638519,6378
071315001072,Rodder,,53520,Ahrweiler,Rheinland-Pfalz,50.394672,6.859354,241
096775621178,Roden,,97849,Main-Spessart,Bayern,49.89529,9.626192,1028
064350023023,Rodenbach,,63517,Main-Kinzig-Kreis,Hessen,50.14547,9.021246,11074
073355009040,Rodenbach,,67688,Kaiserslautern,Rheinland-Pfalz,49.473468,7.653207,3311
071385005064,Rodenbach bei Puderbach,,57639,Neuwied,Rheinland-Pfalz,50.638506,7.648999,686
010585896138,Rodenbek,,24247,Rendsburg-Eckernförde,Schleswig-Holstein,54.276657,10.01972,443
032575406032,Rodenberg,Stadt,31552,Schaumburg,Niedersachsen,52.311819,9.352175,6287
010545489110,Rodenäs,,25924,Nordfriesland,Schleswig-Holstein,54.888387,8.70031,397
072325005110,Rodershausen,,54673,Eifelkreis Bitburg-Prüm,Rheinland-Pfalz,49.991961,6.195419,162
032565407026,Rodewald,,31637,Nienburg (Weser),Niedersachsen,52.662673,9.482895,2582
145230360360,Rodewisch,Stadt,08228,Vogtlandkreis,Sachsen,50.531885,12.403374,6131
064380011011,Rodgau,Stadt,63110,Offenbach,Hessen,50.024355,8.88533,45277
093720153153,Roding,St,93426,Cham,Bayern,49.193203,12.51827,13157
130745459067,Roduchelstorf,,23923,Nordwestmecklenburg,Mecklenburg-Vorpommern,53.820759,10.985768,232
071355002075,Roes,,56754,Cochem-Zell,Rheinland-Pfalz,50.244568,7.25779,483
053340024024,Roetgen,Tor zur Eifel,52159,Städteregion Aachen,Nordrhein-Westfalen,50.648577,6.196427,8786
097750149149,Roggenburg,,89297,Neu-Ulm,Bayern,48.278334,10.230854,2679
130745452068,Roggendorf,,19205,Nordwestmecklenburg,Mecklenburg-Vorpommern,53.694224,11.016911,996
130745453069,Roggenstorf,,23936,Nordwestmecklenburg,Mecklenburg-Vorpommern,53.913159,11.066925,452
130725253087,Roggentin,,18184,Landkreis Rostock,Mecklenburg-Vorpommern,54.072364,12.203945,2703
150835051440,Rogätz,,39326,Börde,Sachsen-Anhalt,52.318008,11.767123,2166
010605086069,Rohlstorf,,23821,Segeberg,Schleswig-Holstein,53.971759,10.408268,1169
095760142142,Rohr,,91189,Roth,Bayern,49.339156,10.888876,3733
160665014058,Rohr,,98530,Schmalkalden-Meiningen,Thüringen,50.57672,10.498474,912
092730165165,Rohr i.NB,M,93352,Kelheim,Bayern,48.768107,11.972089,3507
071345001073,Rohrbach,,55776,Birkenfeld,Rheinland-Pfalz,49.583326,7.25672,169
071405004130,Rohrbach,,55490,Rhein-Hunsrück-Kreis,Rheinland-Pfalz,49.887594,7.420877,161
073375004068,Rohrbach,,76865,Südliche Weinstraße,Rheinland-Pfalz,49.137175,8.128289,1802
091860149149,Rohrbach,,85296,Pfaffenhofen a.d.Ilm,Bayern,48.613775,11.563034,5970
160735012074,Rohrbach,,07429,Saalfeld-Rudolstadt,Thüringen,50.60298,11.220214,178
150815051440,Rohrberg,,38489,Altmarkkreis Salzwedel,Sachsen-Anhalt,52.70737,11.039679,964
160615008078,Rohrberg,,37318,Eichsfeld,Thüringen,51.410502,10.021544,230
096719456456,Rohrbrunner Forst,,,Aschaffenburg,Bayern,49.911893,9.402574,0
082355007060,Rohrdorf,,72229,Calw,Baden-Württemberg,48.570536,8.693404,1990
091870169169,Rohrdorf,,83101,Rosenheim,Bayern,47.796994,12.170017,5853
091855154157,Rohrenfels,,86701,Neuburg-Schrobenhausen,Bayern,48.687315,11.155356,1646
032565402027,Rohrsen,,31627,Nienburg (Weser),Niedersachsen,52.709796,9.232437,1132
081255007084,Roigheim,,74255,Heilbronn,Baden-Württemberg,49.363701,9.340511,1497
031585407025,Roklum,,38325,Wolfenbüttel,Niedersachsen,52.065366,10.739548,422
031595402028,Rollshausen,,37434,Göttingen,Niedersachsen,51.569563,10.216588,846
130755560115,Rollwitz,,17309,Vorpommern-Greifswald,Mecklenburg-Vorpommern,53.47244,13.977457,839
130765662120,Rom,,19372,Ludwigslust-Parchim,Mecklenburg-Vorpommern,53.445358,11.949777,792
072325006300,Rommersheim,,54597,Eifelkreis Bitburg-Prüm,Rheinland-Pfalz,50.193874,6.443613,671
051620028028,Rommerskirchen,,41569,Rhein-Kreis Neuss,Nordrhein-Westfalen,51.034328,6.688992,14079
065350014014,Romrod,Stadt,36329,Vogelsbergkreis,Hessen,50.714722,9.220618,2574
010535308103,Rondeshagen,,23919,Herzogtum Lauenburg,Schleswig-Holstein,53.753642,10.629717,803
064350024024,Ronneburg,,63549,Main-Kinzig-Kreis,Hessen,50.216857,9.04344,3532
160760061061,Ronneburg,Stadt,07580,Greiz,Thüringen,50.863458,12.184789,4971
032410014014,Ronnenberg,Stadt,30952,Region Hannover,Niedersachsen,52.319008,9.653235,23814
097770165165,Ronsberg,M,87671,Ostallgäu,Bayern,47.898111,10.412979,1658
066320017017,Ronshausen,,36217,Hersfeld-Rotenburg,Hessen,50.947739,9.859555,2271
072315006112,Rorodt,,54411,Bernkastel-Wittlich,Rheinland-Pfalz,49.768827,7.04955,55
160665051059,Rosa,,98590,Schmalkalden-Meiningen,Thüringen,50.711522,10.250238,673
064400023023,Rosbach v. d. Höhe,Stadt,61191,Wetteraukreis,Hessen,50.304532,8.692481,13084
073375003069,Roschbach,,76835,Südliche Weinstraße,Rheinland-Pfalz,49.246363,8.11789,866
033605404018,Rosche,,29571,Uelzen,Niedersachsen,52.986676,10.751954,1971
072325001301,Roscheid,,54619,Eifelkreis Bitburg-Prüm,Rheinland-Pfalz,50.122364,6.188003,47
010615189093,Rosdorf,,25548,Steinburg,Schleswig-Holstein,53.97689,9.723729,335
031590029029,Rosdorf,,37124,Göttingen,Niedersachsen,51.506056,9.896257,12239
010535318104,Roseburg,,21514,Herzogtum Lauenburg,Schleswig-Holstein,53.530505,10.624215,540
120695917537,Rosenau,,14789,Potsdam-Mittelmark,Brandenburg,52.325115,12.320434,854
146265220470,Rosenbach,,02708,Görlitz,Sachsen,51.078093,14.731271,1503
145230365365,Rosenbach/Vogtl.,,08539,Vogtlandkreis,Sachsen,50.546309,12.037253,3927
081365003060,Rosenberg,,73494,Ostalbkreis,Baden-Württemberg,49.01992,10.033041,2575
082255007082,Rosenberg,,74749,Neckar-Odenwald-Kreis,Baden-Württemberg,49.456285,9.474974,2021
055580040040,Rosendahl,,48720,Coesfeld,Nordrhein-Westfalen,52.016807,7.209896,11249
160755011093,Rosendorf,,07819,Saale-Orla-Kreis,Thüringen,50.7621,11.789195,159
084170054054,Rosenfeld,Stadt,72348,Zollernalbkreis,Baden-Württemberg,48.286301,8.723243,6393
033530029029,Rosengarten,,21224,Harburg,Niedersachsen,53.379364,9.895289,14033
081275009100,Rosengarten,,74538,Schwäbisch Hall,Baden-Württemberg,49.066934,9.726334,5309
091630000000,Rosenheim,,83013,Rosenheim,Bayern,47.856358,12.128932,65274
071325009095,Rosenheim (Landkreis Altenkirchen),,57520,Altenkirchen (Westerwald),Rheinland-Pfalz,50.712504,7.849012,753
073405008223,Rosenkopf,,66894,Südwestpfalz,Rheinland-Pfalz,49.345351,7.434224,358
130715162127,Rosenow,,17091,Mecklenburgische Seenplatte,Mecklenburg-Vorpommern,53.627786,13.036318,1018
066350017017,Rosenthal,Stadt,35119,Waldeck-Frankenberg,Hessen,50.97462,8.867967,2051
160750136136,Rosenthal am Rennsteig,,07366,Saale-Orla-Kreis,Thüringen,50.403386,11.696266,3669
146285219340,Rosenthal-Bielatal,,01824,Sächsische Schweiz-Osterzgebirge,Sachsen,50.874802,14.046095,1521
160775005042,Rositz,,04617,Altenburger Land,Thüringen,51.018668,12.367843,2686
120695902541,Roskow,,14778,Potsdam-Mittelmark,Brandenburg,52.472329,12.715223,1216
145220500500,Rossau,,09661,Mittelsachsen,Sachsen,50.997263,13.047678,3302
071385009065,Roßbach,,53547,Neuwied,Rheinland-Pfalz,50.574872,7.416099,1444
071435002287,Roßbach,,56271,Westerwaldkreis,Rheinland-Pfalz,50.604538,7.682226,856
092770142142,Roßbach,,94439,Rottal-Inn,Bayern,48.599478,12.941005,2920
096729466466,Roßbacher Forst,,,Bad Kissingen,Bayern,50.197388,9.711081,0
064320020020,Roßdorf,,64380,Darmstadt-Dieburg,Hessen,49.8577,8.756733,13096
160665051061,Roßdorf,,98590,Schmalkalden-Meiningen,Thüringen,50.702535,10.215447,564
097775770166,Roßhaupten,,87672,Ostallgäu,Bayern,47.652601,10.718053,2272
130755553116,Rossin,,17398,Vorpommern-Greifswald,Mecklenburg-Vorpommern,53.769859,13.704449,173
160650087087,Roßleben-Wiehe,Stadt,06571,Kyffhäuserkreis,Thüringen,51.29717,11.432894,7062
130755556117,Rossow,,17322,Vorpommern-Greifswald,Mecklenburg-Vorpommern,53.474896,14.123524,443
095730125125,Roßtal,M,90574,Fürth,Bayern,49.398892,10.886133,9663
145220510510,Roßwein,Stadt,04741,Mittelsachsen,Sachsen,51.065071,13.183633,7149
130030000000,Rostock,Hanse- und Universitätsstadt,18055,Rostock,Mecklenburg-Vorpommern,54.088548,12.135993,205307
081275008071,Rot am See,,74585,Schwäbisch Hall,Baden-Württemberg,49.248906,10.02557,5531
084265008100,Rot an der Rot,,88430,Biberach,Baden-Württemberg,48.013091,10.027282,4500
033570039039,Rotenburg (Wümme),Stadt,27356,Rotenburg (Wümme),Niedersachsen,53.110417,9.403666,23117
066320018018,Rotenburg a. d. Fulda,Stadt,36199,Hersfeld-Rotenburg,Hessen,50.996422,9.724701,12937
071435009288,Rotenhain,,56459,Westerwaldkreis,Rheinland-Pfalz,50.599148,7.882879,492
071325006096,Roth,,57539,Altenkirchen (Westerwald),Rheinland-Pfalz,50.76258,7.700363,1567
071335011085,Roth,,55442,Bad Kreuznach,Rheinland-Pfalz,49.943588,7.800693,285
071405003131,Roth,,56288,Rhein-Hunsrück-Kreis,Rheinland-Pfalz,50.086734,7.455648,258
071415011118,Roth,,56368,Rhein-Lahn-Kreis,Rheinland-Pfalz,50.267074,7.895567,197
095760143143,Roth,St,91154,Roth,Bayern,49.244523,11.090664,25458
072325005112,Roth an der Our,,54675,Eifelkreis Bitburg-Prüm,Rheinland-Pfalz,49.922801,6.225358,242
072325006302,Roth bei Prüm,,54597,Eifelkreis Bitburg-Prüm,Rheinland-Pfalz,50.307971,6.385369,440
130755559118,Rothemühl,,17379,Vorpommern-Greifswald,Mecklenburg-Vorpommern,53.594758,13.821924,283
071435009289,Rothenbach,,56459,Westerwaldkreis,Rheinland-Pfalz,50.564072,7.900827,946
096710148148,Rothenbuch,,63860,Aschaffenburg,Bayern,49.967421,9.397565,1680
096719457457,Rothenbucher Forst,,,Aschaffenburg,Bayern,49.965143,9.425294,0
095710193193,Rothenburg ob der Tauber,GKSt,91541,Ansbach,Bayern,49.377149,10.179283,11365
146265235480,"Rothenburg/O.L., Stadt",Hochschulstadt,02929,Görlitz,Sachsen,51.33588,14.966788,4047
096775621181,Rothenfels,St,97851,Main-Spessart,Bayern,49.890749,9.589787,947
130755556119,Rothenklempenow,,17321,Vorpommern-Greifswald,Mecklenburg-Vorpommern,53.515988,14.202804,592
160745011079,Rothenstein,,07751,Saale-Holzland-Kreis,Thüringen,50.849184,11.603008,1134
073365008087,Rothselberg,,67753,Kusel,Rheinland-Pfalz,49.546078,7.591146,622
071325010097,Rott,,57632,Altenkirchen (Westerwald),Rheinland-Pfalz,50.637343,7.513436,398
091815142137,Rott,,86935,Landsberg am Lech,Bayern,47.906166,10.970729,1746
091875165170,Rott a.Inn,,83543,Rosenheim,Bayern,47.983204,12.127646,4142
091820129129,Rottach-Egern,,83700,Miesbach,Bayern,47.688923,11.765587,5441
084255010104,Rottenacker,,89616,Alb-Donau-Kreis,Baden-Württemberg,48.235057,9.687742,2278
091905178145,Rottenbuch,,82401,Weilheim-Schongau,Bayern,47.732472,10.964274,1833
092740176176,Rottenburg a.d.Laaber,St,84056,Landshut,Bayern,48.702367,12.027732,8486
084165003036,Rottenburg am Neckar,Stadt,72108,Tübingen,Baden-Württemberg,48.479475,8.936507,45677
096790185185,Rottendorf,,97228,Würzburg,Bayern,49.790279,10.026372,5398
091879451451,Rotter Forst-Nord,,,Rosenheim,Bayern,47.963362,12.094872,0
091879452452,Rotter Forst-Süd,,,Rosenheim,Bayern,47.95304,12.078374,0
092755234143,Rotthalmünster,M,94094,Passau,Bayern,48.359785,13.202955,4676
083255003049,Rottweil,Stadt,78628,Rottweil,Baden-Württemberg,48.167866,8.627337,24985
071335006086,Roxheim,,55595,Bad Kreuznach,Rheinland-Pfalz,49.863903,7.809073,2807
130755557120,Rubenow,,17509,Vorpommern-Greifswald,Mecklenburg-Vorpommern,54.099356,13.6989,752
130755563121,Rubkow,,17390,Vorpommern-Greifswald,Mecklenburg-Vorpommern,53.936343,13.722246,617
091780122122,Rudelzhausen,,84104,Freising,Bayern,48.590008,11.767661,3508
097775752167,Ruderatshofen,,87674,Ostallgäu,Bayern,47.81891,10.589056,1726
081190061061,Rudersberg,,73635,Rems-Murr-Kreis,Baden-Württemberg,48.883356,9.529647,11555
092750144144,Ruderting,,94161,Passau,Bayern,48.653401,13.408538,3063
160730076076,Rudolstadt,Stadt,07407,Saalfeld-Rudolstadt,Thüringen,50.721635,11.343567,24852
094775435151,Rugendorf,,95365,Kulmbach,Bayern,50.200404,11.461437,941
160635057066,Ruhla,Stadt,99842,Wartburgkreis,Thüringen,50.892673,10.365621,5126
120665607272,Ruhland,Stadt,01945,Oberspreewald-Lausitz,Brandenburg,51.459153,13.866195,3728
092765238142,Ruhmannsfelden,M,94239,Regen,Bayern,48.98335,12.986128,2023
130765655168,Ruhner Berge,,19376,Ludwigslust-Parchim,Mecklenburg-Vorpommern,53.31804,11.927852,1723
091890140140,Ruhpolding,,83324,Traunstein,Bayern,47.763707,12.645429,6772
092750145145,Ruhstorf a.d.Rott,M,94099,Passau,Bayern,48.438795,13.335502,7115
010575785069,Ruhwinkel,,24601,Plön,Schleswig-Holstein,54.094216,10.221823,949
130725261090,Rukieten,,18258,Landkreis Rostock,Mecklenburg-Vorpommern,53.89908,12.154996,363
033555407032,Rullstorf,,21379,Lüneburg,Niedersachsen,53.286155,10.530491,1920
073405001039,Rumbach,,76891,Südwestpfalz,Rheinland-Pfalz,49.096417,7.787471,398
010585896139,Rumohr,,24254,Rendsburg-Eckernförde,Schleswig-Holstein,54.255177,10.024676,814
093720155155,Runding,,93486,Cham,Bayern,49.214563,12.763722,2234
065330013013,Runkel,Stadt,65594,Limburg-Weilburg,Hessen,50.405383,8.156881,9543
071435004065,Ruppach-Goldhausen,,56412,Westerwaldkreis,Rheinland-Pfalz,50.463234,7.880475,1224
073325001043,Ruppertsberg,,67152,Bad Dürkheim,Rheinland-Pfalz,49.399386,8.197281,1407
073335007065,Ruppertsecken,,67808,Donnersbergkreis,Rheinland-Pfalz,49.645819,7.881015,345
071415007120,Ruppertshofen,,56357,Rhein-Lahn-Kreis,Rheinland-Pfalz,50.20068,7.80698,353
081365008061,Ruppertshofen,,73577,Ostalbkreis,Baden-Württemberg,48.884049,9.814323,1939
096779463463,Ruppertshüttener Forst,,,Main-Spessart,Bayern,50.07971,9.572257,0
073405003040,Ruppertsweiler,,66957,Südwestpfalz,Rheinland-Pfalz,49.197464,7.688957,1447
053820052052,Ruppichteroth,,53809,Rhein-Sieg-Kreis,Nordrhein-Westfalen,50.843966,7.483618,10887
071345001075,Ruschberg,,55776,Birkenfeld,Rheinland-Pfalz,49.619717,7.28833,794
083175002114,Rust,,77977,Ortenaukreis,Baden-Württemberg,48.269294,7.726081,4865
160615008082,Rustenfelde,,37318,Eichsfeld,Thüringen,51.394321,10.003443,524
081150042042,Rutesheim,Stadt,71277,Böblingen,Baden-Württemberg,48.809882,8.945152,11258
073365010088,Ruthweiler,,66869,Kusel,Rheinland-Pfalz,49.55285,7.366647,470
073365010089,Rutsweiler am Glan,,66887,Kusel,Rheinland-Pfalz,49.529294,7.456141,291
073365008090,Rutsweiler an der Lauter,,67752,Kusel,Rheinland-Pfalz,49.565865,7.620574,374
160745050081,Ruttersdorf-Lotschen,,07646,Saale-Holzland-Kreis,Thüringen,50.884328,11.747559,327
031545403017,Räbke,,38375,Helmstedt,Niedersachsen,52.194636,10.878602,788
146255501470,Räckelwitz / Worklecy,,01920,Bautzen,Sachsen,51.256263,14.223127,1137
033605404016,Rätzlingen,,29590,Uelzen,Niedersachsen,52.975896,10.675921,465
130715159124,Röbel/Müritz,Stadt,17207,Mecklenburgische Seenplatte,Mecklenburg-Vorpommern,53.376237,12.605909,4684
095715509192,Röckingen,,91740,Ansbach,Bayern,49.057243,10.560231,754
130715163125,Röckwitz,,17091,Mecklenburgische Seenplatte,Mecklenburg-Vorpommern,53.708118,13.09941,259
071405004128,Rödelhausen,,56858,Rhein-Hunsrück-Kreis,Rheinland-Pfalz,49.992378,7.329348,123
096735635156,Rödelmaier,,97618,Rhön-Grabfeld,Bayern,50.319705,10.277472,956
096755616161,Rödelsee,,97348,Kitzingen,Bayern,49.728659,10.244063,1926
094730159159,Rödental,St,96472,Coburg,Bayern,50.290191,11.032458,12457
146275234240,Röderaue,,01609,Meißen,Sachsen,51.387538,13.471968,2413
120620410410,Röderland,,04932,Elbe-Elster,Brandenburg,51.429725,13.493509,3618
064380012012,Rödermark,Stadt,63322,Offenbach,Hessen,49.978893,8.827442,28753
071405004129,Rödern,,55481,Rhein-Hunsrück-Kreis,Rheinland-Pfalz,49.946562,7.448382,200
073385001022,Rödersheim-Gronau,,67127,Rhein-Pfalz-Kreis,Rheinland-Pfalz,49.429578,8.257346,2887
057580028028,Rödinghausen,,32289,Herford,Nordrhein-Westfalen,52.253282,8.479015,10064
097745728178,Röfingen,,89365,Günzburg,Bayern,48.424444,10.444424,1204
097795724206,Rögling,,86703,Donau-Ries,Bayern,48.847454,10.94659,612
130745452070,Rögnitz,,19205,Nordwestmecklenburg,Mecklenburg-Vorpommern,53.613535,11.023948,185
072325008111,Röhl,,54636,Eifelkreis Bitburg-Prüm,Rheinland-Pfalz,49.937287,6.582719,435
091740141141,Röhrmoos,,85244,Dachau,Bayern,48.326969,11.458116,6449
092720141141,Röhrnbach,M,94133,Freyung-Grafenau,Bayern,48.740217,13.522967,4323
096765631151,Röllbach,,63934,Miltenberg,Bayern,49.773849,9.247397,1751
073385007023,Römerberg,,67354,Rhein-Pfalz-Kreis,Rheinland-Pfalz,49.265731,8.398865,9634
096729464464,Römershager Forst-Nord,,,Bad Kissingen,Bayern,50.332386,9.793132,0
096729465465,Römershager Forst-Ost,,,Bad Kissingen,Bayern,50.308844,9.836082,0
084155005088,Römerstein,,72587,Reutlingen,Baden-Württemberg,48.496398,9.514668,4094
160690062062,Römhild,Stadt,98630,Hildburghausen,Thüringen,50.396867,10.538723,6383
010535358102,Römnitz,,23909,Herzogtum Lauenburg,Schleswig-Holstein,53.710121,10.768957,60
033605407017,Römstedt,,29591,Uelzen,Niedersachsen,53.095509,10.650651,753
094790145145,Röslau,,95195,Wunsiedel i.Fichtelgebirge,Bayern,50.083981,11.973769,1991
053780028028,Rösrath,Stadt,51503,Rheinisch-Bergischer Kreis,Nordrhein-Westfalen,50.895438,7.181947,28709
031515406023,Rötgesbüttel,,38531,Gifhorn,Niedersachsen,52.415253,10.532239,2519
147290370370,Rötha,Stadt,04571,Leipzig,Sachsen,51.198128,12.414903,6325
097765737124,Röthenbach (Allgäu),,88167,Lindau (Bodensee),Bayern,47.622897,9.973255,1955
095740152152,Röthenbach a.d.Pegnitz,St,90552,Nürnberger Land,Bayern,49.482066,11.238754,12529
096780170170,Röthlein,,97520,Schweinfurt,Bayern,49.985703,10.215423,4444
071345002072,Rötsweiler-Nockenthal,,55767,Birkenfeld,Rheinland-Pfalz,49.711913,7.249592,444
095720149149,Röttenbach,,91341,Erlangen-Höchstadt,Bayern,49.67125,10.926701,4625
095760141141,Röttenbach,,91187,Roth,Bayern,49.151493,11.031847,3363
096795654182,Röttingen,St,97285,Würzburg,Bayern,49.510312,9.969683,1681
093720154154,Rötz,St,92444,Cham,Bayern,49.342287,12.531008,3256
130725260088,Rövershagen,,18182,Landkreis Rostock,Mecklenburg-Vorpommern,54.173634,12.241374,2894
071375002095,Rüber,,56295,Mayen-Koblenz,Rheinland-Pfalz,50.292175,7.374654,877
071435007064,Rückeroth,,56244,Westerwaldkreis,Rheinland-Pfalz,50.560058,7.743748,465
095740154154,Rückersdorf,,90607,Nürnberger Land,Bayern,49.493374,11.242961,4744
120625202417,Rückersdorf,,03238,Elbe-Elster,Brandenburg,51.575187,13.563897,1360
160765004062,Rückersdorf,,07580,Greiz,Thüringen,50.821344,12.220647,674
095749462462,Rückersdorfer Forst,,,Nürnberger Land,Bayern,49.512087,11.239181,0
097775756168,Rückholz,,87494,Ostallgäu,Bayern,47.658218,10.539754,1007
071345001074,Rückweiler,,55776,Birkenfeld,Rheinland-Pfalz,49.580298,7.238174,375
096765627153,Rüdenau,,63924,Miltenberg,Bayern,49.711322,9.180702,724
096755614162,Rüdenhausen,M,97355,Kitzingen,Bayern,49.765202,10.342259,850
120640428428,Rüdersdorf bei Berlin,,15562,Märkisch-Oderland,Brandenburg,52.470577,13.786091,15889
031595402030,Rüdershausen,,37434,Göttingen,Niedersachsen,51.581182,10.26824,811
071335006117,Rüdesheim,,55593,Bad Kreuznach,Rheinland-Pfalz,49.845274,7.812868,2744
064390013013,Rüdesheim am Rhein,Stadt,65385,Rheingau-Taunus-Kreis,Hessen,49.979366,7.926648,9879
120605003192,Rüdnitz,,16321,Barnim,Brandenburg,52.721251,13.62511,2133
010595974070,Rügge,,24405,Schleswig-Flensburg,Schleswig-Holstein,54.689422,9.761241,242
095715504194,Rügland,,91622,Ansbach,Bayern,49.400863,10.58597,1257
031515402024,Rühen,,38471,Gifhorn,Niedersachsen,52.485839,10.885271,5790
130725252089,Rühn,,18246,Landkreis Rostock,Mecklenburg-Vorpommern,53.820803,11.938898,612
120705001348,Rühstädt,,19322,Prignitz,Brandenburg,52.91894,11.870346,473
073345006025,Rülzheim,,76761,Germersheim,Rheinland-Pfalz,49.155067,8.293548,8472
071335011087,Rümmelsheim,,55452,Bad Kreuznach,Rheinland-Pfalz,49.934218,7.859905,1459
083365008073,Rümmingen,,79595,Lörrach,Baden-Württemberg,47.641307,7.642922,1989
010625207065,Rümpel,,23843,Stormarn,Schleswig-Holstein,53.782963,10.351796,1350
071385009066,Rüscheid,,56584,Neuwied,Rheinland-Pfalz,50.522824,7.565627,831
064330012012,Rüsselsheim am Main,Stadt,65428,Groß-Gerau,Hessen,49.994936,8.411404,65627
073335003064,Rüssingen,,67308,Donnersbergkreis,Rheinland-Pfalz,49.616298,8.086456,553
059740036036,Rüthen,Stadt,59602,Soest,Nordrhein-Westfalen,51.491486,8.431127,10290
120685804372,Rüthnick,,16835,Ostprignitz-Ruppin,Brandenburg,52.881027,12.994752,456
130745453071,Rüting,,23936,Nordwestmecklenburg,Mecklenburg-Vorpommern,53.792951,11.222723,542
130735352077,Saal,,18317,Vorpommern-Rügen,Mecklenburg-Vorpommern,54.310418,12.495445,1453
092735216166,Saal a.d.Donau,,93342,Kelheim,Bayern,48.900521,11.928009,5685
096735640160,Saal a.d.Saale,M,97633,Rhön-Grabfeld,Bayern,50.317076,10.354982,1559
160750135135,Saalburg-Ebersdorf,Stadt,07929,Saale-Orla-Kreis,Thüringen,50.484382,11.667186,3271
091720130130,Saaldorf-Surheim,,83416,Berchtesgadener Land,Bayern,47.870455,12.929731,5578
160730077077,Saalfeld/Saale,Stadt,07318,Saalfeld-Rudolstadt,Thüringen,50.647648,11.361357,29086
073405009041,Saalstadt,,66919,Südwestpfalz,Rheinland-Pfalz,49.323801,7.547655,312
160765006064,Saara,,07589,Greiz,Thüringen,50.856248,11.975979,577
100410100100,Saarbrücken,Landeshauptstadt,66111,Regionalverband Saarbrücken,Saarland,49.236608,6.995542,182971
072355008118,Saarburg,Stadt,54439,Trier-Saarburg,Rheinland-Pfalz,49.608359,6.54871,7504
100440115115,Saarlouis,Kreisstadt,66740,Saarlouis,Saarland,49.31506,6.75122,37667
100440116116,Saarwellingen,,66793,Saarlouis,Saarland,49.353678,6.806558,13616
095710196196,Sachsen b.Ansbach,,91623,Ansbach,Bayern,49.288491,10.66144,3720
032575407033,Sachsenhagen,Stadt,31553,Schaumburg,Niedersachsen,52.39579,9.264827,1821
081180076076,Sachsenheim,Stadt,74343,Ludwigsburg,Baden-Württemberg,48.959506,9.063337,18638
091735109141,Sachsenkam,,83679,Bad Tölz-Wolfratshausen,Bayern,47.806902,11.64358,1333
055660080080,Saerbeck,NRW-Klimakommune,48369,Steinfurt,Nordrhein-Westfalen,52.173086,7.633669,6906
071375001096,Saffig,,56648,Mayen-Koblenz,Rheinland-Pfalz,50.379942,7.415851,2209
130735359078,Sagard,,18551,Vorpommern-Rügen,Mecklenburg-Vorpommern,54.524875,13.555143,2410
010535373106,Sahms,,21493,Herzogtum Lauenburg,Schleswig-Holstein,53.525807,10.532723,454
096710150150,Sailauf,,63877,Aschaffenburg,Bayern,50.024451,9.255757,3555
096719458458,Sailaufer Forst,,,Aschaffenburg,Bayern,50.043221,9.299442,0
081175003042,Salach,,73084,Göppingen,Baden-Württemberg,48.690404,9.737615,8042
092785256182,Salching,,94330,Straubing-Bogen,Bayern,48.810975,12.57016,2742
092720142142,Saldenburg,,94163,Freyung-Grafenau,Bayern,48.773291,13.356102,1986
010535358107,Salem,,23911,Herzogtum Lauenburg,Schleswig-Holstein,53.656405,10.827965,693
084355005052,Salem,,88682,Bodenseekreis,Baden-Württemberg,47.759725,9.310691,12243
097785759190,Salgen,,87775,Unterallgäu,Bayern,48.129483,10.478717,1452
120625205425,Sallgast,,03238,Elbe-Elster,Brandenburg,51.588502,13.848571,1392
072335006060,Salm,,54570,Vulkaneifel,Rheinland-Pfalz,50.152462,6.690979,322
072315008113,Salmtal,,54528,Bernkastel-Wittlich,Rheinland-Pfalz,49.927365,6.847557,2539
071435008290,Salz,,56414,Westerwaldkreis,Rheinland-Pfalz,50.508872,7.958497,878
096735635161,Salz,,97616,Rhön-Grabfeld,Bayern,50.309492,10.20876,2287
150880319319,Salzatal,,06198,Saalekreis,Sachsen-Anhalt,51.525992,11.823568,11267
034540045045,Salzbergen,,48499,Emsland,Niedersachsen,52.322754,7.347275,7949
071435006291,Salzburg,,56479,Westerwaldkreis,Rheinland-Pfalz,50.667835,8.046635,231
031020000000,Salzgitter,Stadt,38226,Salzgitter,Niedersachsen,52.153574,10.329208,104970
033535405030,Salzhausen,,21376,Harburg,Niedersachsen,53.225825,10.169305,4887
032520008008,Salzhemmendorf,Flecken,31020,Hameln-Pyrmont,Niedersachsen,52.066226,9.589601,9233
057740036036,Salzkotten,Stadt,33154,Paderborn,Nordrhein-Westfalen,51.671701,8.604954,25429
150810455455,Salzwedel,Hansestadt,29410,Altmarkkreis Salzwedel,Sachsen-Anhalt,52.852801,11.153862,22964
092750146146,Salzweg,,94121,Passau,Bayern,48.615458,13.482403,6533
091870172172,Samerberg,,83122,Rosenheim,Bayern,47.781501,12.212482,2798
034565403020,Samern,,48465,Grafschaft Bentheim,Niedersachsen,52.299715,7.255962,810
130735362079,Samtens,,18573,Vorpommern-Rügen,Mecklenburg-Vorpommern,54.35598,13.29259,1991
096740195195,Sand a.Main,,97522,Haßberge,Bayern,49.987545,10.588094,3060
150905052445,Sandau (Elbe),Stadt,39524,Stendal,Sachsen-Anhalt,52.789726,12.046326,796
096730162162,Sandberg,,97657,Rhön-Grabfeld,Bayern,50.34894,10.007038,2329
033575404040,Sandbostel,,27446,Rotenburg (Wümme),Niedersachsen,53.408968,9.130098,788
034550014014,Sande,,26452,Friesland,Niedersachsen,53.49975,8.01612,8619
150820340340,Sandersdorf-Brehna,Stadt,06792,Anhalt-Bitterfeld,Sachsen-Anhalt,51.557318,12.212601,14130
010535391108,Sandesneben,,23898,Herzogtum Lauenburg,Schleswig-Holstein,53.68797,10.496793,1859
082260076076,Sandhausen,,69207,Rhein-Neckar-Kreis,Baden-Württemberg,49.342601,8.658493,15330
150870370370,Sangerhausen,Stadt,06526,Mansfeld-Südharz,Sachsen-Anhalt,51.473662,11.298597,25392
130720091091,Sanitz,,18190,Landkreis Rostock,Mecklenburg-Vorpommern,54.077526,12.375429,6533
073335007066,Sankt Alban,,67813,Donnersbergkreis,Rheinland-Pfalz,49.683295,7.86278,270
071355005076,Sankt Aldegund,,56858,Cochem-Zell,Rheinland-Pfalz,50.082206,7.130204,502
010515169096,Sankt Annen,,25776,Dithmarschen,Schleswig-Holstein,54.345413,9.07975,320
053820056056,Sankt Augustin,Stadt,53757,Rhein-Sieg-Kreis,Nordrhein-Westfalen,50.77333,7.185259,56521
092780184184,Sankt Englmar,,94379,Straubing-Bogen,Bayern,49.002846,12.823952,1827
071405009133,Sankt Goar,Stadt,56329,Rhein-Hunsrück-Kreis,Rheinland-Pfalz,50.150992,7.713464,2847
071415009121,"Sankt Goarshausen, Loreleystadt",Stadt,56346,Rhein-Lahn-Kreis,Rheinland-Pfalz,50.153545,7.719227,1248
071375003097,Sankt Johann,,56727,Mayen-Koblenz,Rheinland-Pfalz,50.347576,7.196286,951
073395008050,Sankt Johann,,55578,Mainz-Bingen,Rheinland-Pfalz,49.867897,8.016253,874
073365008095,Sankt Julian,,66887,Kusel,Rheinland-Pfalz,49.608283,7.510407,1046
071335006088,Sankt Katharinen,,55595,Bad Kreuznach,Rheinland-Pfalz,49.866709,7.768735,380
071385004068,Sankt Katharinen (Landkreis Neuwied),,53562,Neuwied,Rheinland-Pfalz,50.591086,7.345257,3434
010615179095,Sankt Margarethen,,25572,Steinburg,Schleswig-Holstein,53.889309,9.256234,812
073375006070,Sankt Martin,,67487,Südliche Weinstraße,Rheinland-Pfalz,49.301132,8.104579,1679
010515163097,Sankt Michaelisdonn,,25693,Dithmarschen,Schleswig-Holstein,53.994807,9.121257,3487
092729459459,Sankt Oswald,,,Freyung-Grafenau,Bayern,48.93976,13.437353,0
092720143143,Sankt Oswald-Riedlhütte,,94568,Freyung-Grafenau,Bayern,48.891752,13.428539,2944
010545417113,Sankt Peter-Ording,,25826,Nordfriesland,Schleswig-Holstein,54.302281,8.640495,3724
071375008222,Sankt Sebastian,,56220,Mayen-Koblenz,Rheinland-Pfalz,50.410442,7.5648,2652
072325008113,Sankt Thomas,,54655,Eifelkreis Bitburg-Prüm,Rheinland-Pfalz,50.06757,6.599305,239
091770137137,Sankt Wolfgang,,84427,Erding,Bayern,48.218223,12.135093,4557
071405008134,Sargenroth,,55471,Rhein-Hunsrück-Kreis,Rheinland-Pfalz,49.932263,7.51334,434
010615189096,Sarlhusen,,24616,Steinburg,Schleswig-Holstein,54.023134,9.792793,448
072335001061,Sarmersbach,,54552,Vulkaneifel,Rheinland-Pfalz,50.240818,6.878757,170
130725255092,Sarmstorf,,18276,Landkreis Rostock,Mecklenburg-Vorpommern,53.842857,12.218139,500
130755553122,Sarnow,,17392,Vorpommern-Greifswald,Mecklenburg-Vorpommern,53.751571,13.626423,334
130715151128,Sarow,,17111,Mecklenburgische Seenplatte,Mecklenburg-Vorpommern,53.794622,13.102113,688
032540028028,Sarstedt,Stadt,31157,Hildesheim,Niedersachsen,52.234449,9.855848,19405
010515175098,Sarzbüttel,,25785,Dithmarschen,Schleswig-Holstein,54.118843,9.184027,703
083175001116,Sasbach,,77880,Ortenaukreis,Baden-Württemberg,48.638758,8.091829,5357
083165005038,Sasbach am Kaiserstuhl,,79361,Emmendingen,Baden-Württemberg,48.13972,7.616064,3481
083175001118,Sasbachwalden,,77887,Ortenaukreis,Baden-Württemberg,48.618538,8.125871,2538
072335004236,Sassen,,56767,Vulkaneifel,Rheinland-Pfalz,50.266091,6.965932,94
130755558123,Sassen-Trantow,,17121,Vorpommern-Greifswald,Mecklenburg-Vorpommern,54.02358,13.187334,818
055700036036,Sassenberg,Stadt,48336,Warendorf,Nordrhein-Westfalen,51.988098,8.041446,14558
031510025025,Sassenburg,,38524,Gifhorn,Niedersachsen,52.509875,10.628875,11913
130730080080,Sassnitz,Stadt,18546,Vorpommern-Rügen,Mecklenburg-Vorpommern,54.51304,13.634476,8893
034530013013,Saterland,,26683,Cloppenburg,Niedersachsen,53.102801,7.678787,14378
130720093093,Satow,,18239,Landkreis Rostock,Mecklenburg-Vorpommern,53.988631,11.894345,6336
081275002073,Satteldorf,,74589,Schwäbisch Hall,Baden-Württemberg,49.170293,10.081515,5703
033595401037,Sauensiek,,21644,Stade,Niedersachsen,53.379351,9.599388,2525
091840141141,Sauerlach,,82054,München,Bayern,47.971744,11.653905,8063
071415009122,Sauerthal,,65391,Rhein-Lahn-Kreis,Rheinland-Pfalz,50.085496,7.82097,141
084375003123,Sauldorf,,88605,Sigmaringen,Baden-Württemberg,47.94256,9.106323,2607
091805133129,Saulgrub,,82442,Garmisch-Partenkirchen,Bayern,47.667637,11.024935,1612
073315006058,Saulheim,,55291,Alzey-Worms,Rheinland-Pfalz,49.876373,8.14903,7893
010595974072,Saustrup,,24392,Schleswig-Flensburg,Schleswig-Holstein,54.671983,9.772102,181
130755551124,Sauzin,,17440,Vorpommern-Greifswald,Mecklenburg-Vorpommern,54.034625,13.784968,398
072335001062,Saxler,,54558,Vulkaneifel,Rheinland-Pfalz,50.139944,6.896739,58
145225129520,Sayda,Stadt,09619,Mittelsachsen,Sachsen,50.711291,13.423109,1659
064320021021,Schaafheim,,64850,Darmstadt-Dieburg,Hessen,49.921287,9.007365,9113
010595987073,Schaalby,,24882,Schleswig-Flensburg,Schleswig-Holstein,54.549079,9.63988,1474
010585888140,Schacht-Audorf,,24790,Rendsburg-Eckernförde,Schleswig-Holstein,54.313445,9.717681,4795
160615008083,Schachtebich,,37318,Eichsfeld,Thüringen,51.400806,10.049961,236
010605086070,Schackendorf,,23795,Segeberg,Schleswig-Holstein,53.957561,10.270569,870
010595952158,Schafflund,,24980,Schleswig-Flensburg,Schleswig-Holstein,54.759312,9.184822,3014
010515175099,Schafstedt,,25725,Dithmarschen,Schleswig-Holstein,54.079915,9.293675,1290
160720015015,Schalkau,Stadt,96528,Sonneberg,Thüringen,50.393575,11.005007,3111
071315004073,Schalkenbach,,53426,Ahrweiler,Rheinland-Pfalz,50.495773,7.15143,809
072335001063,Schalkenmehren,,54552,Vulkaneifel,Rheinland-Pfalz,50.165588,6.858851,598
092745223179,Schalkham,,84175,Landshut,Bayern,48.489387,12.417759,917
010515169100,Schalkholz,,25782,Dithmarschen,Schleswig-Holstein,54.246244,9.257028,567
059620056056,Schalksmühle,,58579,Märkischer Kreis,Nordrhein-Westfalen,51.241352,7.529389,10463
083365008075,Schallbach,,79597,Lörrach,Baden-Württemberg,47.654705,7.626845,855
073355010041,Schallodenbach,,67701,Kaiserslautern,Rheinland-Pfalz,49.544365,7.714968,861
083155014098,Schallstadt,,79227,Breisgau-Hochschwarzwald,Baden-Württemberg,47.957208,7.760755,6937
072325005114,Schankweiler,,54668,Eifelkreis Bitburg-Prüm,Rheinland-Pfalz,49.897754,6.38314,201
034545408046,Schapen,,48480,Emsland,Niedersachsen,52.403274,7.559026,2438
130735362081,Schaprode,,18569,Vorpommern-Rügen,Mecklenburg-Vorpommern,54.514628,13.166426,407
010550044044,Scharbeutz,,23683,Ostholstein,Schleswig-Holstein,54.022793,10.750232,11694
072325008115,Scharfbillig,,54636,Eifelkreis Bitburg-Prüm,Rheinland-Pfalz,49.932266,6.556557,129
033555407033,Scharnebeck,,21379,Lüneburg,Niedersachsen,53.293367,10.507995,3279
010555591037,Schashagen,,23730,Ostholstein,Schleswig-Holstein,54.134271,10.883528,1963
066330023023,Schauenburg,,34270,Kassel,Hessen,51.282921,9.342869,10352
094755431165,Schauenstein,St,95197,Hof,Bayern,50.277606,11.740779,1859
073405009042,Schauerberg,,66919,Südwestpfalz,Rheinland-Pfalz,49.313936,7.574934,181
092715202148,Schaufling,,94571,Deggendorf,Bayern,48.843583,13.067291,1487
071345005076,Schauren,,55758,Birkenfeld,Rheinland-Pfalz,49.806734,7.236209,478
071355005077,Schauren,,56865,Cochem-Zell,Rheinland-Pfalz,50.021426,7.268834,413
091870142142,Schechen,,83135,Rosenheim,Bayern,47.929188,12.123345,5316
081365005062,Schechingen,,73579,Ostalbkreis,Baden-Württemberg,48.87361,9.917603,2245
031595401031,Scheden,,37127,Göttingen,Niedersachsen,51.458993,9.726961,1783
084375002101,Scheer,Stadt,72516,Sigmaringen,Baden-Württemberg,48.072852,9.29442,2510
033570041041,Scheeßel,,27383,Rotenburg (Wümme),Niedersachsen,53.168787,9.482765,12690
082255008115,Schefflenz,,74850,Neckar-Odenwald-Kreis,Baden-Württemberg,49.401352,9.279178,3933
010595974074,Scheggerott,,24392,Schleswig-Flensburg,Schleswig-Holstein,54.667579,9.821155,324
145215130510,Scheibenberg,Stadt,09481,Erzgebirgskreis,Sachsen,50.54137,12.912503,1972
073345002027,Scheibenhardt,,76779,Germersheim,Rheinland-Pfalz,48.981189,8.139887,608
072335006237,Scheid,,54611,Vulkaneifel,Rheinland-Pfalz,50.359636,6.422302,122
097760125125,Scheidegg,M,88175,Lindau (Bodensee),Bayern,47.581684,9.848308,4432
160745053082,Scheiditz,,07646,Saale-Holzland-Kreis,Thüringen,50.904913,11.754755,54
071415003124,Scheidt,,56379,Rhein-Lahn-Kreis,Rheinland-Pfalz,50.338193,7.913673,359
095755518161,Scheinfeld,St,91443,Neustadt a.d.Aisch-Bad Windsheim,Bayern,49.665093,10.462384,4583
072325005116,Scheitenkorb,,54673,Eifelkreis Bitburg-Prüm,Rheinland-Pfalz,50.00726,6.2099,29
084250108108,Schelklingen,Stadt,89601,Alb-Donau-Kreis,Baden-Württemberg,48.372526,9.734923,6616
091729454454,Schellenberger Forst,,,Berchtesgadener Land,Bayern,47.68665,12.989581,0
032540029029,Schellerten,,31174,Hildesheim,Niedersachsen,52.187719,10.10173,7428
010575747070,Schellhorn,,24211,Plön,Schleswig-Holstein,54.227597,10.299476,1539
073365010091,Schellweiler,,66869,Kusel,Rheinland-Pfalz,49.515369,7.389569,492
084260134134,Schemmerhofen,,88433,Biberach,Baden-Württemberg,48.174074,9.795846,8807
010560044044,Schenefeld,Stadt,22869,Pinneberg,Schleswig-Holstein,53.600982,9.822462,19909
010615168097,Schenefeld,,25560,Steinburg,Schleswig-Holstein,54.046014,9.481184,2820
071435007066,Schenkelberg,,56244,Westerwaldkreis,Rheinland-Pfalz,50.580571,7.781031,632
120735303490,Schenkenberg,,17291,Uckermark,Brandenburg,53.363791,13.947967,630
120710337337,Schenkendöbern/Derbno,,03172,Spree-Neiße,Brandenburg,51.957956,14.635866,3401
083255004050,Schenkenzell,,77773,Rottweil,Baden-Württemberg,48.310998,8.371174,1814
066320019019,Schenklengsfeld,,36277,Hersfeld-Rotenburg,Hessen,50.819098,9.845903,4217
051700036036,Schermbeck,,46514,Wesel,Nordrhein-Westfalen,51.692901,6.87098,13516
091765115160,Schernfeld,,85132,Eichstätt,Bayern,48.904766,11.106551,3291
097725709197,Scherstetten,,86872,Augsburg,Bayern,48.180734,10.640778,1092
094710185185,Scheßlitz,St,96110,Bamberg,Bayern,49.974937,11.032239,7129
071325009098,Scheuerfeld,,57584,Altenkirchen (Westerwald),Rheinland-Pfalz,50.787358,7.841131,2088
072325005117,Scheuern,,54673,Eifelkreis Bitburg-Prüm,Rheinland-Pfalz,50.021201,6.306745,32
091815140138,Scheuring,,86937,Landsberg am Lech,Bayern,48.169958,10.89664,2000
091860151151,Scheyern,,85298,Pfaffenhofen a.d.Ilm,Bayern,48.499525,11.453122,4883
057660060060,Schieder-Schwalenberg,Stadt,32816,Lippe,Nordrhein-Westfalen,51.913825,9.153219,8098
010605086071,Schieren,,23795,Segeberg,Schleswig-Holstein,53.944727,10.390998,262
010585896141,Schierensee,,24241,Rendsburg-Eckernförde,Schleswig-Holstein,54.256838,9.983332,336
093750196196,Schierling,M,84069,Regensburg,Bayern,48.834571,12.139713,8395
073335007067,Schiersfeld,,67823,Donnersbergkreis,Rheinland-Pfalz,49.694578,7.762734,223
071415011125,Schiesheim,,65623,Rhein-Lahn-Kreis,Rheinland-Pfalz,50.275884,8.053627,282
033520050050,Schiffdorf,,27619,Cuxhaven,Niedersachsen,53.531085,8.652806,14598
073380025025,Schifferstadt,Stadt,67105,Rhein-Pfalz-Kreis,Rheinland-Pfalz,49.385557,8.374595,21387
100430116116,Schiffweiler,,66578,Neunkirchen,Saarland,49.371056,7.129121,15805
120625202440,Schilda,,03253,Elbe-Elster,Brandenburg,51.606556,13.387897,419
130745455072,Schildetal,,19209,Nordwestmecklenburg,Mecklenburg-Vorpommern,53.625299,11.15033,719
072355008119,Schillingen,,54429,Trier-Saarburg,Rheinland-Pfalz,49.634538,6.785774,1165
095715502198,Schillingsfürst,St,91583,Ansbach,Bayern,49.286469,10.259851,2770
010575785071,Schillsdorf,,24637,Plön,Schleswig-Holstein,54.116231,10.123873,868
083255004051,Schiltach,Stadt,77761,Rottweil,Baden-Württemberg,48.290209,8.342344,3517
097715703162,Schiltberg,,86576,Aichach-Friedberg,Bayern,48.461785,11.249492,1927
160615014113,Schimberg,,37308,Eichsfeld,Thüringen,51.257824,10.165593,2140
073405001043,Schindhard,,66996,Südwestpfalz,Rheinland-Pfalz,49.141842,7.820682,519
010585824142,Schinkel,,24214,Rendsburg-Eckernförde,Schleswig-Holstein,54.355838,9.954902,1051
010535391109,Schiphorst,,23847,Herzogtum Lauenburg,Schleswig-Holstein,53.708361,10.461627,685
120660285285,Schipkau,,01998,Oberspreewald-Lausitz,Brandenburg,51.518499,13.899221,6726
146250525525,Schirgiswalde-Kirschau,Stadt,02681,Bautzen,Sachsen,51.092621,14.428566,5849
093745329154,Schirmitz,,92718,Neustadt a.d.Waldnaab,Bayern,49.654345,12.169349,2122
094795443147,Schirnding,M,95706,Wunsiedel i.Fichtelgebirge,Bayern,50.081415,12.228168,1115
147300270270,Schkeuditz,Stadt,04435,Nordsachsen,Sachsen,51.396211,12.221712,18905
150880330330,Schkopau,,06258,Saalekreis,Sachsen-Anhalt,51.389674,11.985224,10815
160745005116,Schkölen,Stadt,07619,Saale-Holzland-Kreis,Thüringen,51.041988,11.821689,2559
031580039039,Schladen-Werla,,38315,Wolfenbüttel,Niedersachsen,52.022227,10.540154,8566
072315008114,Schladt,,54534,Bernkastel-Wittlich,Rheinland-Pfalz,50.033506,6.84047,154
130745458073,Schlagsdorf,,19217,Nordwestmecklenburg,Mecklenburg-Vorpommern,53.730826,10.824221,1296
081165003063,Schlaitdorf,,72667,Esslingen,Baden-Württemberg,48.604296,9.222445,1882
093745326155,Schlammersdorf,,95519,Neustadt a.d.Waldnaab,Bayern,49.801953,11.735868,870
057660064064,Schlangen,,33189,Lippe,Nordrhein-Westfalen,51.808914,8.842969,9257
064390014014,Schlangenbad,,65388,Rheingau-Taunus-Kreis,Hessen,50.094773,8.102652,5967
081175005043,Schlat,,73114,Göppingen,Baden-Württemberg,48.654497,9.707148,1668
120675708438,Schlaubetal,,15890,Oder-Spree,Brandenburg,52.142495,14.533249,1800
091890141141,Schleching,,83259,Traunstein,Bayern,47.720215,12.396406,1743
160695004041,Schlechtsart,,98663,Hildburghausen,Thüringen,50.328646,10.622424,122
091735108142,Schlehdorf,,82444,Bad Tölz-Wolfratshausen,Bayern,47.657932,11.315207,1327
072355006120,Schleich,,54340,Trier-Saarburg,Rheinland-Pfalz,49.812242,6.840519,237
072325008118,Schleid,,54636,Eifelkreis Bitburg-Prüm,Rheinland-Pfalz,50.060082,6.489339,368
160635056068,Schleid,,36419,Wartburgkreis,Thüringen,50.695362,9.952184,1008
053660036036,Schleiden,Stadt,53937,Euskirchen,Nordrhein-Westfalen,50.529592,6.476481,13578
146265237490,Schleife / Slepo,,02959,Görlitz,Sachsen,51.544149,14.539279,2531
160745014084,Schleifreisen,,07629,Saale-Holzland-Kreis,Thüringen,50.888943,11.824196,420
160750098098,Schleiz,Stadt,07907,Saale-Orla-Kreis,Thüringen,50.577418,11.807287,8501
130735361082,Schlemmin,,18320,Vorpommern-Rügen,Mecklenburg-Vorpommern,54.222447,12.682921,266
120615114428,Schlepzig/Słopišća,,15910,Dahme-Spreewald,Brandenburg,52.028481,13.895191,615
010575775072,Schlesen,,24256,Plön,Schleswig-Holstein,54.321544,10.328605,571
010590075075,Schleswig,Stadt,24837,Schleswig-Flensburg,Schleswig-Holstein,54.514941,9.566657,25352
145215130520,Schlettau,Stadt,09487,Erzgebirgskreis,Sachsen,50.559371,12.952013,2208
160690042042,Schleusegrund,,98667,Hildburghausen,Thüringen,50.520715,10.875128,2528
160690043043,Schleusingen,Stadt,98553,Hildburghausen,Thüringen,50.509068,10.749262,10225
092729460460,Schlichtenberger Wald,,,Freyung-Grafenau,Bayern,48.856451,13.655603,0
010515169102,Schlichting,,25779,Dithmarschen,Schleswig-Holstein,54.31014,9.089378,245
120625209445,Schlieben,Stadt,04936,Elbe-Elster,Brandenburg,51.722303,13.384798,2344
083365005078,Schliengen,,79418,Lörrach,Baden-Württemberg,47.754977,7.577673,6200
084365003069,Schlier,,88281,Ravensburg,Baden-Württemberg,47.770627,9.674581,4054
081175002044,Schlierbach,,73278,Göppingen,Baden-Württemberg,48.673712,9.517788,3940
071405004135,Schlierschied,,55483,Rhein-Hunsrück-Kreis,Rheinland-Pfalz,49.875729,7.441683,172
091820131131,Schliersee,M,83727,Miesbach,Bayern,47.737233,11.859528,6591
065350015015,Schlitz,Stadt,36110,Vogelsbergkreis,Hessen,50.675319,9.558584,9271
130715160174,Schloen-Dratow,,17192,Mecklenburgische Seenplatte,Mecklenburg-Vorpommern,53.533755,12.788142,839
057540036036,Schloß Holte-Stukenbrock,Stadt,33758,Gütersloh,Nordrhein-Westfalen,51.912069,8.656299,26297
071335006089,Schloßböckelheim,,55596,Bad Kreuznach,Rheinland-Pfalz,49.805891,7.744573,374
160685012048,Schloßvippach,,99195,Sömmerda,Thüringen,51.106507,11.141288,1309
010615138098,Schlotfeld,,25551,Steinburg,Schleswig-Holstein,53.95926,9.583146,219
083155015102,Schluchsee,,79859,Breisgau-Hochschwarzwald,Baden-Württemberg,47.818958,8.179958,2577
160745053085,Schlöben,,07646,Saale-Holzland-Kreis,Thüringen,50.892175,11.69093,892
064350025025,Schlüchtern,Stadt,36381,Main-Kinzig-Kreis,Hessen,50.347107,9.524202,15723
094710220220,Schlüsselfeld,St,96132,Bamberg,Bayern,49.756792,10.619344,5932
073405006044,Schmalenberg,,67718,Südwestpfalz,Rheinland-Pfalz,49.333977,7.730362,749
010605024072,Schmalensee,,24638,Segeberg,Schleswig-Holstein,54.082608,10.270751,476
010605043073,Schmalfeld,,24640,Segeberg,Schleswig-Holstein,53.876899,9.983686,1931
160660063063,Schmalkalden,Stadt,98574,Schmalkalden-Meiningen,Thüringen,50.722559,10.45159,19323
059580040040,Schmallenberg,Stadt,57392,Hochsauerlandkreis,Nordrhein-Westfalen,51.153811,8.285496,24711
010585889143,Schmalstede,,24241,Rendsburg-Eckernförde,Schleswig-Holstein,54.19323,10.030205,286
130755563125,Schmatzin,,17390,Vorpommern-Greifswald,Mecklenburg-Vorpommern,53.924291,13.551272,281
010515166103,Schmedeswurth,,25724,Dithmarschen,Schleswig-Holstein,53.926172,9.040335,182
160695002044,Schmeheim,,98530,Hildburghausen,Thüringen,50.572759,10.58158,252
097729451451,Schmellerforst,,,Augsburg,Bayern,48.319902,10.517877,0
100440117117,Schmelz,,66839,Saarlouis,Saarland,49.440709,6.85793,16981
093760159159,Schmidgaden,,92546,Schwandorf,Bayern,49.421793,12.090854,3103
093710148148,Schmidmühlen,M,92287,Amberg-Sulzbach,Bayern,49.267033,11.921251,2322
071345005077,Schmidthachenbach,,55758,Birkenfeld,Rheinland-Pfalz,49.732605,7.470974,376
097715705163,Schmiechen,,86511,Aichach-Friedberg,Bayern,48.212774,10.965841,1352
160715051083,Schmiedehausen,,99518,Weimarer Land,Thüringen,51.068321,11.662581,344
160755011099,Schmieritz,,07819,Saale-Orla-Kreis,Thüringen,50.721312,11.799257,376
010535358110,Schmilau,,23911,Herzogtum Lauenburg,Schleswig-Holstein,53.664589,10.75597,566
071345002078,Schmißberg,,55765,Birkenfeld,Rheinland-Pfalz,49.664538,7.20325,204
073405009224,Schmitshausen,,66484,Südwestpfalz,Rheinland-Pfalz,49.307094,7.511618,403
071355003078,Schmitt,,56825,Cochem-Zell,Rheinland-Pfalz,50.166003,7.014425,120
064340009009,Schmitten im Taunus,,61389,Hochtaunuskreis,Hessen,50.270038,8.444191,9323
071335010090,Schmittweiler,,67829,Bad Kreuznach,Rheinland-Pfalz,49.691497,7.705859,167
120715101341,Schmogrow-Fehrow/Smogorjow-Prjawoz,,03096,Spree-Neiße,Brandenburg,51.850577,14.211951,804
160755013101,Schmorda,,07389,Saale-Orla-Kreis,Thüringen,50.645049,11.587096,87
160770043043,Schmölln,Stadt,04626,Altenburger Land,Thüringen,50.895281,12.354035,13953
146250530530,Schmölln-Putzkau,,01877,Bautzen,Sachsen,51.122415,14.234279,2972
094725416184,Schnabelwaid,M,91289,Bayreuth,Bayern,49.8123,11.583504,966
033545403021,Schnackenburg,Stadt,29493,Lüchow-Dannenberg,Niedersachsen,53.037209,11.566732,447
091890142142,Schnaitsee,,83530,Traunstein,Bayern,48.070544,12.371168,3679
095740155155,Schnaittach,M,91220,Nürnberger Land,Bayern,49.559467,11.341063,8561
093710150150,Schnaittenbach,St,92253,Amberg-Sulzbach,Bayern,49.547992,12.003698,4304
010535343111,Schnakenbek,,21481,Herzogtum Lauenburg,Schleswig-Holstein,53.385426,10.50018,907
010595949076,Schnarup-Thumby,,24891,Schleswig-Flensburg,Schleswig-Holstein,54.646805,9.642282,523
150845052442,Schnaudertal,,06712,Burgenlandkreis,Sachsen-Anhalt,50.97691,12.194753,875
073355010042,Schneckenhausen,,67699,Kaiserslautern,Rheinland-Pfalz,49.538595,7.744368,576
094765434171,Schneckenlohe,,96277,Kronach,Bayern,50.21247,11.193223,948
096760156156,Schneeberg,M,63936,Miltenberg,Bayern,49.639942,9.247183,1762
145210530530,Schneeberg,Stadt,08289,Erzgebirgskreis,Sachsen,50.594426,12.644409,13377
033545407022,Schnega,,29465,Lüchow-Dannenberg,Niedersachsen,52.890334,10.892015,1168
091720131131,Schneizlreuth,,83458,Berchtesgadener Land,Bayern,47.690229,12.802281,1375
095710199199,Schnelldorf,,91625,Ansbach,Bayern,49.198316,10.178253,3567
071335009204,Schneppenbach,,55608,Bad Kreuznach,Rheinland-Pfalz,49.845613,7.408664,239
033580019019,Schneverdingen,Stadt,29640,Heidekreis,Niedersachsen,53.118479,9.787463,19016
071405008138,Schnorbach,,55497,Rhein-Hunsrück-Kreis,Rheinland-Pfalz,49.990977,7.611385,258
084255006110,Schnürpflingen,,89194,Alb-Donau-Kreis,Baden-Württemberg,48.273078,9.994004,1425
072355008122,Schoden,,54441,Trier-Saarburg,Rheinland-Pfalz,49.638919,6.577197,763
032515406031,Scholen,,27251,Diepholz,Niedersachsen,52.740308,8.769239,760
096775620182,Schollbrunn,,97852,Main-Spessart,Bayern,49.835206,9.463565,881
150905052485,Schollene,,14715,Stendal,Sachsen-Anhalt,52.677054,12.217038,1058
083265003055,Schonach im Schwarzwald,,78136,Schwarzwald-Baar-Kreis,Baden-Württemberg,48.143166,8.199878,3800
091815143139,Schondorf am Ammersee,,86938,Landsberg am Lech,Bayern,48.05274,11.09193,3776
096725606149,Schondra,M,97795,Bad Kissingen,Bayern,50.269823,9.859881,1613
091900148148,Schongau,St,86956,Weilheim-Schongau,Bayern,47.813096,10.896888,12572
091875162173,Schonstett,,83137,Rosenheim,Bayern,47.982988,12.241296,1426
096780174174,Schonungen,,97451,Schweinfurt,Bayern,50.051285,10.304632,7628
083365007081,Schopfheim,Stadt,79650,Lörrach,Baden-Württemberg,47.650141,7.822962,20332
082375001061,Schopfloch,,72296,Freudenstadt,Baden-Württemberg,48.457702,8.550542,2598
095710200200,Schopfloch,M,91626,Ansbach,Bayern,49.12167,10.304867,2890
073355011204,Schopp,,67707,Kaiserslautern,Rheinland-Pfalz,49.351081,7.687583,1495
120600198198,Schorfheide,,16244,Barnim,Brandenburg,52.850132,13.682846,10632
081195003067,Schorndorf,Stadt,73614,Rems-Murr-Kreis,Baden-Württemberg,48.805051,9.528152,41647
093720158158,Schorndorf,,93489,Cham,Bayern,49.159752,12.592112,3031
073315006059,Schornsheim,,55288,Alzey-Worms,Rheinland-Pfalz,49.846568,8.174349,1600
130725258094,Schorssow,,17166,Landkreis Rostock,Mecklenburg-Vorpommern,53.683274,12.566081,412
034550015015,Schortens,Stadt,26419,Friesland,Niedersachsen,53.540474,7.948406,20995
130765665121,Schossin,,19073,Ludwigslust-Parchim,Mecklenburg-Vorpommern,53.544627,11.217915,247
065350016016,Schotten,Stadt,63679,Vogelsbergkreis,Hessen,50.502258,9.124329,9641
120625207464,Schraden,,04928,Elbe-Elster,Brandenburg,51.425191,13.694503,510
083255005053,Schramberg,Stadt,78713,Rottweil,Baden-Württemberg,48.225467,8.386187,20610
150885051340,Schraplau,Stadt,06279,Saalekreis,Sachsen-Anhalt,51.439277,11.666911,1020
066340021021,Schrecksbach,,34637,Schwalm-Eder-Kreis,Hessen,50.834852,9.285498,2938
010535313113,Schretstaken,,21493,Herzogtum Lauenburg,Schleswig-Holstein,53.586533,10.539293,505
082260082082,Schriesheim,Stadt,69198,Rhein-Neckar-Kreis,Baden-Württemberg,49.47608,8.664038,15209
091850158158,Schrobenhausen,St,86529,Neuburg-Schrobenhausen,Bayern,48.561245,11.264967,17815
081270075075,Schrozberg,Stadt,74575,Schwäbisch Hall,Baden-Württemberg,49.344875,9.979876,5777
010515175104,Schrum,,25782,Dithmarschen,Schleswig-Holstein,54.187229,9.251667,77
010595993077,Schuby,,24850,Schleswig-Flensburg,Schleswig-Holstein,54.51517,9.480215,2773
071315001074,Schuld,,53520,Ahrweiler,Rheinland-Pfalz,50.446881,6.889529,606
010535318115,Schulendorf,,21516,Herzogtum Lauenburg,Schleswig-Holstein,53.47331,10.561815,472
120610444444,Schulzendorf,,15732,Dahme-Spreewald,Brandenburg,52.357838,13.596432,9562
083175011121,Schuttertal,,77978,Ortenaukreis,Baden-Württemberg,48.269141,7.956647,3170
083175010122,Schutterwald,,77746,Ortenaukreis,Baden-Württemberg,48.453676,7.887414,7320
072335001065,Schutz,,54570,Vulkaneifel,Rheinland-Pfalz,50.128892,6.761033,130
071325003101,Schutzbach,,57520,Altenkirchen (Westerwald),Rheinland-Pfalz,50.75557,7.900826,364
130725261095,Schwaan,Stadt,18258,Landkreis Rostock,Mecklenburg-Vorpommern,53.93977,12.107479,4976
160765008067,Schwaara,,07554,Greiz,Thüringen,50.904286,12.14236,130
095650000000,Schwabach,,91126,Schwabach,Bayern,49.328888,11.024451,40835
091905174149,Schwabbruck,,86986,Weilheim-Schongau,Bayern,47.826419,10.836155,1035
073395003051,Schwabenheim an der Selz,,55270,Mainz-Bingen,Rheinland-Pfalz,49.931179,8.097088,2458
091740143143,Schwabhausen,,85247,Dachau,Bayern,48.303098,11.35568,6311
160675052059,Schwabhausen,,99869,Gotha,Thüringen,50.888244,10.727987,783
097720200200,Schwabmünchen,St,86830,Augsburg,Bayern,48.179039,10.757701,15277
091905174151,Schwabsoien,,86987,Weilheim-Schongau,Bayern,47.834659,10.831321,1450
010545492116,Schwabstedt,,25876,Nordfriesland,Schleswig-Holstein,54.395651,9.185238,1361
032515406032,Schwaförden,,27252,Diepholz,Niedersachsen,52.737783,8.818783,1472
095740156156,Schwaig b.Nürnberg,,90571,Nürnberger Land,Bayern,49.472306,11.199107,8761
091805136131,Schwaigen,,82445,Garmisch-Partenkirchen,Bayern,47.647194,11.117577,611
081255013086,Schwaigern,Stadt,74193,Heilbronn,Baden-Württemberg,49.141683,9.056965,11661
081195006068,Schwaikheim,,71409,Rems-Murr-Kreis,Baden-Württemberg,48.877358,9.34922,10028
100440118118,Schwalbach,,66773,Saarlouis,Saarland,49.303926,6.815906,18108
064360011011,Schwalbach am Taunus,Stadt,65824,Main-Taunus-Kreis,Hessen,50.149333,8.537789,15443
071405009140,Schwall,,56281,Rhein-Hunsrück-Kreis,Rheinland-Pfalz,50.144913,7.552494,328
160665013064,Schwallungen,,98590,Schmalkalden-Meiningen,Thüringen,50.69225,10.356211,2172
066340022022,Schwalmstadt,Konfirmationsstadt,34613,Schwalm-Eder-Kreis,Hessen,50.912032,9.188384,18420
051660024024,Schwalmtal,,41366,Viersen,Nordrhein-Westfalen,51.214603,6.273039,18826
065350017017,Schwalmtal,,36318,Vogelsbergkreis,Hessen,50.696937,9.326545,2750
083175012150,Schwanau,,77963,Ortenaukreis,Baden-Württemberg,48.386219,7.757697,7054
093760161161,Schwandorf,GKSt,92421,Schwandorf,Bayern,49.327638,12.108976,29877
150855051285,Schwanebeck,Stadt,39397,Harz,Sachsen-Anhalt,51.967391,11.120899,2352
033560009009,Schwanewede,,28790,Osterholz,Niedersachsen,53.225336,8.594113,19937
096785643175,Schwanfeld,,97523,Schweinfurt,Bayern,49.921585,10.137673,1749
097770169169,Schwangau,,87645,Ostallgäu,Bayern,47.576893,10.736935,3263
130765652122,Schwanheide,,19258,Ludwigslust-Parchim,Mecklenburg-Vorpommern,53.42934,10.684142,678
073405002047,Schwanheim,,76848,Südwestpfalz,Rheinland-Pfalz,49.167601,7.881223,576
095760132132,Schwanstetten,M,90596,Roth,Bayern,49.301115,11.121745,7167
032515403033,Schwarme,,27327,Diepholz,Niedersachsen,52.899657,9.018694,2643
033585403020,Schwarmstedt,,29690,Heidekreis,Niedersachsen,52.676252,9.617614,5759
010575727076,Schwartbuck,,24257,Plön,Schleswig-Holstein,54.358264,10.478063,805
130715159133,Schwarz,,17252,Mecklenburgische Seenplatte,Mecklenburg-Vorpommern,53.225157,12.785804,341
160665014065,Schwarza,,98547,Schmalkalden-Meiningen,Thüringen,50.619517,10.531949,1090
082255003116,Schwarzach,,74869,Neckar-Odenwald-Kreis,Baden-Württemberg,49.373813,8.983173,2925
092785252187,Schwarzach,M,94374,Straubing-Bogen,Bayern,48.914523,12.810925,2940
096750165165,Schwarzach a.Main,M,97359,Kitzingen,Bayern,49.799637,10.230255,3665
093765342162,Schwarzach b.Nabburg,,92548,Schwandorf,Bayern,49.410332,12.227585,1356
160735012113,Schwarzatal,Stadt,98744,Saalfeld-Rudolstadt,Thüringen,50.58305,11.144173,3319
120665607292,Schwarzbach,,01945,Oberspreewald-Lausitz,Brandenburg,51.45178,13.936142,654
160765006068,Schwarzbach,,07589,Greiz,Thüringen,50.797033,11.875513,218
160735012082,Schwarzburg,,07427,Saalfeld-Rudolstadt,Thüringen,50.641931,11.195357,515
071405004141,Schwarzen,,55481,Rhein-Hunsrück-Kreis,Rheinland-Pfalz,49.961732,7.329987,148
093745324156,Schwarzenbach,,92720,Neustadt a.d.Waldnaab,Bayern,49.724663,11.994221,1138
094750168168,Schwarzenbach a.d.Saale,St,95120,Hof,Bayern,50.221068,11.938077,6570
094750169169,Schwarzenbach a.Wald,St,95131,Hof,Bayern,50.284917,11.624044,4231
010530116116,Schwarzenbek,Stadt,21493,Herzogtum Lauenburg,Schleswig-Holstein,53.502645,10.477663,16999
145210550550,Schwarzenberg/Erzgeb.,Stadt,08340,Erzgebirgskreis,Sachsen,50.537823,12.784811,15475
066340023023,Schwarzenborn,Stadt,34639,Schwalm-Eder-Kreis,Hessen,50.909926,9.44575,1086
072315008116,Schwarzenborn,,54533,Bernkastel-Wittlich,Rheinland-Pfalz,50.039116,6.711532,59
095740157157,Schwarzenbruck,,90592,Nürnberger Land,Bayern,49.355442,11.240717,8241
093765342163,Schwarzenfeld,M,92521,Schwandorf,Bayern,49.389249,12.13917,6251
071335009205,Schwarzerden,,55629,Bad Kreuznach,Rheinland-Pfalz,49.86032,7.512489,240
120660296296,Schwarzheide,Stadt,01987,Oberspreewald-Lausitz,Brandenburg,51.478084,13.854253,5765
093765345164,Schwarzhofen,M,92447,Schwandorf,Bayern,49.378452,12.343887,1368
130725258096,Schwasdorf,,17168,Landkreis Rostock,Mecklenburg-Vorpommern,53.894,12.626908,432
096780176176,Schwebheim,,97525,Schweinfurt,Bayern,49.990136,10.248666,4103
073355009043,Schwedelbach,,67685,Kaiserslautern,Rheinland-Pfalz,49.495823,7.593578,1135
010585822150,Schwedeneck,,24229,Rendsburg-Eckernförde,Schleswig-Holstein,54.471569,10.072961,2887
120735051532,Schwedt/Oder,Stadt,16303,Uckermark,Brandenburg,53.055494,14.287861,33730
073345005028,Schwegenheim,,67365,Germersheim,Rheinland-Pfalz,49.269476,8.329323,3267
072355006125,Schweich,Stadt,54338,Trier-Saarburg,Rheinland-Pfalz,49.822073,6.752517,7643
160695004046,Schweickershausen,,98663,Hildburghausen,Thüringen,50.238493,10.629555,168
073375002071,Schweigen-Rechtenbach,,76889,Südliche Weinstraße,Rheinland-Pfalz,49.055708,7.961961,1345
071415010127,Schweighausen,,56377,Rhein-Lahn-Kreis,Rheinland-Pfalz,50.280626,7.754003,232
073375002072,Schweighofen,,76889,Südliche Weinstraße,Rheinland-Pfalz,49.039667,7.996095,597
034625402013,Schweindorf,,26556,Wittmund,Niedersachsen,53.600919,7.474601,742
096620000000,Schweinfurt,,97420,Schweinfurt,Bayern,50.045505,10.230301,54481
071335010092,Schweinschied,,67744,Bad Kreuznach,Rheinland-Pfalz,49.701153,7.574769,137
073335006069,Schweisweiler,,67808,Donnersbergkreis,Rheinland-Pfalz,49.588421,7.822944,342
091860152152,Schweitenkirchen,,85301,Pfaffenhofen a.d.Ilm,Bayern,48.505306,11.606207,5517
073405003048,Schweix,,66957,Südwestpfalz,Rheinland-Pfalz,49.126556,7.513161,286
059540024024,Schwelm,Stadt,58332,Ennepe-Ruhr-Kreis,Nordrhein-Westfalen,51.284,7.29187,27953
084265009108,Schwendi,,88477,Biberach,Baden-Württemberg,48.175367,9.975708,7098
084375007102,Schwenningen,,72477,Sigmaringen,Baden-Württemberg,48.10473,8.997429,1667
097735716164,Schwenningen,,89443,Dillingen a.d.Donau,Bayern,48.655503,10.65185,1399
010570091091,Schwentinental,Stadt,24223,Plön,Schleswig-Holstein,54.282411,10.238223,14091
146250550550,Schwepnitz,,01936,Bautzen,Sachsen,51.330628,13.956211,2425
071335011093,Schweppenhausen,,55444,Bad Kreuznach,Rheinland-Pfalz,49.925801,7.80045,901
071345005079,Schwerbach,,55624,Birkenfeld,Rheinland-Pfalz,49.895946,7.355692,54
120615108448,Schwerin,,15755,Dahme-Spreewald,Brandenburg,52.152793,13.637041,965
130040000000,Schwerin,Landeshauptstadt,19053,Schwerin,Mecklenburg-Vorpommern,53.628545,11.414434,98308
032565409028,Schweringen,,27333,Nienburg (Weser),Niedersachsen,52.747532,9.181245,854
034575402019,Schwerinsdorf,,26835,Leer,Niedersachsen,53.310114,7.659246,743
160685009049,Schwerstedt,,99634,Sömmerda,Thüringen,51.157648,10.921088,538
059780028028,Schwerte,Hansestadt an der Ruhr,58239,Unna,Nordrhein-Westfalen,51.441141,7.568982,45821
010545453118,Schwesing,,25813,Nordfriesland,Schleswig-Holstein,54.493899,9.134622,908
082260084084,Schwetzingen,Stadt,68723,Rhein-Neckar-Kreis,Baden-Württemberg,49.384642,8.574386,21767
081185006067,Schwieberdingen,,71701,Ludwigsburg,Baden-Württemberg,48.876494,9.073065,11318
120615113450,Schwielochsee/Gójacki Jazor,,15913,Dahme-Spreewald,Brandenburg,52.019648,14.174865,1481
120690590590,Schwielowsee,,14548,Potsdam-Mittelmark,Brandenburg,52.311064,12.929695,10723
033605407019,Schwienau,,29593,Uelzen,Niedersachsen,53.005291,10.445514,662
091815141140,Schwifting,,86940,Landsberg am Lech,Bayern,48.047477,10.928301,1039
091830144144,Schwindegg,,84419,Mühldorf a.Inn,Bayern,48.272224,12.257304,3490
072325006305,Schwirzheim,,54597,Eifelkreis Bitburg-Prüm,Rheinland-Pfalz,50.231981,6.526599,458
010605053074,Schwissel,,23795,Segeberg,Schleswig-Holstein,53.895421,10.293461,279
160615014085,Schwobfeld,,37318,Eichsfeld,Thüringen,51.287153,10.0937,106
071345002080,Schwollen,,55767,Birkenfeld,Rheinland-Pfalz,49.704536,7.181501,449
081365007065,Schwäbisch Gmünd,Stadt,73525,Ostalbkreis,Baden-Württemberg,48.802384,9.796508,64416
081275009076,Schwäbisch Hall,Stadt,74523,Schwäbisch Hall,Baden-Württemberg,49.112856,9.735145,42598
083365004082,Schwörstadt,,79739,Lörrach,Baden-Württemberg,47.594036,7.881039,2531
031515406027,Schwülper,,38179,Gifhorn,Niedersachsen,52.353364,10.432776,7328
091840142142,Schäftlarn,,82069,München,Bayern,47.989964,11.458206,5840
065320018018,Schöffengrund,,35641,Lahn-Dill-Kreis,Hessen,50.496449,8.471066,6590
092725211145,Schöfweg,,94572,Freyung-Grafenau,Bayern,48.839337,13.228763,1297
096715604152,Schöllkrippen,M,63825,Aschaffenburg,Bayern,50.085774,9.245601,4136
096719459459,Schöllkrippener Forst,,,Aschaffenburg,Bayern,50.086066,9.304291,0
092715206149,Schöllnach,M,94508,Deggendorf,Bayern,48.754839,13.17897,4763
082350065065,Schömberg,,75328,Calw,Baden-Württemberg,48.78717,8.645825,7620
084175006057,Schömberg,Stadt,72355,Zollernalbkreis,Baden-Württemberg,48.211609,8.758829,4814
072355008123,Schömerich,,54314,Trier-Saarburg,Rheinland-Pfalz,49.635187,6.697557,142
081150044044,Schönaich,,71101,Böblingen,Baden-Württemberg,48.656516,9.062322,10495
082265007080,Schönau,Stadt,69250,Rhein-Neckar-Kreis,Baden-Württemberg,49.435936,8.808894,4369
092770144144,Schönau,,84337,Rottal-Inn,Bayern,48.483636,12.840281,1860
073405001045,Schönau (Pfalz),,66996,Südwestpfalz,Rheinland-Pfalz,49.059822,7.74811,387
096735635163,Schönau a.d.Brend,,97659,Rhön-Grabfeld,Bayern,50.380479,10.104756,1196
091720132132,Schönau a.Königssee,,83471,Berchtesgadener Land,Bayern,47.602396,12.984388,5315
083365006079,Schönau im Schwarzwald,Stadt,79677,Lörrach,Baden-Württemberg,47.786085,7.894115,2504
146265206500,Schönau-Berzdorf a. d. Eigen,,02899,Görlitz,Sachsen,51.064801,14.891813,1413
072335001064,Schönbach,,54552,Vulkaneifel,Rheinland-Pfalz,50.215438,6.945929,249
146265224510,Schönbach,,02708,Görlitz,Sachsen,51.060729,14.572336,1009
130715164130,Schönbeck,,17349,Mecklenburgische Seenplatte,Mecklenburg-Vorpommern,53.57953,13.571824,468
010585889144,Schönbek,,24582,Rendsburg-Eckernförde,Schleswig-Holstein,54.162731,9.975522,213
010535391112,Schönberg,,22929,Herzogtum Lauenburg,Schleswig-Holstein,53.677154,10.433054,1438
072315006115,Schönberg,,54426,Bernkastel-Wittlich,Rheinland-Pfalz,49.756335,6.922522,234
091835150143,Schönberg,,84573,Mühldorf a.Inn,Bayern,48.342424,12.440116,1131
092725211147,Schönberg,M,94513,Freyung-Grafenau,Bayern,48.840416,13.337545,3925
095749463463,Schönberg,,,Nürnberger Land,Bayern,49.495644,11.297486,0
130745459074,Schönberg,Stadt,23923,Nordwestmecklenburg,Mecklenburg-Vorpommern,53.847118,10.934561,4321
145245118270,Schönberg,,08393,Zwickau,Sachsen,50.8672,12.491538,855
010575755073,Schönberg (Holstein),,24217,Plön,Schleswig-Holstein,54.39239,10.372476,6206
071405008139,Schönborn,,55469,Rhein-Hunsrück-Kreis,Rheinland-Pfalz,49.957206,7.474033,283
071415011126,Schönborn,,56370,Rhein-Lahn-Kreis,Rheinland-Pfalz,50.302256,7.997004,712
073335007068,Schönborn,,67808,Donnersbergkreis,Rheinland-Pfalz,49.642132,7.772576,100
120625202453,Schönborn,,03253,Elbe-Elster,Brandenburg,51.596921,13.496651,1455
082265001081,Schönbrunn,,69436,Rhein-Neckar-Kreis,Baden-Württemberg,49.410744,8.92908,2901
094715408186,Schönbrunn i.Steigerwald,,96185,Bamberg,Bayern,49.858227,10.688374,1881
092729461461,Schönbrunner Wald,,,Freyung-Grafenau,Bayern,48.915094,13.533513,0
150845054445,Schönburg,,06618,Burgenlandkreis,Sachsen-Anhalt,51.159915,11.868565,968
072355004124,Schöndorf,,54316,Trier-Saarburg,Rheinland-Pfalz,49.680028,6.742401,798
160755013102,Schöndorf,,07924,Saale-Orla-Kreis,Thüringen,50.616758,11.696336,263
150890305305,Schönebeck (Elbe),Stadt,39218,Salzlandkreis,Sachsen-Anhalt,52.02049,11.738061,30419
071325010099,Schöneberg,,57638,Altenkirchen (Westerwald),Rheinland-Pfalz,50.664859,7.602522,421
071335011091,Schöneberg,,55444,Bad Kreuznach,Rheinland-Pfalz,49.920559,7.749605,616
064350026026,Schöneck,,61137,Main-Kinzig-Kreis,Hessen,50.201068,8.853098,11837
145235131370,Schöneck/Vogtl.,Stadt,08261,Vogtlandkreis,Sachsen,50.39283,12.33053,2857
072325006304,Schönecken,,54614,Eifelkreis Bitburg-Prüm,Rheinland-Pfalz,50.157717,6.465375,1450
120610433433,Schönefeld,,12529,Dahme-Spreewald,Brandenburg,52.387554,13.506629,19154
120670440440,Schöneiche bei Berlin,,15566,Oder-Spree,Brandenburg,52.479548,13.695636,13102
083365006080,Schönenberg,,79677,Lörrach,Baden-Württemberg,47.793602,7.880934,330
073365009092,Schönenberg-Kübelberg,,66901,Kusel,Rheinland-Pfalz,49.409605,7.376049,5557
120655502276,Schönermark,,16775,Oberhavel,Brandenburg,53.007176,13.120006,406
120620461461,Schönewalde,Stadt,04916,Elbe-Elster,Brandenburg,51.814067,13.228504,2899
031515407026,Schönewörde,,29396,Gifhorn,Niedersachsen,52.633108,10.62824,886
120735303520,Schönfeld,,17291,Uckermark,Brandenburg,53.414757,13.985899,535
130715151131,Schönfeld,,17111,Mecklenburgische Seenplatte,Mecklenburg-Vorpommern,53.852495,12.95714,347
146275238250,Schönfeld,,01561,Meißen,Sachsen,51.303408,13.707176,1680
091795132147,Schöngeising,,82296,Fürstenfeldbruck,Bayern,48.140457,11.203978,1943
160745053086,Schöngleina,,07646,Saale-Holzland-Kreis,Thüringen,50.908341,11.724019,515
130715164132,Schönhausen,,17337,Mecklenburgische Seenplatte,Mecklenburg-Vorpommern,53.552733,13.700496,225
150905052500,Schönhausen (Elbe),,39524,Stendal,Sachsen-Anhalt,52.583138,12.037833,2099
145210540540,Schönheide,,08304,Erzgebirgskreis,Sachsen,50.502954,12.530147,4017
010585896145,Schönhorst,,24220,Rendsburg-Eckernförde,Schleswig-Holstein,54.225471,10.104166,327
031540019019,Schöningen,Stadt,38364,Helmstedt,Niedersachsen,52.141775,10.967701,11078
031549506506,Schöningen,gemfr. Gebiet,,Helmstedt,Niedersachsen,52.159508,10.901115,0
010575782074,Schönkirchen,,24232,Plön,Schleswig-Holstein,54.336531,10.223696,6794
093765344160,Schönsee,St,92539,Schwandorf,Bayern,49.510012,12.547467,2269
081260072072,Schöntal,,74214,Hohenlohekreis,Baden-Württemberg,49.344441,9.52668,5557
093720157157,Schönthal,,93488,Cham,Bayern,49.356058,12.606217,1951
094790150150,Schönwald,St,95173,Wunsiedel i.Fichtelgebirge,Bayern,50.198824,12.088155,3076
120615114435,Schönwald,,15910,Dahme-Spreewald,Brandenburg,51.977766,13.764921,1226
083265003054,Schönwald im Schwarzwald,,78141,Schwarzwald-Baar-Kreis,Baden-Württemberg,48.101542,8.201148,2566
130755560126,Schönwalde,,17309,Vorpommern-Greifswald,Mecklenburg-Vorpommern,53.543397,13.904122,389
010555591038,Schönwalde am Bungsberg,,23744,Ostholstein,Schleswig-Holstein,54.187361,10.753453,2451
120630273273,Schönwalde-Glien,,14621,Havelland,Brandenburg,52.599887,13.129571,10523
147305306280,Schönwölkau,,04509,Nordsachsen,Sachsen,51.496502,12.497265,2676
031585407027,Schöppenstedt,Stadt,38170,Wolfenbüttel,Niedersachsen,52.144545,10.77471,5265
055540052052,Schöppingen,,48624,Borken,Nordrhein-Westfalen,52.093571,7.235057,7033
160745011087,Schöps,,07768,Saale-Holzland-Kreis,Thüringen,50.834623,11.598357,287
146265503520,Schöpstal,,02829,Görlitz,Sachsen,51.180897,14.935355,2288
010585888146,Schülldorf,,24790,Rendsburg-Eckernförde,Schleswig-Holstein,54.300204,9.729268,764
072335006239,Schüller,,54586,Vulkaneifel,Rheinland-Pfalz,50.335384,6.572609,303
010515178105,Schülp,,25764,Dithmarschen,Schleswig-Holstein,54.241971,8.929943,382
010585864147,Schülp b. Nortorf,,24589,Rendsburg-Eckernförde,Schleswig-Holstein,54.163643,9.885618,786
010585853148,Schülp b. Rendsburg,,24813,Rendsburg-Eckernförde,Schleswig-Holstein,54.259318,9.629244,1028
071325010100,Schürdt,,57632,Altenkirchen (Westerwald),Rheinland-Pfalz,50.665478,7.554236,291
010535391114,Schürensöhlen,,23847,Herzogtum Lauenburg,Schleswig-Holstein,53.763455,10.47204,164
034565403027,Schüttorf,Stadt,48465,Grafschaft Bentheim,Niedersachsen,52.322484,7.225202,13562
146280360360,Sebnitz,Stadt,01855,Sächsische Schweiz-Osterzgebirge,Sachsen,50.972858,14.269264,9421
071435006292,Seck,,56479,Westerwaldkreis,Rheinland-Pfalz,50.576819,8.048049,1179
082255009091,Seckach,,74743,Neckar-Odenwald-Kreis,Baden-Württemberg,49.442654,9.335898,3978
120690596596,Seddiner See,,14554,Potsdam-Mittelmark,Brandenburg,52.288384,12.990337,4794
083175006126,Seebach,,77889,Ortenaukreis,Baden-Württemberg,48.57575,8.169128,1410
160635057071,Seebach,,99846,Wartburgkreis,Thüringen,50.91447,10.421502,1689
120635309274,Seeblick,,14715,Havelland,Brandenburg,52.666875,12.336942,859
031595404032,Seeburg,,37136,Göttingen,Niedersachsen,51.565172,10.149291,1607
010535358117,Seedorf,,23883,Herzogtum Lauenburg,Schleswig-Holstein,53.619223,10.866858,575
010605086075,Seedorf,,23823,Segeberg,Schleswig-Holstein,54.049901,10.408941,2186
033575404042,Seedorf,,27404,Rotenburg (Wümme),Niedersachsen,53.348588,9.226775,717
010585895151,Seefeld,,25557,Rendsburg-Eckernförde,Schleswig-Holstein,54.101581,9.492849,343
091880132132,Seefeld,,82229,Starnberg,Bayern,48.032146,11.205505,7628
097775756170,Seeg,,87637,Ostallgäu,Bayern,47.654554,10.608685,3061
150870386386,Seegebiet Mansfelder Land,,06317,Mansfeld-Südharz,Sachsen-Anhalt,51.460139,11.671313,8474
150905053520,Seehausen (Altmark),Hansestadt,39615,Stendal,Sachsen-Anhalt,52.890369,11.75319,4554
091805137132,Seehausen a.Staffelsee,,82418,Garmisch-Partenkirchen,Bayern,47.689514,11.185323,2422
064320022022,Seeheim-Jugenheim,,64342,Darmstadt-Dieburg,Hessen,49.767668,8.64468,16392
130745455075,Seehof,,19069,Nordwestmecklenburg,Mecklenburg-Vorpommern,53.693197,11.431035,943
084265001109,Seekirch,,88422,Biberach,Baden-Württemberg,48.106288,9.641357,289
150890307307,Seeland,Stadt,06469,Salzlandkreis,Sachsen-Anhalt,51.800127,11.333106,7553
071415010128,Seelbach,,56377,Rhein-Lahn-Kreis,Rheinland-Pfalz,50.308433,7.872599,454
083175011127,Seelbach,,77960,Ortenaukreis,Baden-Württemberg,48.310109,7.940929,4828
071325010103,Seelbach (Westerwald),,57632,Altenkirchen (Westerwald),Rheinland-Pfalz,50.641721,7.566659,281
071325006102,Seelbach bei Hamm (Sieg),,57577,Altenkirchen (Westerwald),Rheinland-Pfalz,50.754914,7.686153,128
073335007203,Seelen,,67744,Donnersbergkreis,Rheinland-Pfalz,49.599679,7.714437,158
160765004069,Seelingstädt,,07580,Greiz,Thüringen,50.77252,12.240686,1147
145225126530,Seelitz,,09306,Mittelsachsen,Sachsen,51.031333,12.820314,1630
120640448448,Seelow,Stadt,15306,Märkisch-Oderland,Brandenburg,52.533809,14.381058,5541
032410015015,Seelze,Stadt,30926,Region Hannover,Niedersachsen,52.396951,9.589384,34364
091890143143,Seeon-Seebruck,,83358,Traunstein,Bayern,47.936462,12.477435,4490
071335010094,Seesbach,,55629,Bad Kreuznach,Rheinland-Pfalz,49.845695,7.546044,504
031530012012,Seesen,Stadt,38723,Goslar,Niedersachsen,51.890957,10.176074,18657
091905179152,Seeshaupt,,82402,Weilheim-Schongau,Bayern,47.825031,11.301075,3151
010565616033,Seester,,25370,Pinneberg,Schleswig-Holstein,53.717709,9.598071,1024
010565616045,Seestermühe,,25371,Pinneberg,Schleswig-Holstein,53.704049,9.56628,955
010545492119,Seeth,,25878,Nordfriesland,Schleswig-Holstein,54.365824,9.163079,2037
010565616046,Seeth-Ekholt,,25337,Pinneberg,Schleswig-Holstein,53.742874,9.732775,1031
033530031031,Seevetal,,21218,Harburg,Niedersachsen,53.377707,10.034869,44158
082375002073,Seewald,,72297,Freudenstadt,Baden-Württemberg,48.595387,8.418402,2111
072325008119,Seffern,,54636,Eifelkreis Bitburg-Prüm,Rheinland-Pfalz,50.064387,6.502874,297
072325008120,Sefferweich,,54636,Eifelkreis Bitburg-Prüm,Rheinland-Pfalz,50.058872,6.520919,260
032575405034,Seggebruch,,31691,Schaumburg,Niedersachsen,52.301545,9.095062,1665
096755618166,Segnitz,,97340,Kitzingen,Bayern,49.673075,10.142531,806
010585890152,Sehestedt,,24814,Rendsburg-Eckernförde,Schleswig-Holstein,54.366001,9.818375,772
031585402028,Sehlde,,38279,Wolfenbüttel,Niedersachsen,52.038745,10.262343,858
072315008117,Sehlem,,54518,Bernkastel-Wittlich,Rheinland-Pfalz,49.902554,6.835702,1022
130735353083,Sehlen,,18528,Vorpommern-Rügen,Mecklenburg-Vorpommern,54.379793,13.38785,891
145210560560,Sehmatal,,09465,Erzgebirgskreis,Sachsen,50.516535,12.993628,5998
032410016016,Sehnde,Stadt,31319,Region Hannover,Niedersachsen,52.310452,9.967173,23431
071335011095,Seibersbach,,55444,Bad Kreuznach,Rheinland-Pfalz,49.960213,7.71527,1319
071325010104,Seifen,,57632,Altenkirchen (Westerwald),Rheinland-Pfalz,50.628694,7.559972,126
145215132570,Seiffen/Erzgeb.,Kurort,09548,Erzgebirgskreis,Sachsen,50.648339,13.452524,1820
146260530530,Seifhennersdorf,Stadt,02782,Görlitz,Sachsen,50.933623,14.618954,3536
072325008306,Seinsfeld,,54655,Eifelkreis Bitburg-Prüm,Rheinland-Pfalz,50.056237,6.644923,173
096755618167,Seinsheim,M,97342,Kitzingen,Bayern,49.641667,10.21951,1060
160755013103,Seisla,,07389,Saale-Orla-Kreis,Thüringen,50.650584,11.534983,119
160745011089,Seitenroda,,07768,Saale-Holzland-Kreis,Thüringen,50.80408,11.618341,205
083275006055,Seitingen-Oberflacht,,78606,Tuttlingen,Baden-Württemberg,48.021345,8.729855,2564
072325006307,Seiwerath,,54597,Eifelkreis Bitburg-Prüm,Rheinland-Pfalz,50.148311,6.499539,130
094790152152,Selb,GKSt,95100,Wunsiedel i.Fichtelgebirge,Bayern,50.169756,12.13074,14743
071325008105,Selbach (Sieg),,57537,Altenkirchen (Westerwald),Rheinland-Pfalz,50.745269,7.768108,780
094750171171,Selbitz,St,95152,Hof,Bayern,50.31501,11.7481,4141
073365010094,Selchenbach,,66871,Kusel,Rheinland-Pfalz,49.493705,7.292403,313
010575775077,Selent,,24238,Plön,Schleswig-Holstein,54.290473,10.425868,1720
053700024024,Selfkant,,52538,Heinsberg,Nordrhein-Westfalen,51.014341,5.902141,10786
064380013013,Seligenstadt,Einhardstadt,63500,Offenbach,Hessen,50.04432,8.972603,21298
010595915078,Selk,,24884,Schleswig-Flensburg,Schleswig-Holstein,54.472501,9.566786,809
150855051287,Selke-Aue,,06458,Harz,Sachsen-Anhalt,51.840153,11.271652,1288
072325006308,Sellerich,,54608,Eifelkreis Bitburg-Prüm,Rheinland-Pfalz,50.227885,6.365602,288
130735357084,Sellin,Ostseebad,18586,Vorpommern-Rügen,Mecklenburg-Vorpommern,54.378093,13.692482,2511
059780032032,Selm,Stadt,59379,Unna,Nordrhein-Westfalen,51.70035,7.468573,25969
130745459076,Selmsdorf,,23923,Nordwestmecklenburg,Mecklenburg-Vorpommern,53.881681,10.85983,3083
130725262097,Selpin,,18195,Landkreis Rostock,Mecklenburg-Vorpommern,53.991342,12.495558,520
033575404043,Selsingen,,27446,Rotenburg (Wümme),Niedersachsen,53.372186,9.214158,3574
065330014014,Selters (Taunus),,65618,Limburg-Weilburg,Hessen,50.33486,8.224892,8158
071435007067,Selters (Westerwald),Stadt,56242,Westerwaldkreis,Rheinland-Pfalz,50.530329,7.755403,2902
073395007053,Selzen,,55278,Mainz-Bingen,Rheinland-Pfalz,49.862938,8.253907,1520
073355002205,Sembach,,67681,Kaiserslautern,Rheinland-Pfalz,49.51302,7.857688,1133
094719459459,Semberg,,,Bamberg,Bayern,49.959061,10.835411,0
130735361085,Semlow,,18334,Vorpommern-Rügen,Mecklenburg-Vorpommern,54.181293,12.656883,631
055580044044,Senden,,48308,Coesfeld,Nordrhein-Westfalen,51.857701,7.485434,20844
097750152152,Senden,St,89250,Neu-Ulm,Bayern,48.323834,10.04419,23641
055700040040,Sendenhorst,Stadt,48324,Warendorf,Nordrhein-Westfalen,51.84466,7.82746,14167
120660304304,Senftenberg/Zły Komorow,Stadt,01968,Oberspreewald-Lausitz,Brandenburg,51.518751,14.004312,23466
093735321159,Sengenthal,,92369,Neumarkt i.d.OPf.,Bayern,49.230334,11.465093,4186
072325001309,Sengerich,,54619,Eifelkreis Bitburg-Prüm,Rheinland-Pfalz,50.122408,6.222021,26
071355001079,Senheim,,56820,Cochem-Zell,Rheinland-Pfalz,50.086387,7.212788,560
096780178178,Sennfeld,,97526,Schweinfurt,Bayern,50.042146,10.260167,4212
071315001075,Senscheid,,53520,Ahrweiler,Rheinland-Pfalz,50.330531,6.830782,78
071345005081,Sensweiler,,55758,Birkenfeld,Rheinland-Pfalz,49.774449,7.197318,410
160745053091,Serba,,07616,Saale-Holzland-Kreis,Thüringen,50.941826,11.81495,665
072355008126,Serrig,,54455,Trier-Saarburg,Rheinland-Pfalz,49.575252,6.574072,1587
081185008068,Sersheim,,74372,Ludwigsburg,Baden-Württemberg,48.961021,9.01213,5448
071435005068,Sessenbach,,56237,Westerwaldkreis,Rheinland-Pfalz,50.475772,7.64577,517
071435007069,Sessenhausen,,56244,Westerwaldkreis,Rheinland-Pfalz,50.52689,7.71502,865
094730165165,Seßlach,St,96145,Coburg,Bayern,50.188751,10.84159,3809
010605034076,Seth,,23845,Segeberg,Schleswig-Holstein,53.850208,10.175126,1727
084255008112,Setzingen,,89129,Alb-Donau-Kreis,Baden-Württemberg,48.538048,10.126705,752
093730160160,Seubersdorf i.d.OPf.,,92358,Neumarkt i.d.OPf.,Bayern,49.164396,11.625202,5295
095735517126,Seukendorf,,90556,Fürth,Bayern,49.489647,10.877123,3127
031595404033,Seulingen,,37136,Göttingen,Niedersachsen,51.543758,10.160868,1341
072325001310,Sevenig (Our),,54617,Eifelkreis Bitburg-Prüm,Rheinland-Pfalz,50.127906,6.165359,62
072325005121,Sevenig bei Neuerburg,,54673,Eifelkreis Bitburg-Prüm,Rheinland-Pfalz,50.021997,6.189861,38
083165003039,Sexau,,79350,Emmendingen,Baden-Württemberg,48.102953,7.90734,3568
094725415188,Seybothenreuth,,95517,Bayreuth,Bayern,49.895897,11.704726,1279
032540045045,Sibbesse,,31079,Hildesheim,Niedersachsen,52.054729,9.902564,5311
160615014086,Sickerode,,37308,Eichsfeld,Thüringen,51.25238,10.120944,136
031585406030,Sickte,,38173,Wolfenbüttel,Niedersachsen,52.21405,10.634127,5967
073375005073,Siebeldingen,,76833,Südliche Weinstraße,Rheinland-Pfalz,49.209801,8.051552,1067
071375003099,Siebenbach,,56729,Mayen-Koblenz,Rheinland-Pfalz,50.379309,7.037,193
010535391118,Siebenbäumen,,23847,Herzogtum Lauenburg,Schleswig-Holstein,53.749557,10.525162,591
010535318119,Siebeneichen,,21514,Herzogtum Lauenburg,Schleswig-Holstein,53.510828,10.618693,295
130715163135,Siedenbollentin,,17089,Mecklenburgische Seenplatte,Mecklenburg-Vorpommern,53.732882,13.379735,524
130715151136,Siedenbrünzow,,17111,Mecklenburgische Seenplatte,Mecklenburg-Vorpommern,53.897383,13.146757,466
032515407034,Siedenburg,Flecken,27254,Diepholz,Niedersachsen,52.692898,8.940684,1246
073315005060,Siefersheim,,55599,Alzey-Worms,Rheinland-Pfalz,49.796519,7.957191,1249
065320019019,Siegbach,,35768,Lahn-Dill-Kreis,Hessen,50.734708,8.417402,2488
053820060060,Siegburg,Stadt,53721,Rhein-Sieg-Kreis,Nordrhein-Westfalen,50.796665,7.2049,42445
081255002087,Siegelsbach,,74936,Heilbronn,Baden-Württemberg,49.271185,9.089791,1643
059700040040,Siegen,Universitätsstadt,57072,Siegen-Wittgenstein,Nordrhein-Westfalen,50.874559,8.024625,102685
092735218172,Siegenburg,M,93354,Kelheim,Bayern,48.753746,11.848612,4160
091890145145,Siegsdorf,,83313,Traunstein,Bayern,47.820981,12.641761,8314
120675708458,Siehdichum,,15890,Oder-Spree,Brandenburg,52.189266,14.531316,1467
010625262069,Siek,,22962,Stormarn,Schleswig-Holstein,53.635029,10.297782,2436
097715704165,Sielenbach,,86577,Aichach-Friedberg,Bayern,48.402154,11.164912,1863
130745459094,Siemz-Niendorf,,23923,Nordwestmecklenburg,Mecklenburg-Vorpommern,53.816591,10.926909,581
071345005082,Sien,,55758,Birkenfeld,Rheinland-Pfalz,49.693175,7.502405,550
071345005083,Sienhachenbach,,55758,Birkenfeld,Rheinland-Pfalz,49.699395,7.481219,184
010555591039,Sierksdorf,,23730,Ostholstein,Schleswig-Holstein,54.066261,10.768366,1462
010535308120,Sierksrade,,23847,Herzogtum Lauenburg,Schleswig-Holstein,53.736555,10.600344,422
071315001076,Sierscheid,,53520,Ahrweiler,Rheinland-Pfalz,50.456181,6.918163,82
071435010070,Siershahn,,56427,Westerwaldkreis,Rheinland-Pfalz,50.484704,7.778589,2956
071345002084,Siesbach,,55767,Birkenfeld,Rheinland-Pfalz,49.731144,7.237291,347
130715159137,Sietow,,17209,Mecklenburgische Seenplatte,Mecklenburg-Vorpommern,53.446312,12.557348,545
120685805409,Sieversdorf-Hohenofen,,16845,Ostprignitz-Ruppin,Brandenburg,52.820337,12.396063,673
010605048077,Sievershütten,,24641,Segeberg,Schleswig-Holstein,53.841324,10.106221,1086
010595940159,Sieverstedt,,24885,Schleswig-Flensburg,Schleswig-Holstein,54.642784,9.474638,1656
130765655125,Siggelkow,,19376,Ludwigslust-Parchim,Mecklenburg-Vorpommern,53.386821,11.93779,842
084375006104,Sigmaringen,Stadt,72488,Sigmaringen,Baden-Württemberg,48.086623,9.214788,16884
084375006105,Sigmaringendorf,,72517,Sigmaringen,Baden-Württemberg,48.067985,9.261616,3735
097765735126,Sigmarszell,,88138,Lindau (Bodensee),Bayern,47.588967,9.763071,2931
010595993079,Silberstedt,,24887,Schleswig-Flensburg,Schleswig-Holstein,54.518594,9.370766,2477
160745005092,Silbitz,,07613,Saale-Holzland-Kreis,Thüringen,50.95628,11.998733,607
073375001074,Silz,,76857,Südliche Weinstraße,Rheinland-Pfalz,49.147437,7.949765,723
130715154138,Silz,,17214,Mecklenburgische Seenplatte,Mecklenburg-Vorpommern,53.519356,12.440245,296
010615138100,Silzen,,25551,Steinburg,Schleswig-Holstein,54.029281,9.635016,148
092790135135,Simbach,M,94436,Dingolfing-Landau,Bayern,48.567268,12.736544,4197
092770145145,Simbach a.Inn,St,84359,Rottal-Inn,Bayern,48.262787,13.015233,10261
095740158158,Simmelsdorf,,91245,Nürnberger Land,Bayern,49.597489,11.33841,3229
053340028028,Simmerath,,52152,Städteregion Aachen,Nordrhein-Westfalen,50.606333,6.30057,16612
071435004071,Simmern,,56337,Westerwaldkreis,Rheinland-Pfalz,50.389969,7.673094,1534
071405008144,Simmern/ Hunsrück,Stadt,55469,Rhein-Hunsrück-Kreis,Rheinland-Pfalz,49.985095,7.522062,8195
082355001066,Simmersfeld,,72226,Calw,Baden-Württemberg,48.621363,8.516832,2206
095755519163,Simmershofen,,97215,Neustadt a.d.Aisch-Bad Windsheim,Bayern,49.531539,10.12469,952
071335009096,Simmertal,,55618,Bad Kreuznach,Rheinland-Pfalz,49.814046,7.520805,1887
082355002067,Simmozheim,,75397,Calw,Baden-Württemberg,48.752475,8.812573,2848
010545492120,Simonsberg,,25813,Nordfriesland,Schleswig-Holstein,54.436567,8.97196,815
083165006042,Simonswald,,79263,Emmendingen,Baden-Württemberg,48.10043,8.056469,2936
081150045045,Sindelfingen,Stadt,71063,Böblingen,Baden-Württemberg,48.709831,9.002211,61422
091905176153,Sindelsdorf,,82404,Weilheim-Schongau,Bayern,47.724777,11.334112,1206
083355005075,Singen (Hohentwiel),Stadt,78224,Konstanz,Baden-Württemberg,47.759711,8.835117,47621
071415010129,Singhofen,,56379,Rhein-Lahn-Kreis,Rheinland-Pfalz,50.274405,7.836103,1783
065320020020,Sinn,,35764,Lahn-Dill-Kreis,Hessen,50.652878,8.33121,6485
064350027027,Sinntal,,36391,Main-Kinzig-Kreis,Hessen,50.312197,9.623114,8680
082265008085,Sinsheim,Stadt,74889,Rhein-Neckar-Kreis,Baden-Württemberg,49.252996,8.878701,37036
072325005122,Sinspelt,,54675,Eifelkreis Bitburg-Prüm,Rheinland-Pfalz,49.972029,6.320599,419
082165007049,Sinzheim,,76547,Rastatt,Baden-Württemberg,48.760234,8.163518,11608
071310077077,Sinzig,Stadt,53489,Ahrweiler,Rheinland-Pfalz,50.54387,7.249122,17256
093750199199,Sinzing,,93161,Regensburg,Bayern,48.990785,12.035317,7332
073335006071,Sippersfeld,,67729,Donnersbergkreis,Rheinland-Pfalz,49.554727,7.938266,1092
084355007053,Sipplingen,,78354,Bodenseekreis,Baden-Württemberg,47.79642,9.098441,2098
010535391121,Sirksfelde,,23898,Herzogtum Lauenburg,Schleswig-Holstein,53.66533,10.509773,348
033575405044,Sittensen,,27419,Rotenburg (Wümme),Niedersachsen,53.278798,9.504941,6211
073335007072,Sitters,,67823,Donnersbergkreis,Rheinland-Pfalz,49.70877,7.784214,93
160735012084,Sitzendorf,,07429,Saalfeld-Rudolstadt,Thüringen,50.632744,11.172599,720
033555401034,Soderstorf,,21388,Lüneburg,Niedersachsen,53.141222,10.146228,1448
059740040040,Soest,Stadt,59494,Soest,Nordrhein-Westfalen,51.572543,8.106308,47776
146250560560,Sohland a. d. Spree,,02689,Bautzen,Sachsen,51.04397,14.427111,6317
071405004145,Sohren,,55487,Rhein-Hunsrück-Kreis,Rheinland-Pfalz,49.932213,7.308475,3184
071405004146,Sohrschied,,55487,Rhein-Hunsrück-Kreis,Rheinland-Pfalz,49.903545,7.357928,118
051220000000,Solingen,Klingenstadt,42651,Solingen,Nordrhein-Westfalen,51.171718,7.085665,165626
160755005105,Solkwitz,,07381,Saale-Orla-Kreis,Thüringen,50.697041,11.66582,57
010595912162,Sollerup,,24852,Schleswig-Flensburg,Schleswig-Holstein,54.572957,9.320146,473
031559501501,Solling (Landkreis Northeim),gemfr. Geb.,,Northeim,Niedersachsen,51.717798,9.593489,0
160620049049,Sollstedt,,99759,Nordhausen,Thüringen,51.413705,10.536856,2849
010545453123,Sollwitt,,25884,Nordfriesland,Schleswig-Holstein,54.594606,9.228482,296
065320021021,Solms,Stadt,35606,Lahn-Dill-Kreis,Hessen,50.538809,8.405659,13579
095770168168,Solnhofen,,91807,Weißenburg-Gunzenhausen,Bayern,48.895721,10.994054,1733
033580021021,Soltau,Stadt,29614,Heidekreis,Niedersachsen,52.987347,9.837525,22511
033605408020,Soltendieck,,29594,Uelzen,Niedersachsen,52.874845,10.75935,1019
096755619169,Sommerach,,97334,Kitzingen,Bayern,49.828894,10.204484,1478
072355004129,Sommerau,,54317,Trier-Saarburg,Rheinland-Pfalz,49.716173,6.736813,74
096795646187,Sommerhausen,M,97286,Würzburg,Bayern,49.70595,10.025809,1927
096715604153,Sommerkahl,,63825,Aschaffenburg,Bayern,50.070187,9.258161,1256
010615134101,Sommerland,,25358,Steinburg,Schleswig-Holstein,53.803001,9.538265,743
071335006098,Sommerloch,,55595,Bad Kreuznach,Rheinland-Pfalz,49.877229,7.761197,410
130715151139,Sommersdorf,,17111,Mecklenburgische Seenplatte,Mecklenburg-Vorpommern,53.793658,12.891696,261
150835053485,Sommersdorf,,39365,Börde,Sachsen-Anhalt,52.166282,11.07931,1271
096795644188,Sonderhofen,,97255,Würzburg,Bayern,49.59447,10.001698,871
160650067067,Sondershausen,Stadt,99706,Kyffhäuserkreis,Thüringen,51.368377,10.871992,20910
096735639167,Sondheim v.d.Rhön,,97647,Rhön-Grabfeld,Bayern,50.464136,10.158129,916
160720018018,Sonneberg,Stadt,96515,Sonneberg,Thüringen,50.357569,11.175725,22843
160675053063,Sonneborn,,99869,Gotha,Thüringen,50.992319,10.58792,1242
094730166166,Sonnefeld,,96242,Coburg,Bayern,50.223187,11.136199,4430
092750148148,Sonnen,,94164,Passau,Bayern,48.684744,13.723527,1441
120655502301,Sonnenberg,,16775,Oberhavel,Brandenburg,53.019253,13.088633,813
071345002085,Sonnenberg-Winnenberg,,55767,Birkenfeld,Rheinland-Pfalz,49.671306,7.280097,423
084150091091,Sonnenbühl,,72820,Reutlingen,Baden-Württemberg,48.38956,9.179523,7022
160610117117,Sonnenstein,,37345,Eichsfeld,Thüringen,51.531758,10.420094,4215
120620469469,Sonnewalde,Stadt,03249,Elbe-Elster,Brandenburg,51.695472,13.644831,3120
071345005086,Sonnschied,,55758,Birkenfeld,Rheinland-Pfalz,49.819367,7.389221,113
051700040040,Sonsbeck,,47665,Wesel,Nordrhein-Westfalen,51.607521,6.376478,8688
097780196196,Sontheim,,87776,Unterallgäu,Bayern,48.008522,10.352914,2739
081355003031,Sontheim an der Brenz,,89567,Heidenheim,Baden-Württemberg,48.556231,10.2867,5771
097800139139,Sonthofen,St,87527,Oberallgäu,Bayern,47.51239,10.281195,21734
066360011011,Sontra,Stadt,36205,Werra-Meißner-Kreis,Hessen,51.068954,9.93321,7466
095769455455,Soos,,,Roth,Bayern,49.29445,11.101864,0
010585847154,Sophienhamm,,24806,Rendsburg-Eckernförde,Schleswig-Holstein,54.270234,9.461024,302
071355005080,Sosberg,,56858,Cochem-Zell,Rheinland-Pfalz,50.076934,7.337896,145
033575406045,Sottrum,,27367,Rotenburg (Wümme),Niedersachsen,53.113013,9.228281,6479
091870176176,Soyen,,83564,Rosenheim,Bayern,48.109206,12.208595,2943
071335006099,Spabrücken,,55595,Bad Kreuznach,Rheinland-Pfalz,49.899687,7.712827,1212
034545407048,Spahnharrenstätte,,49751,Emsland,Niedersachsen,52.869924,7.601923,1528
083275004046,Spaichingen,Stadt,78549,Tuttlingen,Baden-Württemberg,48.073153,8.739277,13714
071335006100,Spall,,55595,Bad Kreuznach,Rheinland-Pfalz,49.883501,7.681492,185
095760147147,Spalt,St,91174,Roth,Bayern,49.176045,10.92494,5196
072325007311,Spangdahlem,,54529,Eifelkreis Bitburg-Prüm,Rheinland-Pfalz,49.983966,6.680342,913
066340024024,Spangenberg,Liebenbachstadt,34286,Schwalm-Eder-Kreis,Hessen,51.116895,9.65858,5967
130755553127,Spantekow,,17392,Vorpommern-Greifswald,Mecklenburg-Vorpommern,53.779015,13.520425,1032
095725514154,Spardorf,,91080,Erlangen-Höchstadt,Bayern,49.608953,11.05448,2166
094755432174,Sparneck,M,95234,Hof,Bayern,50.16197,11.84413,1502
091805137133,Spatzenhausen,,82447,Garmisch-Partenkirchen,Bayern,47.722431,11.198474,737
071375009223,Spay,,56322,Mayen-Koblenz,Rheinland-Pfalz,50.260128,7.648205,1874
082265002086,Spechbach,,74937,Rhein-Neckar-Kreis,Baden-Württemberg,49.346244,8.884229,1761
072325007123,Speicher,Stadt,54662,Eifelkreis Bitburg-Prüm,Rheinland-Pfalz,49.936106,6.636739,3681
094720190190,Speichersdorf,,95469,Bayreuth,Bayern,49.87649,11.784103,5840
093745327157,Speinshart,,92676,Neustadt a.d.Waldnaab,Bayern,49.787991,11.821979,1119
093749458458,Speinsharter Forst,,,Neustadt a.d.Waldnaab,Bayern,49.827471,11.755476,0
034545408049,Spelle,,48480,Emsland,Niedersachsen,52.367401,7.469059,9856
057580032032,Spenge,Stadt,32139,Herford,Nordrhein-Westfalen,52.139046,8.48257,14620
071405003147,Spesenroth,,56288,Rhein-Hunsrück-Kreis,Rheinland-Pfalz,50.049378,7.460139,175
071315004208,Spessart,,56746,Ahrweiler,Rheinland-Pfalz,50.439679,7.113305,868
073180000000,Speyer,Stadt,67346,Speyer,Rheinland-Pfalz,49.316172,8.436572,49564
092720149149,Spiegelau,,94518,Freyung-Grafenau,Bayern,48.915875,13.355948,3890
081195004069,Spiegelberg,,71579,Rems-Murr-Kreis,Baden-Württemberg,49.039689,9.445716,2152
034620014014,Spiekeroog,,26474,Wittmund,Niedersachsen,53.770745,7.696086,650
100430117117,Spiesen-Elversberg,,66583,Neunkirchen,Saarland,49.315412,7.152489,13080
073315006061,Spiesheim,,55288,Alzey-Worms,Rheinland-Pfalz,49.809846,8.127948,954
073405002049,Spirkelbach,,76848,Südwestpfalz,Rheinland-Pfalz,49.197168,7.884118,644
130735355086,Splietsdorf,,18513,Vorpommern-Rügen,Mecklenburg-Vorpommern,54.12351,12.930708,486
071335006101,Sponheim,,55595,Bad Kreuznach,Rheinland-Pfalz,49.843799,7.725906,762
130715157140,Sponholz,,17039,Mecklenburgische Seenplatte,Mecklenburg-Vorpommern,53.552413,13.365739,731
130765662126,Spornitz,,19372,Ludwigslust-Parchim,Mecklenburg-Vorpommern,53.407009,11.718505,1180
081365008066,Spraitbach,,73565,Ostalbkreis,Baden-Württemberg,48.880569,9.762281,3335
010545489124,Sprakebüll,,25917,Nordfriesland,Schleswig-Holstein,54.775904,9.077168,295
031515403028,Sprakensehl,,29365,Gifhorn,Niedersachsen,52.767053,10.494115,1163
120675709469,Spreenhagen,,15528,Oder-Spree,Brandenburg,52.341228,13.875127,3417
146250570570,Spreetal / Sprjewiny Doł,,02979,Bautzen,Sachsen,51.491032,14.371558,1702
120615113470,Spreewaldheide/Błośańska Góla,,15913,Dahme-Spreewald,Brandenburg,51.930504,14.168133,423
120710372372,Spremberg/Grodk,Stadt,03130,Spree-Neiße,Brandenburg,51.571789,14.379761,21140
073395008056,Sprendlingen,,55576,Mainz-Bingen,Rheinland-Pfalz,49.860417,7.986371,3959
032410017017,Springe,Stadt,31832,Region Hannover,Niedersachsen,52.208899,9.554961,28669
059540028028,Sprockhövel,Stadt,45549,Ennepe-Ruhr-Kreis,Nordrhein-Westfalen,51.361402,7.244016,24232
160685012052,Sprötau,,99610,Sömmerda,Thüringen,51.125004,11.202259,835
083375006097,St. Blasien,Stadt,79837,Waldshut,Baden-Württemberg,47.761671,8.125605,3818
145245128280,St. Egidien,,09356,Zwickau,Sachsen,50.7854,12.620489,3077
083260052052,St. Georgen im Schwarzwald,Stadt,78112,Schwarzwald-Baar-Kreis,Baden-Württemberg,48.126225,8.332259,12301
100450117117,St. Ingbert,Stadt,66386,Saarpfalz-Kreis,Saarland,49.27897,7.115276,35453
084150093093,St. Johann,,72813,Reutlingen,Baden-Württemberg,48.452886,9.341319,5202
082260103103,St. Leon-Rot,,68789,Rhein-Neckar-Kreis,Baden-Württemberg,49.267197,8.599891,13979
083155013094,St. Märgen,,79274,Breisgau-Hochschwarzwald,Baden-Württemberg,48.007889,8.092884,1993
083155013095,St. Peter,,79271,Breisgau-Hochschwarzwald,Baden-Württemberg,48.015753,8.033628,2727
100460117117,St. Wendel,Kreisstadt,66606,St. Wendel,Saarland,49.468359,7.173032,25441
160695002047,St.Bernhard,,98660,Hildburghausen,Thüringen,50.460943,10.596848,232
160745014093,St.Gangloff,,07629,Saale-Holzland-Kreis,Thüringen,50.855301,11.893929,1137
033590038038,Stade,Hansestadt,21682,Stade,Niedersachsen,53.601302,9.475977,48633
073395006057,Stadecken-Elsheim,,55271,Mainz-Bingen,Rheinland-Pfalz,49.915146,8.139304,4842
094715403189,Stadelhofen,,96187,Bamberg,Bayern,50.003189,11.197502,1247
034610009009,Stadland,,26935,Wesermarsch,Niedersachsen,53.401876,8.453082,7561
093765344167,Stadlern,,92549,Schwandorf,Bayern,49.504875,12.61282,544
146285221370,Stadt Wehlen,Stadt,01829,Sächsische Schweiz-Osterzgebirge,Sachsen,50.957282,14.033828,1538
065340018018,Stadtallendorf,Stadt,35260,Marburg-Biedenkopf,Hessen,50.828131,9.016816,21425
097720202202,Stadtbergen,St,86391,Augsburg,Bayern,48.36738,10.845885,15649
032570035035,Stadthagen,Stadt,31655,Schaumburg,Niedersachsen,52.323705,9.205815,22638
160700048048,Stadtilm,Stadt,99326,Ilm-Kreis,Thüringen,50.775669,11.086073,8312
072335006240,Stadtkyll,,54589,Vulkaneifel,Rheinland-Pfalz,50.349756,6.529148,1546
096780181181,Stadtlauringen,M,97488,Schweinfurt,Bayern,50.187718,10.360578,4149
055540056056,Stadtlohn,Stadt,48703,Borken,Nordrhein-Westfalen,51.992602,6.918003,20946
032555409034,Stadtoldendorf,Stadt,37627,Holzminden,Niedersachsen,51.882484,9.622765,4868
096765632158,Stadtprozelten,St,97909,Miltenberg,Bayern,49.783331,9.408401,1597
160745050094,Stadtroda,Stadt,07646,Saale-Holzland-Kreis,Thüringen,50.857878,11.7275,6785
094775435156,Stadtsteinach,St,95346,Kulmbach,Bayern,50.163192,11.503963,2983
010545489125,Stadum,,25917,Nordfriesland,Schleswig-Holstein,54.736011,9.050473,937
032515407035,Staffhorst,,27254,Diepholz,Niedersachsen,52.721512,8.980126,521
010585853155,Stafstedt,,24816,Rendsburg-Eckernförde,Schleswig-Holstein,54.170705,9.66287,378
073335007073,Stahlberg,,67808,Donnersbergkreis,Rheinland-Pfalz,49.664741,7.786942,168
071435004072,Stahlhofen,,56412,Westerwaldkreis,Rheinland-Pfalz,50.392752,7.857828,739
071435009293,Stahlhofen am Wiesensee,,56459,Westerwaldkreis,Rheinland-Pfalz,50.587196,7.989171,385
120690604604,Stahnsdorf,,14532,Potsdam-Mittelmark,Brandenburg,52.391689,13.216273,16087
084255006138,Staig,,89195,Alb-Donau-Kreis,Baden-Württemberg,48.299083,9.991027,3281
010575755078,Stakendorf,,24217,Plön,Schleswig-Holstein,54.388445,10.422791,479
092785246189,Stallwang,,94375,Straubing-Bogen,Bayern,49.050929,12.655233,1421
094750175175,Stammbach,M,95236,Hof,Bayern,50.145082,11.692963,2363
091715103130,Stammham,,84533,Altötting,Bayern,48.248353,12.882353,972
091760161161,Stammham,,85134,Eichstätt,Bayern,48.858187,11.458154,4142
093725310161,Stamsried,M,93491,Cham,Bayern,49.267357,12.530828,2243
073335003074,Standenbühl,,67816,Donnersbergkreis,Rheinland-Pfalz,49.594432,7.981905,186
010595990163,Stangheck,,24395,Schleswig-Flensburg,Schleswig-Holstein,54.712704,9.860043,249
010595996188,Stapel,,25879,Schleswig-Flensburg,Schleswig-Holstein,54.349368,9.218997,1952
010625262071,Stapelfeld,,22145,Stormarn,Schleswig-Holstein,53.606585,10.220756,1819
160775005044,Starkenberg,,04617,Altenburger Land,Thüringen,50.98314,12.308886,1692
072315009120,Starkenburg,,56843,Bernkastel-Wittlich,Rheinland-Pfalz,49.955855,7.140651,214
091880139139,Starnberg,St,82319,Starnberg,Bayern,47.996607,11.33837,24471
091889451451,Starnberger See,,,Starnberg,Bayern,47.900445,11.316653,0
084165003050,Starzach,,72181,Tübingen,Baden-Württemberg,48.432044,8.812421,4373
150890310310,Staßfurt,Salzstadt,39418,Salzlandkreis,Sachsen-Anhalt,51.850762,11.584398,23181
146270260260,Stauchitz,,01594,Meißen,Sachsen,51.243246,13.21419,2966
091895169146,Staudach-Egerndach,,83224,Traunstein,Bayern,47.779816,12.48036,1117
071335010102,Staudernheim,,55568,Bad Kreuznach,Rheinland-Pfalz,49.775562,7.688148,1451
071435010073,Staudt,,56424,Westerwaldkreis,Rheinland-Pfalz,50.465019,7.827296,1277
083155016108,Staufen im Breisgau,Stadt,79219,Breisgau-Hochschwarzwald,Baden-Württemberg,47.880529,7.729921,8459
031590034034,Staufenberg,,34355,Göttingen,Niedersachsen,51.352828,9.591676,7506
065310017017,Staufenberg,Stadt,35460,Gießen,Hessen,50.659884,8.732286,8291
130715157141,Staven,,17039,Mecklenburgische Seenplatte,Mecklenburg-Vorpommern,53.627037,13.403461,358
130715162142,"Stavenhagen, Reuterstadt",Stadt,17153,Mecklenburgische Seenplatte,Mecklenburg-Vorpommern,53.697064,12.906674,4855
034545407050,Stavern,,49777,Emsland,Niedersachsen,52.796854,7.433338,1080
071385003069,Stebach,,56276,Neuwied,Rheinland-Pfalz,50.511474,7.659989,354
120655502310,Stechlin,,16775,Oberhavel,Brandenburg,53.102905,13.05065,1123
120635306293,Stechow-Ferchesar,,14715,Havelland,Brandenburg,52.630741,12.460703,873
010545489126,Stedesand,,25920,Nordfriesland,Schleswig-Holstein,54.738139,8.925525,879
034625401015,Stedesdorf,,26427,Wittmund,Niedersachsen,53.625067,7.663569,1626
010585895156,Steenfeld,,25557,Rendsburg-Eckernförde,Schleswig-Holstein,54.142655,9.379822,324
072335006241,Steffeln,,54597,Vulkaneifel,Rheinland-Pfalz,50.287351,6.567378,641
065340019019,Steffenberg,,35239,Marburg-Biedenkopf,Hessen,50.838291,8.474745,3830
130725251099,Steffenshagen,,18209,Landkreis Rostock,Mecklenburg-Vorpommern,54.104818,11.82306,554
094710191191,Stegaurach,,96135,Bamberg,Bayern,49.863561,10.842775,6885
083155003109,Stegen,,79252,Breisgau-Hochschwarzwald,Baden-Württemberg,47.983828,7.964023,4413
150885051355,Steigra,,06268,Saalekreis,Sachsen-Anhalt,51.29923,11.661257,1043
032565407029,Steimbke,,31634,Nienburg (Weser),Niedersachsen,52.655474,9.390322,2448
071385005070,Steimel,,57614,Neuwied,Rheinland-Pfalz,50.617697,7.627892,1277
010575755079,Stein,,24235,Plön,Schleswig-Holstein,54.414659,10.268846,863
095730127127,Stein,St,90547,Fürth,Bayern,49.414352,11.015582,14866
073315005062,Stein-Bockenheim,,55599,Alzey-Worms,Rheinland-Pfalz,49.774295,7.956071,650
071435006295,Stein-Neukirch,,56479,Westerwaldkreis,Rheinland-Pfalz,50.673939,8.047186,442
071435002296,Stein-Wingert,,57629,Westerwaldkreis,Rheinland-Pfalz,50.721626,7.739309,230
146255231580,Steina,,01920,Bautzen,Sachsen,51.20947,14.039214,1648
083175004129,Steinach,,77790,Ortenaukreis,Baden-Württemberg,48.303005,8.0571,3941
092780190190,Steinach,,94377,Straubing-Bogen,Bayern,48.953769,12.605084,3390
160720019019,Steinach,Stadt,96523,Sonneberg,Thüringen,50.432443,11.158066,3456
096739456456,Steinacher Forst r.d.Saale,,,Rhön-Grabfeld,Bayern,50.327098,10.096019,0
094719460460,Steinachsrangen,,,Bamberg,Bayern,49.799489,10.557119,0
073405006050,Steinalben,,66851,Südwestpfalz,Rheinland-Pfalz,49.314206,7.655635,364
033525411051,Steinau,,21775,Cuxhaven,Niedersachsen,53.683196,8.886576,803
064350028028,Steinau an der Straße,Brüder-Grimm-Stadt,36396,Main-Kinzig-Kreis,Hessen,50.313016,9.461969,10189
071405008148,Steinbach,,56291,Rhein-Hunsrück-Kreis,Rheinland-Pfalz,50.043544,7.594041,135
160615009089,Steinbach,,37308,Eichsfeld,Thüringen,51.417863,10.21702,528
064340010010,Steinbach (Taunus),Stadt,61449,Hochtaunuskreis,Hessen,50.167692,8.5721,10856
094760175175,Steinbach a.Wald,,96361,Kronach,Bayern,50.432358,11.360734,3047
073335006075,Steinbach am Donnersberg,,67808,Donnersbergkreis,Rheinland-Pfalz,49.597783,7.956675,693
073365009096,Steinbach am Glan,,66909,Kusel,Rheinland-Pfalz,49.452455,7.382937,863
160660069069,Steinbach-Hallenberg,Stadt,98587,Schmalkalden-Meiningen,Thüringen,50.699769,10.568215,9130
010595990164,Steinberg,,24972,Schleswig-Flensburg,Schleswig-Holstein,54.756137,9.782276,835
145230380380,Steinberg,,08237,Vogtlandkreis,Sachsen,50.54012,12.504342,2633
093765346168,Steinberg am See,,92449,Schwandorf,Bayern,49.276924,12.181045,1948
010595990186,Steinbergkirche,,24972,Schleswig-Flensburg,Schleswig-Holstein,54.7544,9.759969,2978
072325008313,Steinborn,,54655,Eifelkreis Bitburg-Prüm,Rheinland-Pfalz,50.067778,6.627087,175
010625207091,Steinburg,,22964,Stormarn,Schleswig-Holstein,53.707908,10.384291,2758
097715705168,Steindorf,,82297,Aichach-Friedberg,Bayern,48.215553,11.001126,973
071435002294,Steinebach an der Wied,,57629,Westerwaldkreis,Rheinland-Pfalz,50.610775,7.803557,825
071325009107,Steinebach/ Sieg,,57520,Altenkirchen (Westerwald),Rheinland-Pfalz,50.731885,7.826574,1313
072335001067,Steineberg,,54552,Vulkaneifel,Rheinland-Pfalz,50.179887,6.914548,202
071435008074,Steinefrenz,,56414,Westerwaldkreis,Rheinland-Pfalz,50.459262,7.933161,745
071435007075,Steinen,,56244,Westerwaldkreis,Rheinland-Pfalz,50.573872,7.810464,219
083360084084,Steinen,,79585,Lörrach,Baden-Württemberg,47.643739,7.73952,10409
081155006046,Steinenbronn,,71144,Böblingen,Baden-Württemberg,48.66012,9.119496,6332
071325009108,Steineroth,,57518,Altenkirchen (Westerwald),Rheinland-Pfalz,50.761517,7.852485,540
010595974080,Steinfeld,,24888,Schleswig-Flensburg,Schleswig-Holstein,54.598384,9.743805,809
073375002076,Steinfeld,,76889,Südliche Weinstraße,Rheinland-Pfalz,49.04917,8.035787,1844
096775624186,Steinfeld,,97854,Main-Spessart,Bayern,49.951957,9.668391,2088
034600008008,Steinfeld (Oldenburg),,49439,Vechta,Niedersachsen,52.586924,8.217045,10228
055660084084,Steinfurt,Stadt,48565,Steinfurt,Nordrhein-Westfalen,52.125169,7.395195,34860
091905180154,Steingaden,,86989,Weilheim-Schongau,Bayern,47.700634,10.859758,2953
057540040040,Steinhagen,,33803,Gütersloh,Nordrhein-Westfalen,52.006186,8.414975,20302
130725252101,Steinhagen,,18246,Landkreis Rostock,Mecklenburg-Vorpommern,53.842626,11.926991,671
130735358087,Steinhagen,,18442,Vorpommern-Rügen,Mecklenburg-Vorpommern,54.226558,12.989713,2522
084265006113,Steinhausen an der Rottum,,88416,Biberach,Baden-Württemberg,48.023423,9.956273,2182
057620032032,Steinheim,Stadt,32839,Höxter,Nordrhein-Westfalen,51.866755,9.096625,12107
081350032032,Steinheim am Albuch,,89555,Heidenheim,Baden-Württemberg,48.692172,10.063541,8876
081185007070,Steinheim an der Murr,Stadt,71711,Ludwigsburg,Baden-Württemberg,48.965777,9.278099,11908
010535391122,Steinhorst,,23847,Herzogtum Lauenburg,Schleswig-Holstein,53.719989,10.48343,580
031515403029,Steinhorst,,29367,Gifhorn,Niedersachsen,52.689985,10.404833,1259
120675706473,Steinhöfel,,15518,Oder-Spree,Brandenburg,52.400101,14.165947,4374
091750137137,Steinhöring,,85643,Ebersberg,Bayern,48.086592,12.030748,3894
146250590590,Steinigtwolmsdorf,,01904,Bautzen,Sachsen,51.063242,14.346859,2582
072335001068,Steiningen,,54552,Vulkaneifel,Rheinland-Pfalz,50.186511,6.913792,193
033595406039,Steinkirchen,,21720,Stade,Niedersachsen,53.565364,9.610086,1741
091775125138,Steinkirchen,,84439,Erding,Bayern,48.374678,12.079194,1349
082165005052,Steinmauern,,76479,Rastatt,Baden-Württemberg,48.900452,8.198767,3201
120615114471,Steinreich,,15938,Dahme-Spreewald,Brandenburg,51.941927,13.442532,421
071415003130,Steinsberg,,56379,Rhein-Lahn-Kreis,Rheinland-Pfalz,50.323061,7.944983,243
095715501205,Steinsfeld,,91628,Ansbach,Bayern,49.421065,10.212126,1235
073345004030,Steinweiler,,76872,Germersheim,Rheinland-Pfalz,49.12241,8.139929,1981
073355008044,Steinwenden,,66879,Kaiserslautern,Rheinland-Pfalz,49.456174,7.52831,2456
094760177177,Steinwiesen,M,96349,Kronach,Bayern,50.294573,11.462438,3297
083355005077,Steißlingen,,78256,Konstanz,Baden-Württemberg,47.79781,8.92425,5133
033530032032,Stelle,,21435,Harburg,Niedersachsen,53.379578,10.110327,11974
010515172107,Stelle-Wittenwurth,,25795,Dithmarschen,Schleswig-Holstein,54.254357,9.066849,484
073355011045,Stelzenberg,,67705,Kaiserslautern,Rheinland-Pfalz,49.380053,7.739726,1249
033575402046,Stemmen,,27389,Rotenburg (Wümme),Niedersachsen,53.223891,9.554485,804
032515401036,Stemshorn,,49448,Diepholz,Niedersachsen,52.45209,8.362587,708
057700044044,Stemwede,,32351,Minden-Lübbecke,Nordrhein-Westfalen,52.376102,8.453006,13460
150900535535,Stendal,Hansestadt,39576,Stendal,Sachsen-Anhalt,52.605755,11.858833,37850
130745453093,Stepenitztal,,23936,Nordwestmecklenburg,Mecklenburg-Vorpommern,53.857461,11.119717,1728
091870177177,Stephanskirchen,,83071,Rosenheim,Bayern,47.854144,12.186066,10558
092710151151,Stephansposching,,94569,Deggendorf,Bayern,48.816699,12.802444,3189
010535358123,Sterley,,23883,Herzogtum Lauenburg,Schleswig-Holstein,53.620115,10.817631,925
130765664128,Sternberg,Stadt,19406,Ludwigslust-Parchim,Mecklenburg-Vorpommern,53.711133,11.828186,3769
082365003061,Sternenfels,,75447,Enzkreis,Baden-Württemberg,49.050912,8.850112,2802
010595990167,Sterup,,24996,Schleswig-Flensburg,Schleswig-Holstein,54.727837,9.738892,1435
073335004076,Stetten,,67294,Donnersbergkreis,Rheinland-Pfalz,49.670488,8.092494,653
084355004054,Stetten,,88719,Bodenseekreis,Baden-Württemberg,47.692691,9.300569,965
097785766199,Stetten,,87778,Unterallgäu,Bayern,48.023937,10.442548,1480
084375007107,Stetten am kalten Markt,,72510,Sigmaringen,Baden-Württemberg,48.121999,9.077554,4859
096745610201,Stettfeld,,96188,Haßberge,Bayern,49.971541,10.724647,1091
032560030030,Steyerberg,Flecken,31595,Nienburg (Weser),Niedersachsen,52.56739,9.026193,5159
097765738127,Stiefenhofen,,88167,Lindau (Bodensee),Bayern,47.592899,10.003327,1869
081275002104,Stimpfach,,74597,Schwäbisch Hall,Baden-Württemberg,49.062419,10.090569,2952
033525404052,Stinstedt,,21772,Cuxhaven,Niedersachsen,53.660207,8.973002,519
010605086079,Stipsdorf,,23795,Segeberg,Schleswig-Holstein,53.941826,10.33446,241
071345005087,Stipshausen,,55758,Birkenfeld,Rheinland-Pfalz,49.849097,7.292212,824
083355006079,Stockach,Stadt,78333,Konstanz,Baden-Württemberg,47.848855,9.00899,17646
010550040040,Stockelsdorf,,23617,Ostholstein,Schleswig-Holstein,53.889315,10.649799,16289
072325008124,Stockem,,54646,Eifelkreis Bitburg-Prüm,Rheinland-Pfalz,49.928632,6.380973,96
071435001297,Stockhausen-Illfurth,,56472,Westerwaldkreis,Rheinland-Pfalz,50.646293,7.988135,428
094760178178,Stockheim,,96342,Kronach,Bayern,50.305186,11.283779,4723
096735633170,Stockheim,,97640,Rhön-Grabfeld,Bayern,50.458635,10.27181,1025
010605024080,Stocksee,,24326,Segeberg,Schleswig-Holstein,54.089631,10.343274,401
096710155155,Stockstadt a.Main,M,63811,Aschaffenburg,Bayern,49.979668,9.063789,7837
064330013013,Stockstadt am Rhein,,64589,Groß-Gerau,Hessen,49.80777,8.46596,5945
071435009298,Stockum-Püschen,,56459,Westerwaldkreis,Rheinland-Pfalz,50.6056,7.901037,649
033605404022,Stoetze,,29597,Uelzen,Niedersachsen,53.067789,10.781488,630
097759454454,Stoffenrieder Forst,,,Neu-Ulm,Bayern,48.331495,10.242764,0
053340032032,Stolberg (Rhld.),Kupferstadt,52222,Städteregion Aachen,Nordrhein-Westfalen,50.776783,6.223585,57684
010595987081,Stolk,,24890,Schleswig-Flensburg,Schleswig-Holstein,54.598455,9.541865,867
145215133590,Stollberg/Erzgeb.,Stadt,09366,Erzgebirgskreis,Sachsen,50.708319,12.779759,11127
096789455455,Stollbergerforst,,,Schweinfurt,Bayern,49.880574,10.430385,0
010575785080,Stolpe,,24601,Plön,Schleswig-Holstein,54.128911,10.222608,1263
130765662129,Stolpe,,19372,Ludwigslust-Parchim,Mecklenburg-Vorpommern,53.358156,11.735379,335
130755553128,Stolpe an der Peene,,17391,Vorpommern-Greifswald,Mecklenburg-Vorpommern,53.873063,13.560041,272
130755562129,Stolpe auf Usedom,,17406,Vorpommern-Greifswald,Mecklenburg-Vorpommern,53.867737,13.988986,353
146280380380,Stolpen,Stadt,01833,Sächsische Schweiz-Osterzgebirge,Sachsen,51.048559,14.078991,5436
010595990168,Stoltebüll,,24409,Schleswig-Flensburg,Schleswig-Holstein,54.700688,9.878988,680
010575755081,Stoltenberg,,24256,Plön,Schleswig-Holstein,54.344759,10.346508,337
032565410032,Stolzenau,,31592,Nienburg (Weser),Niedersachsen,52.510921,9.07761,7079
120685807413,Storbeck-Frankendorf,,16818,Ostprignitz-Ruppin,Brandenburg,53.012389,12.700449,490
120670481481,Storkow (Mark),Stadt,15859,Oder-Spree,Brandenburg,52.257122,13.932683,9196
051540052052,Straelen,Stadt,47638,Kleve,Nordrhein-Westfalen,51.444776,6.266608,16458
096735635171,Strahlungen,,97618,Rhön-Grabfeld,Bayern,50.283115,10.232177,965
130765665130,Stralendorf,,19073,Ludwigslust-Parchim,Mecklenburg-Vorpommern,53.574587,11.300046,1353
130730088088,Stralsund,Hansestadt,18439,Vorpommern-Rügen,Mecklenburg-Vorpommern,54.313975,13.089973,54094
010585822157,Strande,,24229,Rendsburg-Eckernförde,Schleswig-Holstein,54.440909,10.170979,1443
130750130130,Strasburg (Uckermark),Stadt,17335,Vorpommern-Greifswald,Mecklenburg-Vorpommern,53.506373,13.744259,4278
084175007063,Straßberg,,72479,Zollernalbkreis,Baden-Württemberg,48.176381,9.092476,2474
071385009071,Straßenhaus,,56587,Neuwied,Rheinland-Pfalz,50.539879,7.515087,1979
092785257192,Straßkirchen,,94342,Straubing-Bogen,Bayern,48.830251,12.723701,3489
091840144144,Straßlach-Dingharting,,82064,München,Bayern,48.004832,11.514198,3258
082360072072,Straubenhardt,,75334,Enzkreis,Baden-Württemberg,48.854542,8.531485,11367
092630000000,Straubing,,94315,Straubing,Bayern,48.881802,12.56951,49002
160695004049,Straufhain,,98646,Hildburghausen,Thüringen,50.353657,10.684479,2677
120615113476,Straupitz (Spreewald)/Tšupc (Błota),,15913,Dahme-Spreewald,Brandenburg,51.912102,14.120032,916
120640472472,Strausberg,Stadt,15344,Märkisch-Oderland,Brandenburg,52.579644,13.881977,27719
160685009053,Straußfurt,,99634,Sömmerda,Thüringen,51.162489,10.990218,1930
146270270270,Strehla,Stadt,01616,Meißen,Sachsen,51.352691,13.225692,3644
071435002299,Streithausen,,57629,Westerwaldkreis,Rheinland-Pfalz,50.690211,7.816587,498
072325001315,Strickscheid,,54597,Eifelkreis Bitburg-Prüm,Rheinland-Pfalz,50.141827,6.316895,28
145220540540,Striegistal,,09661,Mittelsachsen,Sachsen,51.050402,13.18038,4570
130765658131,Strohkirchen,,19230,Ludwigslust-Parchim,Mecklenburg-Vorpommern,53.394359,11.310293,310
072335001070,Strohn,,54558,Vulkaneifel,Rheinland-Pfalz,50.110367,6.922709,484
071335011103,Stromberg,Stadt,55442,Bad Kreuznach,Rheinland-Pfalz,49.94368,7.773929,3514
072335001071,Strotzbüsch,,54552,Vulkaneifel,Rheinland-Pfalz,50.110391,6.965163,425
010545494128,Struckum,,25821,Nordfriesland,Schleswig-Holstein,54.584711,8.996888,1032
010605086081,Strukdorf,,23815,Segeberg,Schleswig-Holstein,53.919829,10.486,250
094710195195,Strullendorf,,96129,Bamberg,Bayern,49.84513,10.968254,7828
146285219390,Struppen,,01796,Sächsische Schweiz-Osterzgebirge,Sachsen,50.935414,14.009953,2386
010605048082,Struvenhütten,,24643,Segeberg,Schleswig-Holstein,53.865944,10.054474,928
010595987082,Struxdorf,,24891,Schleswig-Flensburg,Schleswig-Holstein,54.632416,9.63854,677
010515178108,Strübbel,,25792,Dithmarschen,Schleswig-Holstein,54.260389,8.971812,74
071415007131,Strüth,,56357,Rhein-Lahn-Kreis,Rheinland-Pfalz,50.137751,7.88869,315
010535391124,Stubben,,23847,Herzogtum Lauenburg,Schleswig-Holstein,53.732928,10.43068,388
130725262102,Stubbendorf,,18195,Landkreis Rostock,Mecklenburg-Vorpommern,54.087539,12.522358,172
092775244147,Stubenberg,,94166,Rottal-Inn,Bayern,48.309188,13.074437,1438
130715159143,Stuer,,17209,Mecklenburgische Seenplatte,Mecklenburg-Vorpommern,53.378838,12.337188,237
032510037037,Stuhr,,28816,Diepholz,Niedersachsen,53.028414,8.750247,33913
093765342169,Stulln,,92551,Schwandorf,Bayern,49.42149,12.137782,1684
082150109109,Stutensee,Stadt,76297,Karlsruhe,Baden-Württemberg,49.063748,8.470789,25259
081110000000,Stuttgart,Landeshauptstadt,70173,Stuttgart,Baden-Württemberg,48.775817,9.177734,612663
010605048084,Stuvenborn,,24641,Segeberg,Schleswig-Holstein,53.851484,10.124679,877
130725263098,Stäbelow,,18198,Landkreis Rostock,Mecklenburg-Vorpommern,54.040371,12.020973,1348
032565407031,Stöckse,,31638,Nienburg (Weser),Niedersachsen,52.641122,9.341552,1271
081365009068,Stödtlen,,73495,Ostalbkreis,Baden-Württemberg,49.000185,10.301188,1825
010615179102,Stördorf,,25554,Steinburg,Schleswig-Holstein,53.917182,9.427765,115
010615189103,Störkathen,,25548,Steinburg,Schleswig-Holstein,53.98103,9.756946,91
093745323158,Störnstein,,92721,Neustadt a.d.Waldnaab,Bayern,49.734054,12.206976,1545
150845054470,Stößen,Stadt,06667,Burgenlandkreis,Sachsen-Anhalt,51.113929,11.925392,869
097775772171,Stötten a.Auerberg,,87675,Ostallgäu,Bayern,47.737011,10.688702,1999
097775751172,Stöttwang,,87677,Ostallgäu,Bayern,47.890527,10.715039,1938
120685805417,Stüdenitz-Schönermark,,16845,Ostprignitz-Ruppin,Brandenburg,52.889374,12.279773,581
083370106106,Stühlingen,Stadt,79780,Waldshut,Baden-Württemberg,47.745475,8.445849,5351
071325010109,Stürzelbach,,57614,Altenkirchen (Westerwald),Rheinland-Pfalz,50.650719,7.615784,222
145210600600,Stützengrün,,08328,Erzgebirgskreis,Sachsen,50.533915,12.526673,3014
033605405023,Suderburg,,29556,Uelzen,Niedersachsen,52.895002,10.452948,4379
032515406038,Sudwalde,,27257,Diepholz,Niedersachsen,52.796913,8.842769,1010
095755518165,Sugenheim,M,91484,Neustadt a.d.Aisch-Bad Windsheim,Bayern,49.602746,10.435371,2328
160540000000,Suhl,Stadt,98527,Suhl,Thüringen,50.609218,10.691867,34685
033605404024,Suhlendorf,,29562,Uelzen,Niedersachsen,52.925822,10.768375,2256
130765668133,Sukow,,19079,Ludwigslust-Parchim,Mecklenburg-Vorpommern,53.549363,11.557591,1517
130725258103,Sukow-Levitzow,,17168,Landkreis Rostock,Mecklenburg-Vorpommern,53.857642,12.610398,505
032510040040,Sulingen,Stadt,27232,Diepholz,Niedersachsen,52.682116,8.801224,13394
083255006057,Sulz am Neckar,Stadt,72172,Rottweil,Baden-Württemberg,48.366375,8.632773,12847
160745011095,Sulza,,07751,Saale-Holzland-Kreis,Thüringen,50.867253,11.618601,264
071345005088,Sulzbach,,55758,Birkenfeld,Rheinland-Pfalz,49.834086,7.336551,293
071415010132,Sulzbach,,56379,Rhein-Lahn-Kreis,Rheinland-Pfalz,50.302554,7.751923,187
064360012012,Sulzbach (Taunus),,65843,Main-Taunus-Kreis,Hessen,50.13359,8.528319,8846
096760160160,Sulzbach a.Main,M,63834,Miltenberg,Bayern,49.908857,9.151373,7423
081195004075,Sulzbach an der Murr,,71560,Rems-Murr-Kreis,Baden-Württemberg,49.002908,9.501017,5421
081275006079,Sulzbach-Laufen,,74429,Schwäbisch Hall,Baden-Württemberg,48.965928,9.845198,2560
093710151151,Sulzbach-Rosenberg,St,92237,Amberg-Sulzbach,Bayern,49.495802,11.756146,19379
100410518518,Sulzbach/ Saar,Stadt,66280,Regionalverband Saarbrücken,Saarland,49.29895,7.060058,16376
073355010046,Sulzbachtal,,67734,Kaiserslautern,Rheinland-Pfalz,49.522147,7.65734,433
097800140140,Sulzberg,M,87477,Oberallgäu,Bayern,47.661163,10.349761,5040
083155012111,Sulzburg,Stadt,79295,Breisgau-Hochschwarzwald,Baden-Württemberg,47.839883,7.710087,2794
096735634172,Sulzdorf a.d.Lederhecke,,97528,Rhön-Grabfeld,Bayern,50.240205,10.561715,1142
091740146146,Sulzemoos,,85254,Dachau,Bayern,48.290916,11.263711,2859
082155007082,Sulzfeld,,75056,Karlsruhe,Baden-Württemberg,49.103766,8.856733,5131
096735634173,Sulzfeld,,97633,Rhön-Grabfeld,Bayern,50.260471,10.404897,1751
096755617170,Sulzfeld a.Main,,97320,Kitzingen,Bayern,49.708224,10.130682,1242
096739457457,Sulzfelder Forst,,,Rhön-Grabfeld,Bayern,50.229111,10.427781,0
073315006063,Sulzheim,,55286,Alzey-Worms,Rheinland-Pfalz,49.844475,8.092437,1260
096785642183,Sulzheim,,97529,Schweinfurt,Bayern,49.946332,10.339803,2020
096725608155,Sulzthal,M,97717,Bad Kissingen,Bayern,50.131792,10.034484,850
059580044044,Sundern (Sauerland),Stadt,59846,Hochsauerlandkreis,Nordrhein-Westfalen,51.330125,8.005553,27654
130735356090,Sundhagen,,18519,Vorpommern-Rügen,Mecklenburg-Vorpommern,54.213985,13.251468,5096
160645001061,Sundhausen,,99947,Unstrut-Hainich-Kreis,Thüringen,51.156942,10.715298,362
091890148148,Surberg,,83362,Traunstein,Bayern,47.861992,12.705961,3265
034545406051,Surwold,,26903,Emsland,Niedersachsen,53.009275,7.491006,4346
034545404052,Sustrum,,49762,Emsland,Niedersachsen,52.911212,7.28378,1388
032575403036,Suthfeld,,31555,Schaumburg,Niedersachsen,52.364383,9.388337,1428
053820064064,Swisttal,,53913,Rhein-Sieg-Kreis,Nordrhein-Westfalen,50.666197,6.893733,18580
120605003250,Sydower Fließ,,16230,Barnim,Brandenburg,52.7089,13.719273,1013
032510041041,Syke,Stadt,28857,Diepholz,Niedersachsen,52.914548,8.816336,25270
010540168168,Sylt,,25980,Nordfriesland,Schleswig-Holstein,54.90786,8.30875,14167
097735714170,Syrgenstein,,89428,Dillingen a.d.Donau,Bayern,48.657789,10.301133,3882
091870174174,Söchtenau,,83139,Rosenheim,Bayern,47.931507,12.2295,2672
034545407047,Sögel,,49751,Emsland,Niedersachsen,52.839834,7.521946,7718
032540032032,Söhlde,,31185,Hildesheim,Niedersachsen,52.189397,10.232512,7486
066330024024,Söhrewald,,34320,Kassel,Hessen,51.237537,9.571642,4521
083155007107,Sölden,,79294,Breisgau-Hochschwarzwald,Baden-Württemberg,47.932118,7.809109,1271
031545402027,Söllingen,,38387,Helmstedt,Niedersachsen,52.092043,10.924517,1465
160680051051,Sömmerda,Stadt,99610,Sömmerda,Thüringen,51.159368,11.118975,18503
010545494121,Sönnebüll,,25821,Nordfriesland,Schleswig-Holstein,54.63119,8.995888,322
010585889153,Sören,,24241,Rendsburg-Eckernförde,Schleswig-Holstein,54.202744,9.998885,194
073395006054,Sörgenloch,,55270,Mainz-Bingen,Rheinland-Pfalz,49.88327,8.200996,1255
071325010106,Sörth,,57636,Altenkirchen (Westerwald),Rheinland-Pfalz,50.698413,7.685127,260
010595949161,Sörup,,24966,Schleswig-Flensburg,Schleswig-Holstein,54.717901,9.668561,4060
034520023023,Südbrookmerland,,26624,Aurich,Niedersachsen,53.490698,7.357547,18368
160640074074,Südeichsfeld,,99988,Unstrut-Hainich-Kreis,Thüringen,51.164473,10.321027,6419
010615153104,Süderau,,25361,Steinburg,Schleswig-Holstein,53.821612,9.512541,726
010595974083,Süderbrarup,,24392,Schleswig-Flensburg,Schleswig-Holstein,54.635615,9.77543,5255
010515178109,Süderdeich,,25764,Dithmarschen,Schleswig-Holstein,54.201711,8.91131,427
010515169139,Süderdorf,,25782,Dithmarschen,Schleswig-Holstein,54.220732,9.343678,371
010545488129,Süderende,,25938,Nordfriesland,Schleswig-Holstein,54.725601,8.439339,175
010595987084,Süderfahrenstedt,,24890,Schleswig-Flensburg,Schleswig-Holstein,54.585386,9.584252,476
033555404035,Südergellersen,,21394,Lüneburg,Niedersachsen,53.20854,10.296816,1551
010595912169,Süderhackstedt,,24852,Schleswig-Flensburg,Schleswig-Holstein,54.592309,9.289498,346
010515163110,Süderhastedt,,25727,Dithmarschen,Schleswig-Holstein,54.04991,9.20886,791
010515169141,Süderheistedt,,25779,Dithmarschen,Schleswig-Holstein,54.23483,9.148463,544
130730089089,Süderholz,,18516,Vorpommern-Rügen,Mecklenburg-Vorpommern,54.056054,13.119186,3911
010545492130,Süderhöft,,25876,Nordfriesland,Schleswig-Holstein,54.381912,9.2423,18
010545489131,Süderlügum,,25923,Nordfriesland,Schleswig-Holstein,54.872427,8.907944,2308
010545492132,Südermarsch,,25813,Nordfriesland,Schleswig-Holstein,54.425929,9.08199,145
150870412412,Südharz,,06536,Mansfeld-Südharz,Sachsen-Anhalt,51.463166,11.077138,8829
033510026026,Südheide,,29320,Celle,Niedersachsen,52.83142,10.089991,11182
150820377377,Südliches Anhalt,Stadt,06369,Anhalt-Bitterfeld,Sachsen-Anhalt,51.672095,12.072808,12857
055540060060,Südlohn,,46354,Borken,Nordrhein-Westfalen,51.944322,6.865981,9861
130715159176,Südmüritz,,17207,Mecklenburgische Seenplatte,Mecklenburg-Vorpommern,53.378734,12.66452,757
010605034085,Sülfeld,,23867,Segeberg,Schleswig-Holstein,53.799571,10.231794,3338
072325008125,Sülm,,54636,Eifelkreis Bitburg-Prüm,Rheinland-Pfalz,49.921198,6.57467,407
130765659134,Sülstorf,,19077,Ludwigslust-Parchim,Mecklenburg-Vorpommern,53.510773,11.378026,819
150830490490,Sülzetal,,39171,Börde,Sachsen-Anhalt,52.040472,11.578621,8577
093755338201,Sünching,,93104,Regensburg,Bayern,48.880208,12.353695,2249
031545403021,Süpplingen,,38373,Helmstedt,Niedersachsen,52.227235,10.905049,1695
031545403022,Süpplingenburg,,38376,Helmstedt,Niedersachsen,52.250906,10.908192,642
010550041041,Süsel,,23701,Ostholstein,Schleswig-Holstein,54.076679,10.717998,4978
081175006049,Süßen,Stadt,73079,Göppingen,Baden-Württemberg,48.680177,9.757236,10185
010595987086,Taarstedt,,24893,Schleswig-Flensburg,Schleswig-Holstein,54.567229,9.688728,920
072355008131,Taben-Rodt,,54441,Trier-Saarburg,Rheinland-Pfalz,49.546414,6.592764,784
091890149149,Tacherting,,83342,Traunstein,Bayern,48.078082,12.56919,5643
091895173150,Taching a.See,,83373,Traunstein,Bayern,47.96139,12.724982,2087
010585895158,Tackesdorf,,25585,Rendsburg-Eckernförde,Schleswig-Holstein,54.173288,9.486794,76
097795724217,Tagmersheim,,86704,Donau-Ries,Bayern,48.824459,10.974232,1070
081255005094,Talheim,,74388,Heilbronn,Baden-Württemberg,49.083283,9.193502,5074
083275005048,Talheim,,78607,Tuttlingen,Baden-Württemberg,48.01059,8.662077,1334
010535313125,Talkau,,21493,Herzogtum Lauenburg,Schleswig-Holstein,53.576852,10.568741,557
072315006122,Talling,,54426,Bernkastel-Wittlich,Rheinland-Pfalz,49.760594,6.953337,245
160670065065,Tambach-Dietharz/Thür. Wald,Stadt,99897,Gotha,Thüringen,50.792126,10.608225,4474
081185002071,Tamm,Stadt,71732,Ludwigsburg,Baden-Württemberg,48.920183,9.117204,12305
150900546546,Tangerhütte,Stadt,39517,Stendal,Sachsen-Anhalt,52.434524,11.808341,10108
150900550550,Tangermünde,Stadt,39590,Stendal,Sachsen-Anhalt,52.549088,11.973666,10212
010565687047,Tangstedt,,25499,Pinneberg,Schleswig-Holstein,53.679272,9.850154,2299
010620076076,Tangstedt,,22889,Stormarn,Schleswig-Holstein,53.73311,10.086868,6471
092775243148,Tann,M,84367,Rottal-Inn,Bayern,48.314918,12.893682,3813
066310023023,Tann (Rhön),Stadt,36142,Fulda,Hessen,50.643742,10.023386,4492
160750132132,Tanna,Stadt,07922,Saale-Orla-Kreis,Thüringen,50.493599,11.856569,3304
145215110610,Tannenberg,,09468,Erzgebirgskreis,Sachsen,50.604862,12.950266,1018
081365009071,Tannhausen,,73497,Ostalbkreis,Baden-Württemberg,48.978945,10.357201,1809
084265008117,Tannheim,,88459,Biberach,Baden-Württemberg,48.000036,10.081648,2533
120735304565,Tantow,,16307,Uckermark,Brandenburg,53.271276,14.352565,791
097790218218,Tapfheim,,86660,Donau-Ries,Bayern,48.671087,10.679235,4142
031515401030,Tappenbeck,,38479,Gifhorn,Niedersachsen,52.47459,10.74338,1602
010585895159,Tappendorf,,24594,Rendsburg-Eckernförde,Schleswig-Holstein,54.104212,9.693517,333
010605024086,Tarbek,,24619,Segeberg,Schleswig-Holstein,54.056293,10.268198,168
033575407047,Tarmstedt,,27412,Rotenburg (Wümme),Niedersachsen,53.22678,9.079241,4066
130725252104,Tarnow,,18249,Landkreis Rostock,Mecklenburg-Vorpommern,53.778729,12.017723,1092
010595940171,Tarp,,24963,Schleswig-Flensburg,Schleswig-Holstein,54.664107,9.403428,5890
010575785083,Tasdorf,,24536,Plön,Schleswig-Holstein,54.09572,10.031477,366
160615001094,Tastungen,,37339,Eichsfeld,Thüringen,51.467902,10.31093,246
010545417134,Tating,,25881,Nordfriesland,Schleswig-Holstein,54.325497,8.708512,965
081285004115,Tauberbischofsheim,Stadt,97941,Main-Tauber-Kreis,Baden-Württemberg,49.622047,9.662778,13445
096795654192,Tauberrettersheim,,97285,Würzburg,Bayern,49.49422,9.935868,808
147300300300,Taucha,Stadt,04425,Nordsachsen,Sachsen,51.38173,12.501717,15866
120670493493,Tauche,,15848,Oder-Spree,Brandenburg,52.153119,14.160976,3691
120715107384,Tauer/Turjej,,03185,Spree-Neiße,Brandenburg,51.896992,14.455995,682
091835148145,Taufkirchen,,84574,Mühldorf a.Inn,Bayern,48.149216,12.456733,1389
091840145145,Taufkirchen,,82024,München,Bayern,48.042092,11.622057,18140
091770139139,Taufkirchen (Vils),,84416,Erding,Bayern,48.346437,12.131513,10652
064390015015,Taunusstein,Stadt,65232,Rheingau-Taunus-Kreis,Hessen,50.143382,8.159175,30145
145225102550,Taura,,09249,Mittelsachsen,Sachsen,50.918303,12.840631,2285
160745015096,Tautenburg,,07778,Saale-Holzland-Kreis,Thüringen,50.991598,11.71561,276
160745007097,Tautendorf,,07646,Saale-Holzland-Kreis,Thüringen,50.823869,11.892551,140
160745053098,Tautenhain,,07639,Saale-Holzland-Kreis,Thüringen,50.923485,11.916557,910
072355003132,Tawern,,54456,Trier-Saarburg,Rheinland-Pfalz,49.673328,6.516142,2653
010585896160,Techelsdorf,,24220,Rendsburg-Eckernförde,Schleswig-Holstein,54.214207,10.047182,144
130765656135,Techentin,,19399,Ludwigslust-Parchim,Mecklenburg-Vorpommern,53.587766,11.986955,658
055660088088,Tecklenburg,Stadt,49545,Steinfurt,Nordrhein-Westfalen,52.219392,7.814244,9098
160755004109,Tegau,,07907,Saale-Orla-Kreis,Thüringen,50.648816,11.863203,387
093750204204,Tegernheim,,93105,Regensburg,Bayern,49.024782,12.172571,5570
091820132132,Tegernsee,St,83684,Miesbach,Bayern,47.70869,11.757111,3567
120715107386,Teichland/Gatojce,,03185,Spree-Neiße,Brandenburg,51.823951,14.403796,1061
160765004074,Teichwitz,,07570,Greiz,Thüringen,50.75723,12.08477,97
091720134134,Teisendorf,M,83315,Berchtesgadener Land,Bayern,47.849858,12.820465,9267
091710131131,Teising,,84576,Altötting,Bayern,48.22698,12.609927,1713
092760143143,Teisnach,M,94244,Regen,Bayern,49.040245,12.991572,3000
160615001114,Teistungen,,37339,Eichsfeld,Thüringen,51.470268,10.262924,2457
130765652136,Teldau,,19273,Ludwigslust-Parchim,Mecklenburg-Vorpommern,53.330132,10.802537,657
055700044044,Telgte,Stadt,48291,Warendorf,Nordrhein-Westfalen,51.983637,7.784719,20069
071355005081,Tellig,,56858,Cochem-Zell,Rheinland-Pfalz,50.025057,7.252778,306
010515169114,Tellingstedt,,25782,Dithmarschen,Schleswig-Holstein,54.219944,9.2822,2742
120690616616,Teltow,Stadt,14513,Potsdam-Mittelmark,Brandenburg,52.400559,13.268496,27682
072355003133,Temmels,,54441,Trier-Saarburg,Rheinland-Pfalz,49.690213,6.463247,767
120735305569,Temmen-Ringenwalde,,17268,Uckermark,Brandenburg,53.05712,13.714647,486
120685807425,Temnitzquell,,16818,Ostprignitz-Ruppin,Brandenburg,53.013421,12.645607,756
120685807426,Temnitztal,,16845,Ostprignitz-Ruppin,Brandenburg,52.877321,12.629868,1465
120730572572,Templin,Stadt,17268,Uckermark,Brandenburg,53.120644,13.499106,15590
083350080080,Tengen,Stadt,78250,Konstanz,Baden-Württemberg,47.821272,8.661028,4818
083165003043,Teningen,,79331,Emmendingen,Baden-Württemberg,48.126973,7.810263,11884
010515175138,Tensbüttel-Röst,,25767,Dithmarschen,Schleswig-Holstein,54.105741,9.228605,651
010605024087,Tensfeld,,23824,Segeberg,Schleswig-Holstein,54.042171,10.320723,742
073335007077,Teschenmoschel,,67806,Donnersbergkreis,Rheinland-Pfalz,49.631036,7.732266,120
033535401033,Tespe,,21395,Harburg,Niedersachsen,53.39609,10.413989,4840
130725262105,Tessin,Blumenstadt,18195,Landkreis Rostock,Mecklenburg-Vorpommern,54.028715,12.463737,4139
130765652138,Tessin b. Boizenburg,,19258,Ludwigslust-Parchim,Mecklenburg-Vorpommern,53.397636,10.853129,364
130745453077,Testorf-Steinfort,,23936,Nordwestmecklenburg,Mecklenburg-Vorpommern,53.777427,11.269001,636
010545417135,Tetenbüll,,25882,Nordfriesland,Schleswig-Holstein,54.352013,8.828234,591
010595996087,Tetenhusen,,24817,Schleswig-Flensburg,Schleswig-Holstein,54.349121,9.494238,936
130720106106,Teterow,Bergringstadt,17166,Landkreis Rostock,Mecklenburg-Vorpommern,53.773591,12.575889,8186
094760179179,Tettau,M,96355,Kronach,Bayern,50.468292,11.258933,1902
120665606316,Tettau,,01945,Oberspreewald-Lausitz,Brandenburg,51.432007,13.727191,750
092750149149,Tettenweis,,94167,Passau,Bayern,48.443061,13.272011,1866
084355006057,Tettnang,Stadt,88069,Bodenseekreis,Baden-Württemberg,47.671477,9.589453,20520
093760170170,Teublitz,St,93158,Schwandorf,Bayern,49.220722,12.08483,8060
150840490490,Teuchern,Stadt,06682,Burgenlandkreis,Sachsen-Anhalt,51.118406,12.022043,7712
092735216175,Teugn,,93356,Kelheim,Bayern,48.893211,12.012397,1731
093765339171,Teunz,,92552,Schwandorf,Bayern,49.480754,12.384315,1851
120615108492,Teupitz,Stadt,15755,Dahme-Spreewald,Brandenburg,52.136218,13.610567,1902
094765433180,Teuschnitz,St,96358,Kronach,Bayern,50.398424,11.381023,1847
150880365365,Teutschenthal,,06179,Saalekreis,Sachsen-Anhalt,51.450216,11.808664,13038
010585895161,Thaden,,25557,Rendsburg-Eckernförde,Schleswig-Holstein,54.103294,9.422414,249
091815142142,Thaining,,86943,Landsberg am Lech,Bayern,47.972473,10.959694,1098
150850330330,Thale,Stadt,06502,Harz,Sachsen-Anhalt,51.751304,11.037792,16788
073405009051,Thaleischweiler-Fröschen,,66987,Südwestpfalz,Rheinland-Pfalz,49.262312,7.580288,2718
072315006123,Thalfang,,54424,Bernkastel-Wittlich,Rheinland-Pfalz,49.754526,6.995564,1895
071385009072,Thalhausen,,56584,Neuwied,Rheinland-Pfalz,50.502913,7.582813,767
145210620620,Thalheim/Erzgeb.,Stadt,09380,Erzgebirgskreis,Sachsen,50.701048,12.849866,5956
073365010097,Thallichtenberg,,66871,Kusel,Rheinland-Pfalz,49.558013,7.351221,528
147290380380,Thallwitz,,04808,Leipzig,Sachsen,51.432758,12.681523,3516
093750205205,Thalmassing,,93107,Regensburg,Bayern,48.912399,12.155578,3581
095760148148,Thalmässing,M,91177,Roth,Bayern,49.087489,11.218105,5264
130745458078,Thandorf,,19217,Nordwestmecklenburg,Mecklenburg-Vorpommern,53.760675,10.826126,186
097745732185,Thannhausen,St,86470,Günzburg,Bayern,48.282534,10.470124,6406
093765345172,Thanstein,,92554,Schwandorf,Bayern,49.378731,12.467758,960
146285240400,Tharandt,Stadt,01737,Sächsische Schweiz-Osterzgebirge,Sachsen,50.98597,13.580901,5170
033615401013,Thedinghausen,,27321,Verden,Niedersachsen,52.961967,9.02069,8092
095775532172,Theilenhofen,,91741,Weißenburg-Gunzenhausen,Bayern,49.083211,10.852464,1120
096790193193,Theilheim,,97288,Würzburg,Bayern,49.753886,10.030428,2310
073365010098,Theisbergstegen,,66871,Kusel,Rheinland-Pfalz,49.518188,7.449974,675
093745323160,Theisseil,,92637,Neustadt a.d.Waldnaab,Bayern,49.691676,12.226711,1198
130725262107,Thelkow,,18195,Landkreis Rostock,Mecklenburg-Vorpommern,54.039334,12.559617,489
160695002051,Themar,Stadt,98660,Hildburghausen,Thüringen,50.504554,10.617339,2664
096745613180,Theres,,97531,Haßberge,Bayern,50.019983,10.447021,2710
145210630630,Thermalbad Wiesenbad,,09488,Erzgebirgskreis,Sachsen,50.611884,13.019326,3103
145235402410,Theuma,,08541,Vogtlandkreis,Sachsen,50.471616,12.220922,953
146270290290,Thiendorf,,01561,Meißen,Sachsen,51.293098,13.741189,3661
097720207207,Thierhaupten,M,86672,Augsburg,Bayern,48.566043,10.907739,4100
160745015099,Thierschneck,,07774,Saale-Holzland-Kreis,Thüringen,51.032861,11.760133,99
094795442158,Thiersheim,M,95707,Wunsiedel i.Fichtelgebirge,Bayern,50.075961,12.128961,1723
094795442159,Thierstein,M,95199,Wunsiedel i.Fichtelgebirge,Bayern,50.105743,12.102803,1032
100460118118,Tholey,,66636,St. Wendel,Saarland,49.483965,7.037625,12358
033555406036,Thomasburg,,21401,Lüneburg,Niedersachsen,53.232111,10.657813,1307
072355004135,Thomm,,54317,Trier-Saarburg,Rheinland-Pfalz,49.742679,6.806222,1038
160775009047,Thonhausen,,04626,Altenburger Land,Thüringen,50.831612,12.323861,507
034545402053,Thuine,,49832,Emsland,Niedersachsen,52.498887,7.489624,1753
130725253108,Thulendorf,,18184,Landkreis Rostock,Mecklenburg-Vorpommern,54.094992,12.301936,658
145210640640,Thum,Stadt,09419,Erzgebirgskreis,Sachsen,50.670506,12.951245,4695
010585893162,Thumby,,24351,Rendsburg-Eckernförde,Schleswig-Holstein,54.585574,9.910273,371
096725609157,Thundorf i.UFr.,,97711,Bad Kissingen,Bayern,50.200112,10.319093,984
092725213150,Thurmansbang,,94169,Freyung-Grafenau,Bayern,48.765029,13.316354,2570
094770157157,Thurnau,M,95349,Kulmbach,Bayern,50.025545,11.392859,4053
092750150150,Thyrnau,,94136,Passau,Bayern,48.61547,13.537927,4150
071405009149,Thörlingen,,56291,Rhein-Hunsrück-Kreis,Rheinland-Pfalz,50.134748,7.531302,138
072355006134,Thörnich,,54340,Trier-Saarburg,Rheinland-Pfalz,49.834065,6.838668,223
096775625189,Thüngen,M,97289,Main-Spessart,Bayern,49.941657,9.857816,1326
096790194194,Thüngersheim,,97291,Würzburg,Bayern,49.878637,9.84164,2649
071375004101,Thür,,56743,Mayen-Koblenz,Rheinland-Pfalz,50.35696,7.276448,1560
130725258109,Thürkow,,17168,Landkreis Rostock,Mecklenburg-Vorpommern,53.82384,12.566884,374
031515402031,Tiddische,,38473,Gifhorn,Niedersachsen,52.516745,10.80446,1235
071405008150,Tiefenbach,,55471,Rhein-Hunsrück-Kreis,Rheinland-Pfalz,49.935869,7.540052,774
084265001118,Tiefenbach,,88422,Biberach,Baden-Württemberg,48.089033,9.6525,546
092740182182,Tiefenbach,,84184,Landshut,Bayern,48.501093,12.100833,3962
092750151151,Tiefenbach,,94113,Passau,Bayern,48.626472,13.400048,6650
093725308163,Tiefenbach,,93464,Cham,Bayern,49.437902,12.583234,1871
082365007062,Tiefenbronn,,75233,Enzkreis,Baden-Württemberg,48.824167,8.800599,5315
071335001104,Tiefenthal,,55546,Bad Kreuznach,Rheinland-Pfalz,49.75997,7.906254,135
073325007044,Tiefenthal,,67311,Bad Dürkheim,Rheinland-Pfalz,49.539877,8.105347,860
010595996088,Tielen,,24803,Schleswig-Flensburg,Schleswig-Holstein,54.285643,9.334919,298
010515169117,Tielenhemme,,25794,Dithmarschen,Schleswig-Holstein,54.27746,9.398414,153
010585864163,Timmaspe,,24644,Rendsburg-Eckernförde,Schleswig-Holstein,54.140849,9.890944,1132
010550042042,Timmendorfer Strand,,23669,Ostholstein,Schleswig-Holstein,53.99638,10.770247,8320
010545489136,Tinningstedt,,25917,Nordfriesland,Schleswig-Holstein,54.811247,8.929787,235
145235402420,Tirpersdorf,,08606,Vogtlandkreis,Sachsen,50.434717,12.25539,1342
093770154154,Tirschenreuth,St,95643,Tirschenreuth,Bayern,49.878232,12.33646,8516
160745007101,Tissa,,07646,Saale-Holzland-Kreis,Thüringen,50.846792,11.747761,140
033575405048,Tiste,,27419,Rotenburg (Wümme),Niedersachsen,53.286106,9.53299,918
083155017113,Titisee-Neustadt,Stadt,79822,Breisgau-Hochschwarzwald,Baden-Württemberg,47.916511,8.208431,12797
091760164164,Titting,M,85135,Eichstätt,Bayern,48.997618,11.212034,2718
092755229152,Tittling,M,94104,Passau,Bayern,48.728067,13.38048,4197
091890152152,Tittmoning,St,84529,Traunstein,Bayern,48.060438,12.768954,5826
053580056056,Titz,,52445,Düren,Nordrhein-Westfalen,51.005518,6.427013,9052
130765658169,Toddin,,19230,Ludwigslust-Parchim,Mecklenburg-Vorpommern,53.418596,11.136422,885
010585895164,Todenbüttel,,24819,Rendsburg-Eckernförde,Schleswig-Holstein,54.129824,9.555715,1066
010625218078,Todendorf,,22965,Stormarn,Schleswig-Holstein,53.694794,10.348958,1237
071405004151,Todenroth,,55481,Rhein-Hunsrück-Kreis,Rheinland-Pfalz,49.976209,7.354531,88
010605053088,Todesfelde,,23826,Segeberg,Schleswig-Holstein,53.891939,10.176082,1071
097715701169,Todtenweis,,86447,Aichach-Friedberg,Bayern,48.516117,10.930284,1460
083375006108,Todtmoos,,79682,Waldshut,Baden-Württemberg,47.739405,8.000825,1938
083360087087,Todtnau,Stadt,79674,Lörrach,Baden-Württemberg,47.82939,7.947591,4960
010595987090,Tolk,,24894,Schleswig-Flensburg,Schleswig-Holstein,54.578772,9.639368,1051
160675012067,Tonna,,99958,Gotha,Thüringen,51.091229,10.731485,2769
160715007087,Tonndorf,,99438,Weimarer Land,Thüringen,50.888011,11.202251,641
160655002074,Topfstedt,,99718,Kyffhäuserkreis,Thüringen,51.247506,10.965178,534
033535405034,Toppenstedt,,21442,Harburg,Niedersachsen,53.26341,10.10969,2229
147305311310,Torgau,Stadt,04860,Nordsachsen,Sachsen,51.558563,13.004299,19992
130755559131,Torgelow,Stadt,17358,Vorpommern-Greifswald,Mecklenburg-Vorpommern,53.629276,14.010799,8899
130715160144,Torgelow am See,,17192,Mecklenburgische Seenplatte,Mecklenburg-Vorpommern,53.557544,12.77337,410
010560048048,Tornesch,Stadt,25436,Pinneberg,Schleswig-Holstein,53.697658,9.711965,14588
033535406035,Tostedt,,21255,Harburg,Niedersachsen,53.28106,9.712322,14341
033555403037,Tosterglope,,21371,Lüneburg,Niedersachsen,53.208648,10.82076,598
160645001062,Tottleben,,99947,Unstrut-Hainich-Kreis,Thüringen,51.164943,10.753213,139
072315009124,Traben-Trarbach,Stadt,56841,Bernkastel-Wittlich,Rheinland-Pfalz,49.951356,7.116738,5421
093745324148,Trabitz,,92724,Neustadt a.d.Waldnaab,Bayern,49.800355,11.896308,1356
092735218177,Train,,93358,Kelheim,Bayern,48.730349,11.830179,1957
071335006105,Traisen,,55595,Bad Kreuznach,Rheinland-Pfalz,49.821321,7.818329,621
093720164164,Traitsching,,93455,Cham,Bayern,49.15286,12.645384,4237
010535318126,Tramm,,21516,Herzogtum Lauenburg,Schleswig-Holstein,53.56324,10.614693,343
130765668140,Tramm,,19089,Ludwigslust-Parchim,Mecklenburg-Vorpommern,53.521072,11.642541,822
010605024089,Trappenkamp,,24610,Segeberg,Schleswig-Holstein,54.041764,10.22097,5073
096735634174,Trappstadt,M,97633,Rhön-Grabfeld,Bayern,50.319828,10.570697,881
072355008136,Trassem,,54441,Trier-Saarburg,Rheinland-Pfalz,49.575777,6.524181,1121
130755561133,Trassenheide,Ostseebad,17449,Vorpommern-Greifswald,Mecklenburg-Vorpommern,54.086968,13.862318,760
091890154154,Traunreut,St,83294,Traunstein,Bayern,47.961596,12.593399,20379
091890155155,Traunstein,GKSt,83278,Traunstein,Bayern,47.868787,12.647604,20877
093765343173,Trausnitz,,92555,Schwandorf,Bayern,49.52197,12.265111,897
095755525166,Trautskirchen,,90619,Neustadt a.d.Aisch-Bad Windsheim,Bayern,49.457658,10.590874,1296
010625207092,Travenbrück,,23843,Stormarn,Schleswig-Holstein,53.838249,10.298051,1808
010605086090,Travenhorst,,23827,Segeberg,Schleswig-Holstein,54.019011,10.452703,184
010605086091,Traventhal,,23795,Segeberg,Schleswig-Holstein,53.895331,10.317731,519
120720426426,Trebbin,Stadt,14959,Teltow-Fläming,Brandenburg,52.21445,13.212539,9700
033545407023,Trebel,,29494,Lüchow-Dannenberg,Niedersachsen,52.995463,11.318234,927
160775004048,Treben,,04617,Altenburger Land,Thüringen,51.053191,12.453082,1114
146265237560,Trebendorf / Trjebin,,02959,Görlitz,Sachsen,51.52671,14.56065,698
094775439158,Trebgast,,95367,Kulmbach,Bayern,50.068368,11.551244,1501
160655002075,Trebra,,99718,Kyffhäuserkreis,Thüringen,51.283107,10.976134,283
147290400400,Trebsen/Mulde,Stadt,04687,Leipzig,Sachsen,51.289139,12.754884,3744
064330014014,Trebur,,65468,Groß-Gerau,Hessen,49.926683,8.404983,12799
073395001058,Trechtingshausen,,55413,Mainz-Bingen,Rheinland-Pfalz,50.010655,7.847667,964
093725308165,Treffelstein,,93492,Cham,Bayern,49.422201,12.615455,979
160630076076,Treffurt,Stadt,99830,Wartburgkreis,Thüringen,51.137051,10.230207,5772
010595993092,Treia,,24896,Schleswig-Flensburg,Schleswig-Holstein,54.514332,9.313787,1619
071355001082,Treis-Karden,,56253,Cochem-Zell,Rheinland-Pfalz,50.174074,7.302777,2120
010625218081,Tremsbüttel,,22967,Stormarn,Schleswig-Holstein,53.742856,10.310209,1904
066330025025,Trendelburg,Stadt,34388,Kassel,Hessen,51.575491,9.430291,4755
010515166118,Trennewurth,,25693,Dithmarschen,Schleswig-Holstein,54.000236,9.025792,234
130735362092,Trent,,18569,Vorpommern-Rügen,Mecklenburg-Vorpommern,54.522126,13.255514,631
120645406480,Treplin,,15236,Märkisch-Oderland,Brandenburg,52.397056,14.395128,343
095770173173,Treuchtlingen,St,91757,Weißenburg-Gunzenhausen,Bayern,48.9582,10.905634,13159
145235134430,Treuen,Stadt,08233,Vogtlandkreis,Sachsen,50.54268,12.307471,7597
120690632632,Treuenbrietzen,Stadt,14929,Potsdam-Mittelmark,Brandenburg,52.094645,12.870622,7539
083265003060,Triberg im Schwarzwald,Stadt,78098,Schwarzwald-Baar-Kreis,Baden-Württemberg,48.128904,8.231158,4580
130735360093,Tribsees,Stadt,18465,Vorpommern-Rügen,Mecklenburg-Vorpommern,54.094576,12.757553,2506
145235122440,Triebel/Vogtl.,,08606,Vogtlandkreis,Sachsen,50.371652,12.121778,1128
096770154154,Triefenstein,M,97855,Main-Spessart,Bayern,49.811476,9.602788,4289
072110000000,Trier,Stadt,54290,Trier,Rheinland-Pfalz,49.757603,6.638021,104342
071315001079,Trierscheid,,53520,Ahrweiler,Rheinland-Pfalz,50.351686,6.822133,77
072355007137,Trierweiler,,54311,Trier-Saarburg,Rheinland-Pfalz,49.761591,6.559574,3686
092770149149,Triftern,M,84371,Rottal-Inn,Bayern,48.394623,13.004804,5428
120705009393,Triglitz,,16949,Prignitz,Brandenburg,53.210928,12.101667,512
071375002102,Trimbs,,56753,Mayen-Koblenz,Rheinland-Pfalz,50.323107,7.299672,622
072325008126,Trimport,,54636,Eifelkreis Bitburg-Prüm,Rheinland-Pfalz,49.909694,6.577073,296
130735352094,Trinwillershagen,,18320,Vorpommern-Rügen,Mecklenburg-Vorpommern,54.249239,12.627245,1176
073355011047,Trippstadt,,67705,Kaiserslautern,Rheinland-Pfalz,49.356549,7.771394,2824
160755011116,Triptis,Stadt,07819,Saale-Orla-Kreis,Thüringen,50.7336,11.864612,3606
010625270082,Trittau,,22946,Stormarn,Schleswig-Holstein,53.609857,10.407017,9170
072355006207,Trittenheim,,54349,Trier-Saarburg,Rheinland-Pfalz,49.82398,6.900015,1075
084150073073,Trochtelfingen,Stadt,72818,Reutlingen,Baden-Württemberg,48.308771,9.246991,6264
160745007102,Trockenborn-Wolfersdorf,,07646,Saale-Holzland-Kreis,Thüringen,50.787487,11.708043,621
094755430182,Trogen,,95183,Hof,Bayern,50.364506,11.953831,1377
053820068068,Troisdorf,Stadt,53840,Rhein-Sieg-Kreis,Nordrhein-Westfalen,50.812544,7.162309,75901
130715157145,Trollenhagen,,17039,Mecklenburgische Seenplatte,Mecklenburg-Vorpommern,53.605947,13.290378,920
147305303320,Trossin,,04880,Nordsachsen,Sachsen,51.618371,12.824604,1200
083275005049,Trossingen,Stadt,78647,Tuttlingen,Baden-Württemberg,48.074438,8.632659,17489
091890157157,Trostberg,St,83308,Traunstein,Bayern,48.027285,12.557057,11337
073405003052,Trulben,,66957,Südwestpfalz,Rheinland-Pfalz,49.139863,7.54377,1118
097785765202,Trunkelsberg,,87779,Unterallgäu,Bayern,48.002901,10.21907,1739
120625202492,Tröbitz,,03253,Elbe-Elster,Brandenburg,51.596654,13.429498,627
160745007103,Tröbnitz,,07646,Saale-Holzland-Kreis,Thüringen,50.838457,11.727727,445
160675007068,Tröchtelborn,,99869,Gotha,Thüringen,50.992543,10.816951,297
010575727082,Tröndel,,24321,Plön,Schleswig-Holstein,54.335207,10.525459,360
094795444161,Tröstau,,95709,Wunsiedel i.Fichtelgebirge,Bayern,50.014059,11.951289,2084
094799459459,Tröstauer Forst-Ost,,,Wunsiedel i.Fichtelgebirge,Bayern,49.988901,11.996048,0
094799460460,Tröstauer Forst-West,,,Wunsiedel i.Fichtelgebirge,Bayern,50.008441,11.914061,0
120715102392,Tschernitz/Cersk,,03130,Spree-Neiße,Brandenburg,51.576022,14.614958,1142
094765433182,Tschirn,,96367,Kronach,Bayern,50.39682,11.450201,504
095735540129,Tuchenbach,,90587,Fürth,Bayern,49.530704,10.859901,1362
083365006089,Tunau,,79677,Lörrach,Baden-Württemberg,47.786246,7.923595,184
083265004061,Tuningen,,78609,Schwarzwald-Baar-Kreis,Baden-Württemberg,48.026202,8.602088,3292
091870179179,Tuntenhausen,,83104,Rosenheim,Bayern,47.935796,12.016415,7074
120715107401,Turnow-Preilack/Turnow-Pśiłuk,,03185,Spree-Neiße,Brandenburg,51.871553,14.38664,1094
097780204204,Tussenhausen,M,86874,Unterallgäu,Bayern,48.102383,10.561265,3056
130755554134,Tutow,,17129,Vorpommern-Greifswald,Mecklenburg-Vorpommern,53.918969,13.242592,984
083275006050,Tuttlingen,Stadt,78532,Tuttlingen,Baden-Württemberg,47.983725,8.818761,37109
091880141141,Tutzing,,82327,Starnberg,Bayern,47.911374,11.278249,9926
010595987097,Twedt,,24894,Schleswig-Flensburg,Schleswig-Holstein,54.597883,9.676062,475
034540054054,Twist,,49767,Emsland,Niedersachsen,52.635763,7.061567,9891
066350018018,Twistetal,,34477,Waldeck-Frankenberg,Hessen,51.337426,8.966408,4219
032510042042,Twistringen,Stadt,27239,Diepholz,Niedersachsen,52.799962,8.63877,13162
091715102134,Tyrlaching,,84558,Altötting,Bayern,48.061068,12.668425,1080
081365008070,Täferrot,,73527,Ostalbkreis,Baden-Württemberg,48.849433,9.83689,1008
093745330159,Tännesberg,M,92723,Neustadt a.d.Waldnaab,Bayern,49.530302,12.325484,1479
091710132132,Töging a.Inn,St,84513,Altötting,Bayern,48.254645,12.586743,9496
160755011114,Tömmelsdorf,,07819,Saale-Orla-Kreis,Thüringen,50.721938,11.861519,120
051660028028,Tönisvorst,Stadt,47918,Viersen,Nordrhein-Westfalen,51.320838,6.492628,29251
010540138138,Tönning,Stadt,25832,Nordfriesland,Schleswig-Holstein,54.31662,8.941868,4814
094755430181,Töpen,,95183,Hof,Bayern,50.389208,11.873361,990
084160041041,Tübingen,Universitätsstadt,72070,Tübingen,Baden-Württemberg,48.520863,9.054572,92322
031515402032,Tülau,,38474,Gifhorn,Niedersachsen,52.577302,10.877466,1497
010545417140,Tümlauer Koog,,25881,Nordfriesland,Schleswig-Holstein,54.348337,8.689757,98
091790149149,Türkenfeld,,82299,Fürstenfeldbruck,Bayern,48.108875,11.08557,3619
097785764203,Türkheim,M,86842,Unterallgäu,Bayern,48.05981,10.639923,7410
091710133133,Tüßling,M,84577,Altötting,Bayern,48.212289,12.601677,3270
010585824165,Tüttendorf,,24214,Rendsburg-Eckernförde,Schleswig-Holstein,54.392146,9.993457,1280
160675007071,Tüttleben,,99869,Gotha,Thüringen,50.945881,10.785645,771
130715163146,Tützpatz,,17091,Mecklenburgische Seenplatte,Mecklenburg-Vorpommern,53.72329,13.145769,547
082150084084,Ubstadt-Weiher,,76698,Karlsruhe,Baden-Württemberg,49.160402,8.631072,13178
032565408033,Uchte,Flecken,31600,Nienburg (Weser),Niedersachsen,52.499408,8.907246,4745
120735306578,Uckerfelde,,17291,Uckermark,Brandenburg,53.237783,13.983346,962
120730579579,Uckerland,,17337,Uckermark,Brandenburg,53.450803,13.804721,2412
073315006064,Udenheim,,55288,Alzey-Worms,Rheinland-Pfalz,49.864584,8.171921,1338
160615051119,Uder,,37318,Eichsfeld,Thüringen,51.362719,10.074281,6134
160685012055,Udestedt,,99198,Sömmerda,Thüringen,51.049374,11.128739,755
072335001074,Udler,,54552,Vulkaneifel,Rheinland-Pfalz,50.137865,6.876841,282
120625031500,Uebigau-Wahrenbrück,Stadt,04938,Elbe-Elster,Brandenburg,51.59403,13.299497,4905
130750136136,"Ueckermünde, Seebad",Stadt,17373,Vorpommern-Greifswald,Mecklenburg-Vorpommern,53.736513,14.046489,8768
051540056056,Uedem,,47589,Kleve,Nordrhein-Westfalen,51.667761,6.272327,8163
095755522167,Uehlfeld,M,91486,Neustadt a.d.Aisch-Bad Windsheim,Bayern,49.671251,10.722083,3125
031585407031,Uehrde,,38170,Wolfenbüttel,Niedersachsen,52.10011,10.766094,850
130765659141,Uelitz,,19077,Ludwigslust-Parchim,Mecklenburg-Vorpommern,53.475682,11.438695,482
010595987093,Uelsby,,24860,Schleswig-Flensburg,Schleswig-Holstein,54.63128,9.596649,403
034565404023,Uelsen,,49843,Grafschaft Bentheim,Niedersachsen,52.49633,6.885313,5909
073395007059,Uelversheim,,55278,Mainz-Bingen,Rheinland-Pfalz,49.808851,8.288784,1069
010545492141,Uelvesbüll,,25889,Nordfriesland,Schleswig-Holstein,54.415443,8.935322,288
033600025025,Uelzen,Hansestadt,29525,Uelzen,Niedersachsen,52.96495,10.560601,32821
072335004242,Uersfeld,,56767,Vulkaneifel,Rheinland-Pfalz,50.254112,7.010519,676
072335004243,Ueß,,56767,Vulkaneifel,Rheinland-Pfalz,50.253723,6.934962,59
010560049049,Uetersen,Stadt,25436,Pinneberg,Schleswig-Holstein,53.684196,9.662396,18827
096795649196,Uettingen,,97292,Würzburg,Bayern,49.795403,9.729739,1935
032410018018,Uetze,,31311,Region Hannover,Niedersachsen,52.463947,10.202538,20064
095755519168,Uffenheim,St,97215,Neustadt a.d.Aisch-Bad Windsheim,Bayern,49.544139,10.23417,6431
091800134134,Uffing a.Staffelsee,,82449,Garmisch-Partenkirchen,Bayern,47.714018,11.152405,3069
081175010051,Uhingen,Stadt,73066,Göppingen,Baden-Württemberg,48.70652,9.585162,14304
084355004066,Uhldingen-Mühlhofen,,88690,Bodenseekreis,Baden-Württemberg,47.735636,9.245612,8210
071405003153,Uhler,,56290,Rhein-Hunsrück-Kreis,Rheinland-Pfalz,50.088176,7.432447,358
160730109109,Uhlstädt-Kirchhasel,,07407,Saalfeld-Rudolstadt,Thüringen,50.742069,11.466516,5320
084210000000,Ulm,Universitätsstadt,89073,Ulm,Baden-Württemberg,48.398454,9.990402,129882
071355003083,Ulmen,Stadt,56766,Cochem-Zell,Rheinland-Pfalz,50.209372,6.979611,3432
073365010099,Ulmet,,66887,Kusel,Rheinland-Pfalz,49.58774,7.45624,671
065350018018,Ulrichstein,Stadt,35327,Vogelsbergkreis,Hessen,50.576648,9.192283,2728
010595974094,Ulsnis,,24897,Schleswig-Flensburg,Schleswig-Holstein,54.56921,9.747452,702
083155011115,Umkirch,,79224,Breisgau-Hochschwarzwald,Baden-Württemberg,48.032065,7.761774,5755
130735362095,Ummanz,,18569,Vorpommern-Rügen,Mecklenburg-Vorpommern,54.464901,13.181849,559
084265003120,Ummendorf,,88444,Biberach,Baden-Württemberg,48.062058,9.831026,4456
150835053505,Ummendorf,,39365,Börde,Sachsen-Anhalt,52.156434,11.181566,914
031515407033,Ummern,,29369,Gifhorn,Niedersachsen,52.591083,10.432493,1491
160695004052,Ummerstadt,Stadt,98663,Hildburghausen,Thüringen,50.259225,10.811126,455
160715008089,Umpferstedt,,99441,Weimarer Land,Thüringen,50.977021,11.412159,669
033535402036,Undeloh,,21274,Harburg,Niedersachsen,53.197429,9.975782,1019
073395007060,Undenheim,,55278,Mainz-Bingen,Rheinland-Pfalz,49.839818,8.218368,2906
097785765205,Ungerhausen,,87781,Unterallgäu,Bayern,48.005224,10.266633,1103
097789451451,Ungerhauser Wald,,,Unterallgäu,Bayern,48.003628,10.284101,0
071385007073,Unkel,Stadt,53572,Neuwied,Rheinland-Pfalz,50.59765,7.216955,5051
073335007078,Unkenbach,,67823,Donnersbergkreis,Rheinland-Pfalz,49.716572,7.744048,193
084265007121,Unlingen,,88527,Biberach,Baden-Württemberg,48.166683,9.522042,2411
059780036036,Unna,Stadt,59423,Unna,Nordrhein-Westfalen,51.534878,7.689932,58333
071435001300,Unnau,,57648,Westerwaldkreis,Rheinland-Pfalz,50.648743,7.907951,1969
096735638175,Unsleben,,97618,Rhön-Grabfeld,Bayern,50.377835,10.256482,955
160640076076,Unstrut-Hainich,,99991,Unstrut-Hainich-Kreis,Thüringen,51.146419,10.564286,6378
160640071071,Unstruttal,,99996,Unstrut-Hainich-Kreis,Thüringen,51.235472,10.455912,5993
091805135135,Unterammergau,,82497,Garmisch-Partenkirchen,Bayern,47.617131,11.028938,1727
160745011104,Unterbodnitz,,07646,Saale-Holzland-Kreis,Thüringen,50.821496,11.649042,193
160630078078,Unterbreizbach,,36414,Wartburgkreis,Thüringen,50.817165,9.979598,3261
091815138143,Unterdießen,,86944,Landsberg am Lech,Bayern,47.979931,10.829181,1522
092770151151,Unterdietfurt,,84339,Rottal-Inn,Bayern,48.387937,12.659526,2249
097785766207,Unteregg,,87782,Unterallgäu,Bayern,47.963267,10.466101,1395
081255008096,Untereisesheim,,74257,Heilbronn,Baden-Württemberg,49.210623,9.202008,4367
081165005068,Unterensingen,,72669,Esslingen,Baden-Württemberg,48.658098,9.356151,4933
095719451451,Unterer Wald,,,Ansbach,Bayern,49.138198,10.643294,0
091840147147,Unterföhring,,85774,München,Bayern,48.192162,11.640513,11866
092750153153,Untergriesbach,M,94107,Passau,Bayern,48.573458,13.668998,6033
081255012098,Untergruppenbach,,74199,Heilbronn,Baden-Württemberg,49.091469,9.276206,8670
091840148148,Unterhaching,,82008,München,Bayern,48.065859,11.617404,26507
073365008100,Unterjeckenbach,,67746,Kusel,Rheinland-Pfalz,49.664218,7.491518,65
083265004065,Unterkirnach,,78089,Schwarzwald-Baar-Kreis,Baden-Württemberg,48.078557,8.366416,2466
094745420168,Unterleinleiter,,91364,Forchheim,Bayern,49.822464,11.190906,1227
084255010123,Untermarchtal,,89617,Alb-Donau-Kreis,Baden-Württemberg,48.24096,9.612757,840
160665050076,Untermaßfeld,,98617,Schmalkalden-Meiningen,Thüringen,50.53108,10.414949,1220
097725711209,Untermeitingen,,86836,Augsburg,Bayern,48.160674,10.814241,7789
096740210210,Untermerzbach,,96190,Haßberge,Bayern,50.126535,10.856144,1617
081275001086,Untermünkheim,,74547,Schwäbisch Hall,Baden-Württemberg,49.152884,9.733211,3076
091715106135,Unterneukirchen,,84579,Altötting,Bayern,48.165342,12.618632,3506
096790201201,Unterpleichfeld,,97294,Würzburg,Bayern,49.868528,10.044621,3132
082355004073,Unterreichenbach,,75399,Calw,Baden-Württemberg,48.825928,8.708148,2409
091835146147,Unterreit,,83567,Mühldorf a.Inn,Bayern,48.119453,12.333662,1768
097759455455,Unterroggenburger Wald,,,Neu-Ulm,Bayern,48.263171,10.272677,0
097755741161,Unterroth,,89299,Neu-Ulm,Bayern,48.196151,10.169778,1061
091840149149,Unterschleißheim,St,85716,München,Bayern,48.277306,11.577905,28482
081365009075,Unterschneidheim,,73485,Ostalbkreis,Baden-Württemberg,48.942,10.365761,4975
095715509208,Unterschwaningen,,91743,Ansbach,Bayern,49.08256,10.617982,868
071435004077,Untershausen,,56412,Westerwaldkreis,Rheinland-Pfalz,50.400524,7.844629,515
094730170170,Untersiemau,,96253,Coburg,Bayern,50.194184,10.973392,4116
120615114510,Unterspreewald,,15910,Dahme-Spreewald,Brandenburg,52.108315,13.902915,735
084255010124,Unterstadion,,89619,Alb-Donau-Kreis,Baden-Württemberg,48.204552,9.690197,909
094775437159,Untersteinach,,95369,Kulmbach,Bayern,50.131913,11.528426,1751
097775755175,Unterthingau,M,87647,Ostallgäu,Bayern,47.771521,10.506239,2786
084255010125,Unterwachingen,,89597,Alb-Donau-Kreis,Baden-Württemberg,48.203784,9.643433,195
084365001077,Unterwaldhausen,,88379,Ravensburg,Baden-Württemberg,47.902083,9.469885,279
160735012094,Unterweißbach,,98744,Saalfeld-Rudolstadt,Thüringen,50.615485,11.166552,707
160730111111,Unterwellenborn,,07333,Saalfeld-Rudolstadt,Thüringen,50.658516,11.44187,8261
091890160160,Unterwössen,,83243,Traunstein,Bayern,47.737745,12.457864,3633
097775754176,Untrasried,,87496,Ostallgäu,Bayern,47.828095,10.379496,1683
071405004154,Unzenberg,,55483,Rhein-Hunsrück-Kreis,Rheinland-Pfalz,49.970402,7.434555,444
130745453079,Upahl,,23936,Nordwestmecklenburg,Mecklenburg-Vorpommern,53.822092,11.21396,1842
034525401024,Upgant-Schott,,26529,Aurich,Niedersachsen,53.511863,7.268523,3567
010545489142,Uphusum,,25923,Nordfriesland,Schleswig-Holstein,54.841901,8.849901,350
034570020020,Uplengen,,26670,Leer,Niedersachsen,53.305137,7.750133,11930
072325005128,Uppershausen,,54673,Eifelkreis Bitburg-Prüm,Rheinland-Pfalz,50.045985,6.318556,53
071385005074,Urbach,,56317,Neuwied,Rheinland-Pfalz,50.562798,7.586631,1466
081195002076,Urbach,,73660,Rems-Murr-Kreis,Baden-Württemberg,48.81022,9.576727,9277
160625053054,Urbach,,99765,Nordhausen,Thüringen,51.480778,10.90058,866
071375007224,Urbar,,56182,Mayen-Koblenz,Rheinland-Pfalz,50.380196,7.623946,3177
071405009155,Urbar,,55430,Rhein-Hunsrück-Kreis,Rheinland-Pfalz,50.130798,7.719432,681
160645001064,Urleben,,99955,Unstrut-Hainich-Kreis,Thüringen,51.153186,10.771215,369
071355002084,Urmersbach,,56761,Cochem-Zell,Rheinland-Pfalz,50.256494,7.132263,469
071375008225,Urmitz,,56220,Mayen-Koblenz,Rheinland-Pfalz,50.415808,7.519578,3373
097740116116,Ursberg,,86513,Günzburg,Bayern,48.265505,10.444326,3233
071355003085,Urschmitt,,56825,Cochem-Zell,Rheinland-Pfalz,50.11752,7.062437,208
093710154154,Ursensollen,,92289,Amberg-Sulzbach,Bayern,49.400601,11.756996,3809
096775621193,Urspringen,,97857,Main-Spessart,Bayern,49.901774,9.671973,1368
072325008129,Usch,,54655,Eifelkreis Bitburg-Prüm,Rheinland-Pfalz,50.105639,6.602256,52
130755562137,Usedom,Stadt,17406,Vorpommern-Greifswald,Mecklenburg-Vorpommern,53.874003,13.92045,1499
130715156147,Userin,,17237,Mecklenburgische Seenplatte,Mecklenburg-Vorpommern,53.340265,12.982267,660
064340011011,Usingen,Stadt,61250,Hochtaunuskreis,Hessen,50.333557,8.537436,15683
031550012012,Uslar,Stadt,37170,Northeim,Niedersachsen,51.659335,9.634227,13536
097725708211,Ustersbach,,86514,Augsburg,Bayern,48.31583,10.640653,1251
034625402016,Utarp,,26556,Wittmund,Niedersachsen,53.611076,7.483348,652
130745458080,Utecht,,19217,Nordwestmecklenburg,Mecklenburg-Vorpommern,53.767405,10.7696,390
160665014079,Utendorf,,98617,Schmalkalden-Meiningen,Thüringen,50.608034,10.439723,418
010545488143,Utersum,,25938,Nordfriesland,Schleswig-Holstein,54.714455,8.407243,404
072325005102,Utscheid,,54675,Eifelkreis Bitburg-Prüm,Rheinland-Pfalz,49.994583,6.354338,442
095725514158,Uttenreuth,,91080,Erlangen-Höchstadt,Bayern,49.596937,11.074167,4790
084265007124,Uttenweiler,,88524,Biberach,Baden-Württemberg,48.148751,9.61133,3751
091810144144,Utting am Ammersee,,86919,Landsberg am Lech,Bayern,48.02591,11.084411,4616
130715151148,Utzedel,,17111,Mecklenburgische Seenplatte,Mecklenburg-Vorpommern,53.856604,13.117717,419
083365006090,Utzenfeld,,79694,Lörrach,Baden-Württemberg,47.801761,7.916875,596
071405009156,Utzenhain,,56291,Rhein-Hunsrück-Kreis,Rheinland-Pfalz,50.131755,7.639618,109
072335001077,Utzerath,,54552,Vulkaneifel,Rheinland-Pfalz,50.22247,6.935374,172
010615168105,Vaale,,25594,Steinburg,Schleswig-Holstein,53.999755,9.379645,1249
010615168106,Vaalermoor,,25594,Steinburg,Schleswig-Holstein,53.978742,9.331482,122
160630082082,Vacha,Stadt,36404,Wartburgkreis,Thüringen,50.822993,10.023924,4891
160665014081,Vachdorf,,98617,Schmalkalden-Meiningen,Thüringen,50.525959,10.534369,740
091895166161,Vachendorf,,83377,Traunstein,Bayern,47.841566,12.606891,1755
031585407032,Vahlberg,,38170,Wolfenbüttel,Niedersachsen,52.13739,10.69808,661
032555408035,Vahlbruch,,37647,Holzminden,Niedersachsen,51.921521,9.341323,362
033575402049,Vahlde,,27389,Rotenburg (Wümme),Niedersachsen,53.184661,9.63205,687
081185008073,Vaihingen an der Enz,Stadt,71665,Ludwigsburg,Baden-Württemberg,48.933224,8.960417,28798
071375007226,Vallendar,Stadt,56179,Mayen-Koblenz,Rheinland-Pfalz,50.398186,7.622831,9062
091820133133,Valley,,83626,Miesbach,Bayern,47.888874,11.768215,3385
071355001086,Valwig,,56812,Cochem-Zell,Rheinland-Pfalz,50.143695,7.209373,436
034550026026,Varel,Stadt,26316,Friesland,Niedersachsen,53.394916,8.135174,24704
032515404043,Varrel,,27259,Diepholz,Niedersachsen,52.621233,8.730968,1371
033555406038,Vastorf,,21397,Lüneburg,Niedersachsen,53.197671,10.545982,824
091750132132,Vaterstetten,,85587,Ebersberg,Bayern,48.102498,11.777125,24981
031570007007,Vechelde,,38159,Peine,Niedersachsen,52.260798,10.373038,18138
034600009009,Vechta,Stadt,49377,Vechta,Niedersachsen,52.726848,8.284656,33728
130745452081,Veelböken,,19205,Nordwestmecklenburg,Mecklenburg-Vorpommern,53.74821,11.182889,657
160690053053,Veilsdorf,,98669,Hildburghausen,Thüringen,50.407716,10.809504,2667
095735517130,Veitsbronn,,90587,Fürth,Bayern,49.512235,10.884913,6312
096790202202,Veitshöchheim,,97209,Würzburg,Bayern,49.833205,9.87255,9671
071345005089,Veitsrodt,,55758,Birkenfeld,Rheinland-Pfalz,49.755281,7.300754,695
051580032032,Velbert,Stadt,42551,Mettmann,Nordrhein-Westfalen,51.340048,7.041629,82463
093730167167,Velburg,St,92355,Neumarkt i.d.OPf.,Bayern,49.231086,11.670239,5424
092745227183,Velden,M,84149,Landshut,Bayern,48.364968,12.25755,6491
095745527160,Velden,St,91235,Nürnberger Land,Bayern,49.613677,11.510901,1712
094729468468,Veldensteinerforst,,,Bayreuth,Bayern,49.687911,11.51342,0
072315001126,Veldenz,,54472,Bernkastel-Wittlich,Rheinland-Pfalz,49.889337,7.023266,947
055540064064,Velen,Stadt,46342,Borken,Nordrhein-Westfalen,51.894372,6.986506,12678
130735355096,Velgast,,18469,Vorpommern-Rügen,Mecklenburg-Vorpommern,54.273462,12.809087,1476
130765667142,Vellahn,,19260,Ludwigslust-Parchim,Mecklenburg-Vorpommern,53.401744,10.966499,2731
081275005089,Vellberg,Stadt,74541,Schwäbisch Hall,Baden-Württemberg,49.086487,9.880771,4747
066330026026,Vellmar,Stadt,34246,Kassel,Hessen,51.355424,9.478272,17663
031545404024,Velpke,,38458,Helmstedt,Niedersachsen,52.408394,10.934106,4934
120650332332,Velten,Stadt,16727,Oberhavel,Brandenburg,52.690363,13.178818,12727
031585406033,Veltheim (Ohe),,38173,Wolfenbüttel,Niedersachsen,52.218112,10.682838,975
073315006065,Vendersheim,,55578,Alzey-Worms,Rheinland-Pfalz,49.866596,8.066819,543
073375003077,Venningen,,67482,Südliche Weinstraße,Rheinland-Pfalz,49.281787,8.173749,893
130745451082,Ventschow,,19417,Nordwestmecklenburg,Mecklenburg-Vorpommern,53.785613,11.578071,735
130715151150,Verchen,,17111,Mecklenburgische Seenplatte,Mecklenburg-Vorpommern,53.850361,12.907737,384
033610012012,Verden (Aller),Stadt,27283,Verden,Niedersachsen,52.923403,9.231105,27121
084375001114,Veringenstadt,Stadt,72519,Sigmaringen,Baden-Württemberg,48.178302,9.214018,2149
057540044044,Verl,Stadt,33415,Gütersloh,Nordrhein-Westfalen,51.882118,8.508286,25762
057540048048,Versmold,Stadt,33775,Gütersloh,Nordrhein-Westfalen,52.040049,8.155495,21513
095725510159,Vestenbergsgreuth,M,91487,Erlangen-Höchstadt,Bayern,49.687248,10.650272,1586
120660320320,Vetschau/Spreewald / Wětošow/Błota,Stadt,03226,Oberspreewald-Lausitz,Brandenburg,51.783746,14.07382,7635
071385004075,Vettelschoß,,53560,Neuwied,Rheinland-Pfalz,50.61831,7.346548,3718
053580060060,Vettweiß,,52391,Düren,Nordrhein-Westfalen,50.739039,6.597458,9903
092760144144,Viechtach,St,94234,Regen,Bayern,49.081812,12.884245,8361
130765654143,Vielank,,19303,Ludwigslust-Parchim,Mecklenburg-Vorpommern,53.234587,11.140507,1271
071435007078,Vielbach,,56244,Westerwaldkreis,Rheinland-Pfalz,50.509285,7.773307,574
120685804437,Vielitzsee,,16835,Ostprignitz-Ruppin,Brandenburg,52.932593,13.014725,462
033575405050,Vierden,,27419,Rotenburg (Wümme),Niedersachsen,53.329175,9.506093,770
130755560138,Viereck,,17309,Vorpommern-Greifswald,Mecklenburg-Vorpommern,53.550435,14.041202,903
094710207207,Viereth-Trunstadt,,96191,Bamberg,Bayern,49.923273,10.777165,3625
072355008140,Vierherrenborn,,54314,Trier-Saarburg,Rheinland-Pfalz,49.605199,6.652966,183
033535405037,Vierhöfen,,21444,Harburg,Niedersachsen,53.261045,10.221535,924
091740150150,Vierkirchen,,85256,Dachau,Bayern,48.364533,11.459701,4654
146265232570,Vierkirchen,,02894,Görlitz,Sachsen,51.18885,14.744264,1607
120645412482,Vierlinden,,15306,Märkisch-Oderland,Brandenburg,52.522048,14.27109,1442
064310020020,Viernheim,Stadt,68519,Bergstraße,Hessen,49.537068,8.581954,34426
051660032032,Viersen,Stadt,41747,Viersen,Nordrhein-Westfalen,51.25896,6.388284,78373
091815142133,Vilgertshofen,,86946,Landsberg am Lech,Bayern,47.951279,10.918058,2788
097735718179,Villenbach,,86637,Dillingen a.d.Donau,Bayern,48.509484,10.615175,1295
083265004074,Villingen-Schwenningen,Stadt,78050,Schwarzwald-Baar-Kreis,Baden-Württemberg,48.058255,8.459649,89756
083255007060,Villingendorf,,78667,Rottweil,Baden-Württemberg,48.202342,8.590079,3377
065330015015,Villmar,Marktflecken,65606,Limburg-Weilburg,Hessen,50.390548,8.190289,6622
092740184184,Vilsbiburg,St,84137,Landshut,Bayern,48.451397,12.357548,12237
093710156156,Vilseck,St,92249,Amberg-Sulzbach,Bayern,49.611105,11.805301,6382
092740185185,Vilsheim,,84186,Landshut,Bayern,48.447565,12.105624,2729
092750154154,Vilshofen an der Donau,St,94474,Passau,Bayern,48.634144,13.184559,18084
073405003053,Vinningen,,66957,Südwestpfalz,Rheinland-Pfalz,49.155475,7.552777,1714
071375003105,Virneburg,,56729,Mayen-Koblenz,Rheinland-Pfalz,50.342318,7.078248,381
034600010010,Visbek,,49429,Vechta,Niedersachsen,52.836739,8.312532,9735
033570051051,Visselhövede,Stadt,27374,Rotenburg (Wümme),Niedersachsen,52.985561,9.580361,9458
010545453144,Viöl,,25884,Nordfriesland,Schleswig-Holstein,54.568875,9.180557,2356
057580036036,Vlotho,Stadt,32602,Herford,Nordrhein-Westfalen,52.165489,8.860068,18335
051700044044,Voerde (Niederrhein),Stadt,46562,Wesel,Nordrhein-Westfalen,51.595497,6.684584,35661
120675701508,Vogelsang,,15890,Oder-Spree,Brandenburg,52.181972,14.663918,738
130755552139,Vogelsang-Warsin,,17375,Vorpommern-Greifswald,Mecklenburg-Vorpommern,53.723365,14.163569,373
160685012056,Vogelsberg,,99610,Sömmerda,Thüringen,51.133758,11.24267,651
084365006078,Vogt,,88267,Ravensburg,Baden-Württemberg,47.775383,9.766671,4717
091870181181,Vogtareuth,,83569,Rosenheim,Bayern,47.946771,12.180954,3072
160645053075,Vogtei,,99986,Unstrut-Hainich-Kreis,Thüringen,51.165662,10.419525,4180
083150133133,Vogtsburg im Kaiserstuhl,Stadt,79235,Breisgau-Hochschwarzwald,Baden-Württemberg,48.088977,7.629966,6234
091860158158,Vohburg a.d.Donau,St,85088,Pfaffenhofen a.d.Ilm,Bayern,48.768066,11.619089,8891
093740162162,Vohenstrauß,St,92648,Neustadt a.d.Waldnaab,Bayern,49.623078,12.341779,7576
031589503503,Voigtsdahlum,gemfr. Gebiet,,Wolfenbüttel,Niedersachsen,52.163017,10.880794,0
130715164153,Voigtsdorf,,17349,Mecklenburgische Seenplatte,Mecklenburg-Vorpommern,53.559186,13.647699,101
096755619174,Volkach,St,97332,Kitzingen,Bayern,49.864209,10.226896,8512
092735219178,Volkenschwand,,84106,Kelheim,Bayern,48.600194,11.873281,1750
160615014098,Volkerode,,37308,Eichsfeld,Thüringen,51.257642,10.075992,236
083355005081,Volkertshausen,,78269,Konstanz,Baden-Württemberg,47.821701,8.869619,3354
071325010110,Volkerzen,,57612,Altenkirchen (Westerwald),Rheinland-Pfalz,50.722403,7.682596,71
071375004106,Volkesfeld,,56745,Mayen-Koblenz,Rheinland-Pfalz,50.390082,7.150074,548
160755004119,Volkmannsdorf,,07924,Saale-Orla-Kreis,Thüringen,50.612096,11.734826,240
066350020020,Volkmarsen,Stadt,34471,Waldeck-Frankenberg,Hessen,51.412606,9.114575,6535
096789456456,Vollburg,,,Schweinfurt,Bayern,49.903984,10.460871,0
033565401010,Vollersode,,27729,Osterholz,Niedersachsen,53.327712,8.914445,2964
160715008093,Vollersroda,,99438,Weimarer Land,Thüringen,50.937363,11.330877,206
010545417145,Vollerwiek,,25836,Nordfriesland,Schleswig-Holstein,54.290681,8.794694,209
071345005090,Vollmersbach,,55758,Birkenfeld,Rheinland-Pfalz,49.742099,7.307631,449
160775009049,Vollmershain,,04626,Altenburger Land,Thüringen,50.852783,12.288435,301
073345004031,Vollmersweiler,,76744,Germersheim,Rheinland-Pfalz,49.065113,8.07554,208
130715160154,Vollrathsruhe,,17194,Mecklenburgische Seenplatte,Mecklenburg-Vorpommern,53.643157,12.487204,387
010545494146,Vollstedt,,25821,Nordfriesland,Schleswig-Holstein,54.623717,9.032722,193
010515166119,Volsemenhusen,,25693,Dithmarschen,Schleswig-Holstein,53.967901,9.065625,337
034595404032,Voltlage,,49599,Osnabrück,Niedersachsen,52.430409,7.744771,1770
071335001106,Volxheim,,55546,Bad Kreuznach,Rheinland-Pfalz,49.818084,7.928991,1140
093745326163,Vorbach,,95519,Neustadt a.d.Waldnaab,Bayern,49.821393,11.742902,1061
130725261110,Vorbeck,,18258,Landkreis Rostock,Mecklenburg-Vorpommern,53.907882,12.070311,397
073375002079,Vorderweidenthal,,76889,Südliche Weinstraße,Rheinland-Pfalz,49.127223,7.878793,622
031515406034,Vordorf,,38533,Gifhorn,Niedersachsen,52.368373,10.522861,3118
094799461461,Vordorfer Forst,,,Wunsiedel i.Fichtelgebirge,Bayern,50.04274,11.877847,0
095745527161,Vorra,,91247,Nürnberger Land,Bayern,49.557506,11.493948,1629
033575407052,Vorwerk,,27412,Rotenburg (Wümme),Niedersachsen,53.186759,9.160767,998
055540068068,Vreden,Stadt,48691,Borken,Nordrhein-Westfalen,52.036087,6.824021,23099
034545409055,Vrees,,49757,Emsland,Niedersachsen,52.887605,7.774552,1926
033555402039,Vögelsen,,21360,Lüneburg,Niedersachsen,53.277899,10.35108,2438
066350019019,Vöhl,Nationalparkgemeinde,34516,Waldeck-Frankenberg,Hessen,51.205272,8.944251,5460
083260068068,Vöhrenbach,Stadt,78147,Schwarzwald-Baar-Kreis,Baden-Württemberg,48.045545,8.304492,3631
083255006061,Vöhringen,,72189,Rottweil,Baden-Württemberg,48.336848,8.661091,4462
097750162162,Vöhringen,St,89269,Neu-Ulm,Bayern,48.277272,10.076052,14044
073375001078,Völkersweiler,,76857,Südliche Weinstraße,Rheinland-Pfalz,49.169034,7.931465,567
100410519519,Völklingen,Stadt,66333,Regionalverband Saarbrücken,Saarland,49.249592,6.85431,40952
150835053515,Völpke,,39393,Börde,Sachsen-Anhalt,52.139175,11.098464,1093
130755554140,Völschow,,17129,Vorpommern-Greifswald,Mecklenburg-Vorpommern,53.878459,13.33623,537
083165001045,Vörstetten,,79279,Emmendingen,Baden-Württemberg,48.065026,7.849274,3196
010585893166,Waabs,,24369,Rendsburg-Eckernförde,Schleswig-Holstein,54.532629,9.985937,1440
031595404035,Waake,,37136,Göttingen,Niedersachsen,51.555296,10.056425,1271
091820134134,Waakirchen,,83666,Miesbach,Bayern,47.770794,11.674921,5419
097775748177,Waal,M,86875,Ostallgäu,Bayern,47.996127,10.776097,2372
066340025025,Wabern,,34590,Schwalm-Eder-Kreis,Hessen,51.101172,9.349942,7262
146250600600,Wachau,,01454,Bautzen,Sachsen,51.160116,13.904681,4233
073315003066,Wachenheim,,67591,Alzey-Worms,Rheinland-Pfalz,49.636666,8.166655,746
073325006046,Wachenheim an der Weinstraße,Stadt,67157,Bad Dürkheim,Rheinland-Pfalz,49.439981,8.180798,4421
095720160160,Wachenroth,M,96193,Erlangen-Höchstadt,Bayern,49.750949,10.714318,2289
160615013101,Wachstedt,,37359,Eichsfeld,Thüringen,51.293047,10.250934,443
053820072072,Wachtberg,,53343,Rhein-Sieg-Kreis,Nordrhein-Westfalen,50.625511,7.135098,20471
051540060060,Wachtendonk,,47669,Kleve,Nordrhein-Westfalen,51.406325,6.334166,8217
010615168107,Wacken,,25596,Steinburg,Schleswig-Holstein,54.020134,9.379255,2098
130755555141,Wackerow,,17498,Vorpommern-Greifswald,Mecklenburg-Vorpommern,54.104712,13.344511,1498
091730145145,Wackersberg,,83646,Bad Tölz-Wolfratshausen,Bayern,47.736474,11.54638,3700
093765346175,Wackersdorf,,92442,Schwandorf,Bayern,49.312192,12.178206,5364
033545407024,Waddeweitz,,29496,Lüchow-Dannenberg,Niedersachsen,52.995923,10.959612,871
100420116116,Wadern,Stadt,66687,Merzig-Wadern,Saarland,49.53951,6.890001,16453
055700048048,Wadersloh,,59329,Warendorf,Nordrhein-Westfalen,51.73696,8.245997,12848
100440120120,Wadgassen,,66787,Saarlouis,Saarland,49.261607,6.805318,18025
093720168168,Waffenbrunn,,93494,Cham,Bayern,49.260801,12.665542,2019
032510044044,Wagenfeld,,49419,Diepholz,Niedersachsen,52.546265,8.590374,6995
071355003087,Wagenhausen,,56826,Cochem-Zell,Rheinland-Pfalz,50.142829,6.984878,63
031515407035,Wagenhoff,,38559,Gifhorn,Niedersachsen,52.551739,10.523958,1151
010595974095,Wagersrott,,24392,Schleswig-Flensburg,Schleswig-Holstein,54.665542,9.794128,221
082150106106,Waghäusel,Stadt,68753,Karlsruhe,Baden-Württemberg,49.250734,8.514287,22466
091895173162,Waging a.See,M,83329,Traunstein,Bayern,47.933222,12.734017,7007
091899452452,Waginger See,,,Traunstein,Bayern,47.941627,12.771671,0
071405008158,Wahlbach,,55494,Rhein-Hunsrück-Kreis,Rheinland-Pfalz,50.000376,7.595363,187
071405004159,Wahlenau,,55491,Rhein-Hunsrück-Kreis,Rheinland-Pfalz,49.904095,7.250708,221
160615008102,Wahlhausen,,37318,Eichsfeld,Thüringen,51.294906,9.977248,290
073315001067,Wahlheim,,55234,Alzey-Worms,Rheinland-Pfalz,49.717146,8.105047,587
071435002301,Wahlrod,,57614,Westerwaldkreis,Rheinland-Pfalz,50.651182,7.715533,917
010600092092,Wahlstedt,Stadt,23812,Segeberg,Schleswig-Holstein,53.952343,10.214464,9831
010575747084,Wahlstorf,,24211,Plön,Schleswig-Holstein,54.178083,10.294716,431
073365009101,Wahnwegen,,66909,Kusel,Rheinland-Pfalz,49.484789,7.375483,641
031515407036,Wahrenholz,,29399,Gifhorn,Niedersachsen,52.615669,10.603296,3760
081190079079,Waiblingen,Stadt,71332,Rems-Murr-Kreis,Baden-Württemberg,48.83001,9.314525,57313
082265009091,Waibstadt,Stadt,74915,Rhein-Neckar-Kreis,Baden-Württemberg,49.299852,8.920252,5794
094729469469,Waidacher Forst,,,Bayreuth,Bayern,49.718304,11.405725,0
093740164164,Waidhaus,M,92726,Neustadt a.d.Waldnaab,Bayern,49.641236,12.494017,2121
091855155166,Waidhofen,,86579,Neuburg-Schrobenhausen,Bayern,48.579092,11.336307,2294
071435006302,Waigandshain,,56477,Westerwaldkreis,Rheinland-Pfalz,50.64388,8.083579,213
096780190190,Waigolshausen,,97534,Schweinfurt,Bayern,49.962578,10.121655,2686
084265009125,Wain,,88489,Biberach,Baden-Württemberg,48.188928,10.022001,1661
094720197197,Waischenfeld,St,91344,Bayreuth,Bayern,49.845149,11.344906,2989
010605086093,Wakendorf I,,23845,Segeberg,Schleswig-Holstein,53.864458,10.357027,471
010605048094,Wakendorf II,,24558,Segeberg,Schleswig-Holstein,53.782814,10.081705,1378
034545401056,Walchum,,26907,Emsland,Niedersachsen,52.930598,7.282138,1726
084375004118,Wald,,88639,Sigmaringen,Baden-Württemberg,47.937975,9.172005,2754
093725317169,Wald,,93192,Cham,Bayern,49.150646,12.348932,2991
097775756179,Wald,,87616,Ostallgäu,Bayern,47.722897,10.557986,1156
064310021021,Wald-Michelbach,,69483,Bergstraße,Hessen,49.570696,8.83014,10455
082375001074,Waldachtal,,72178,Freudenstadt,Baden-Württemberg,48.476598,8.575573,6346
073395001062,Waldalgesheim,,55425,Mainz-Bingen,Rheinland-Pfalz,49.951626,7.835411,3975
096710156156,Waldaschaff,,63857,Aschaffenburg,Bayern,49.973959,9.299599,4106
096719460460,Waldaschaffer Forst,,,Aschaffenburg,Bayern,49.939989,9.324707,0
071385009076,Waldbreitbach,,56588,Neuwied,Rheinland-Pfalz,50.552304,7.417784,1944
082150110110,Waldbronn,,76337,Karlsruhe,Baden-Württemberg,48.931426,8.461134,13838
082255006118,Waldbrunn,,69429,Neckar-Odenwald-Kreis,Baden-Württemberg,49.463217,9.076699,4670
096790204204,Waldbrunn,,97295,Würzburg,Bayern,49.758046,9.800435,2909
065330016016,Waldbrunn (Westerwald),,65620,Limburg-Weilburg,Hessen,50.507858,8.091974,5847
053740044044,Waldbröl,Stadt,51545,Oberbergischer Kreis,Nordrhein-Westfalen,50.876593,7.617394,19795
084365003079,Waldburg,,88289,Ravensburg,Baden-Württemberg,47.757454,9.712904,3267
071335006107,Waldböckelheim,,55596,Bad Kreuznach,Rheinland-Pfalz,49.816097,7.717114,2212
096790205205,Waldbüttelbrunn,,97297,Würzburg,Bayern,49.787616,9.842148,4926
084155004087,Walddorfhäslach,,72141,Reutlingen,Baden-Württemberg,48.586231,9.183734,5457
066350021021,Waldeck,Nationalparkstadt,34513,Waldeck-Frankenberg,Hessen,51.20664,9.061733,6905
160745053105,Waldeck,,07646,Saale-Holzland-Kreis,Thüringen,50.91173,11.781417,218
064390016016,Waldems,,65529,Rheingau-Taunus-Kreis,Hessen,50.250514,8.317029,5288
081155006048,Waldenbuch,Stadt,71111,Böblingen,Baden-Württemberg,48.638166,9.12974,8750
081265001085,Waldenburg,Stadt,74638,Hohenlohekreis,Baden-Württemberg,49.18656,9.642224,2986
145245135290,Waldenburg,Stadt,08396,Zwickau,Sachsen,50.874527,12.602857,3941
093725313170,Walderbach,,93194,Cham,Bayern,49.18527,12.379309,2311
093770157157,Waldershof,St,95679,Tirschenreuth,Bayern,49.977751,12.063474,4315
071375009227,Waldesch,,56323,Mayen-Koblenz,Rheinland-Pfalz,50.279877,7.543863,2266
096729468468,Waldfensterer Forst,,,Bad Kissingen,Bayern,50.243612,9.94484,0
053700032032,Waldfeucht,,52525,Heinsberg,Nordrhein-Westfalen,51.066007,5.988264,9242
073405006054,Waldfischbach-Burgalben,,67714,Südwestpfalz,Rheinland-Pfalz,49.283319,7.65343,4232
073335007079,Waldgrehweiler,,67822,Donnersbergkreis,Rheinland-Pfalz,49.668498,7.741981,222
073375001080,Waldhambach,,76857,Südliche Weinstraße,Rheinland-Pfalz,49.164838,7.988989,392
145220570570,Waldheim,Stadt,04736,Mittelsachsen,Sachsen,51.073265,13.017355,8989
072325005130,Waldhof-Falkenstein,,54673,Eifelkreis Bitburg-Prüm,Rheinland-Pfalz,49.975225,6.196143,19
146265502580,Waldhufen,,02906,Görlitz,Sachsen,51.250784,14.810038,2329
092729463463,Waldhäuserwald,,,Freyung-Grafenau,Bayern,48.939293,13.478265,0
066360012012,Waldkappel,Stadt,37284,Werra-Meißner-Kreis,Hessen,51.143533,9.874129,4052
083165006056,Waldkirch,Stadt,79183,Emmendingen,Baden-Württemberg,48.093941,7.961225,21510
092720151151,Waldkirchen,St,94065,Freyung-Grafenau,Bayern,48.730908,13.599855,11356
091830148148,Waldkraiburg,St,84478,Mühldorf a.Inn,Bayern,48.208301,12.400382,25737
071335011108,Waldlaubersheim,,55444,Bad Kreuznach,Rheinland-Pfalz,49.928123,7.830567,884
073355002048,Waldleiningen,,67693,Kaiserslautern,Rheinland-Pfalz,49.397765,7.885152,394
073365009102,Waldmohr,Stadt,66914,Kusel,Rheinland-Pfalz,49.387069,7.332884,5124
071435006303,Waldmühlen,,56479,Westerwaldkreis,Rheinland-Pfalz,50.587006,8.061458,317
093720171171,Waldmünchen,St,93449,Cham,Bayern,49.375825,12.70563,6565
071315003081,Waldorf,,53498,Ahrweiler,Rheinland-Pfalz,50.486272,7.232105,874
072355004141,Waldrach,,54320,Trier-Saarburg,Rheinland-Pfalz,49.749439,6.742469,2100
073375001081,Waldrohrbach,,76857,Südliche Weinstraße,Rheinland-Pfalz,49.170357,7.965477,426
093770158158,Waldsassen,St,95652,Tirschenreuth,Bayern,50.003499,12.30533,6711
073385008026,Waldsee,,67165,Rhein-Pfalz-Kreis,Rheinland-Pfalz,49.394745,8.441403,6016
083375007126,Waldshut-Tiengen,Stadt,79761,Waldshut,Baden-Württemberg,47.632439,8.271113,25019
120645408484,Waldsieversdorf,,15377,Märkisch-Oderland,Brandenburg,52.542844,14.069325,878
065320022022,Waldsolms,,35647,Lahn-Dill-Kreis,Hessen,50.433995,8.494888,4660
081365007079,Waldstetten,,73550,Ostalbkreis,Baden-Württemberg,48.766084,9.819633,7067
097745730191,Waldstetten,M,89367,Günzburg,Bayern,48.348836,10.291038,1274
093740165165,Waldthurn,M,92727,Neustadt a.d.Waldnaab,Bayern,49.672702,12.331243,1917
072355008142,Waldweiler,,54429,Trier-Saarburg,Rheinland-Pfalz,49.61415,6.797231,831
071355005088,Walhausen,,56865,Cochem-Zell,Rheinland-Pfalz,50.025145,7.283588,208
081185001074,Walheim,,74399,Ludwigsburg,Baden-Württemberg,49.013703,9.152281,3316
130725254111,Walkendorf,,17179,Landkreis Rostock,Mecklenburg-Vorpommern,53.952946,12.551583,922
031590036036,Walkenried,,37445,Göttingen,Niedersachsen,51.584457,10.615065,4053
097725709214,Walkertshofen,,86877,Augsburg,Bayern,48.226285,10.590536,1167
010535391127,Walksfelde,,23896,Herzogtum Lauenburg,Schleswig-Holstein,53.631901,10.575101,227
082260095095,Walldorf,Stadt,69190,Rhein-Neckar-Kreis,Baden-Württemberg,49.303151,8.642764,16188
082255001109,Walldürn,Stadt,74731,Neckar-Odenwald-Kreis,Baden-Württemberg,49.582516,9.368531,11614
010515169120,Wallen,,25788,Dithmarschen,Schleswig-Holstein,54.284766,9.269563,28
072335001079,Wallenborn,,54570,Vulkaneifel,Rheinland-Pfalz,50.154966,6.721028,401
072325005131,Wallendorf,,54675,Eifelkreis Bitburg-Prüm,Rheinland-Pfalz,49.876651,6.287902,408
094760184184,Wallenfels,St,96346,Kronach,Bayern,50.268421,11.471178,2432
034590033033,Wallenhorst,,49134,Osnabrück,Niedersachsen,52.350532,8.015405,22614
100440121121,Wallerfangen,,66798,Saarlouis,Saarland,49.329587,6.716472,9324
092715204152,Wallerfing,,94574,Deggendorf,Bayern,48.684111,12.880439,1268
092790137137,Wallersdorf,M,94522,Dingolfing-Landau,Bayern,48.739117,12.74728,7246
072325006318,Wallersheim,,54597,Eifelkreis Bitburg-Prüm,Rheinland-Pfalz,50.204753,6.526914,718
097795720224,Wallerstein,M,86757,Donau-Ries,Bayern,48.884922,10.47642,3359
073315006068,Wallertheim,,55578,Alzey-Worms,Rheinland-Pfalz,49.835395,8.05127,1771
091800136136,Wallgau,,82499,Garmisch-Partenkirchen,Bayern,47.522154,11.282267,1516
073405009225,Wallhalben,,66917,Südwestpfalz,Rheinland-Pfalz,49.316276,7.524156,811
071335006109,Wallhausen,,55595,Bad Kreuznach,Rheinland-Pfalz,49.889176,7.769102,1623
081275008091,Wallhausen,,74599,Schwäbisch Hall,Baden-Württemberg,49.211863,10.063061,3671
150875051440,Wallhausen,,06528,Mansfeld-Südharz,Sachsen-Anhalt,51.460899,11.207467,2344
071325009111,Wallmenroth,,57584,Altenkirchen (Westerwald),Rheinland-Pfalz,50.796708,7.837401,1186
071435008304,Wallmerod,,56414,Westerwaldkreis,Rheinland-Pfalz,50.4852,7.951821,1551
010595952173,Wallsbüll,,24980,Schleswig-Flensburg,Schleswig-Holstein,54.774478,9.23803,972
072315008127,Wallscheid,,54531,Bernkastel-Wittlich,Rheinland-Pfalz,50.097066,6.88536,362
150815051545,Wallstawe,,29413,Altmarkkreis Salzwedel,Sachsen-Anhalt,52.796637,11.019325,815
064390017017,Walluf,,65396,Rheingau-Taunus-Kreis,Hessen,50.035456,8.160766,5407
130715154155,Walow,,17209,Mecklenburgische Seenplatte,Mecklenburg-Vorpommern,53.4234,12.466377,438
160745005106,Walpernhain,,07613,Saale-Holzland-Kreis,Thüringen,51.017519,11.954044,176
091775121142,Walpertskirchen,,85469,Erding,Bayern,48.257822,11.979422,2140
160685002057,Walschleben,,99189,Sömmerda,Thüringen,51.064202,10.935546,1768
072335006080,Walsdorf,,54578,Vulkaneifel,Rheinland-Pfalz,50.277842,6.710949,932
094710208208,Walsdorf,,96194,Bamberg,Bayern,49.870901,10.780213,2639
073405008226,Walshausen,,66484,Südwestpfalz,Rheinland-Pfalz,49.210179,7.476184,315
073375005082,Walsheim,,76833,Südliche Weinstraße,Rheinland-Pfalz,49.237563,8.123906,634
120685807452,Walsleben,,16818,Ostprignitz-Ruppin,Brandenburg,52.938938,12.668225,795
033580024024,Walsrode,Stadt,29664,Heidekreis,Niedersachsen,52.861848,9.59609,31019
097745731192,Waltenhausen,,86480,Günzburg,Bayern,48.189497,10.363351,739
097800143143,Waltenhofen,,87448,Oberallgäu,Bayern,47.670993,10.30443,9901
071325010112,Walterschen,,57632,Altenkirchen (Westerwald),Rheinland-Pfalz,50.685681,7.561811,157
160745007107,Waltersdorf,,07646,Saale-Holzland-Kreis,Thüringen,50.831459,11.745174,147
160670072072,Waltershausen,Stadt,99880,Gotha,Thüringen,50.900529,10.559244,12871
091765115165,Walting,,85137,Eichstätt,Bayern,48.912008,11.300455,2317
055620036036,Waltrop,Stadt,45731,Recklinghausen,Nordrhein-Westfalen,51.622128,7.400687,29177
082150089089,Walzbachtal,,75045,Karlsruhe,Baden-Württemberg,49.010197,8.611602,9904
010595912174,Wanderup,,24997,Schleswig-Flensburg,Schleswig-Holstein,54.688266,9.331111,2722
120600269269,Wandlitz,,16348,Barnim,Brandenburg,52.752045,13.449752,24503
066360013013,Wanfried,Stadt,37281,Werra-Meißner-Kreis,Hessen,51.183286,10.170055,4050
091785129155,Wang,,85368,Freising,Bayern,48.495301,11.935058,2475
010535343128,Wangelau,,21483,Herzogtum Lauenburg,Schleswig-Holstein,53.453726,10.546567,210
032555409036,Wangelnstedt,,37627,Holzminden,Niedersachsen,51.87064,9.687795,534
010555543043,Wangels,,23758,Ostholstein,Schleswig-Holstein,54.271569,10.763598,2190
081175005055,Wangen,,73117,Göppingen,Baden-Württemberg,48.725495,9.608282,3183
084365007081,Wangen im Allgäu,Stadt,88239,Ravensburg,Baden-Württemberg,47.685855,9.832354,28412
034550020020,Wangerland,,26434,Friesland,Niedersachsen,53.662516,7.915526,9149
034550021021,Wangerooge,Nordseebad,26486,Friesland,Niedersachsen,53.791535,7.899863,1026
010575785085,Wankendorf,,24601,Plön,Schleswig-Holstein,54.112811,10.208038,2917
033525411055,Wanna,,21776,Cuxhaven,Niedersachsen,53.741317,8.810678,2249
084150080080,Wannweil,,72827,Reutlingen,Baden-Württemberg,48.517041,9.151047,5352
150830531531,Wanzleben-Börde,Stadt,39164,Börde,Sachsen-Anhalt,52.06059,11.445166,13724
010585895167,Wapelfeld,,24594,Rendsburg-Eckernförde,Schleswig-Holstein,54.082907,9.604521,320
031545403025,Warberg,,38378,Helmstedt,Niedersachsen,52.182049,10.92011,790
057620036036,Warburg,Hansestadt,34414,Höxter,Nordrhein-Westfalen,51.488934,9.145955,23252
034580013013,Wardenburg,,26203,Oldenburg,Niedersachsen,53.059731,8.19767,16484
010585864168,Warder,,24646,Rendsburg-Eckernförde,Schleswig-Holstein,54.213277,9.886518,700
130725257112,Wardow,,18299,Landkreis Rostock,Mecklenburg-Vorpommern,53.928103,12.410105,1348
130710156156,Waren (Müritz),Stadt,17192,Mecklenburgische Seenplatte,Mecklenburg-Vorpommern,53.513209,12.686242,20260
055700052052,Warendorf,Stadt,48231,Warendorf,Nordrhein-Westfalen,51.950713,7.988499,37703
130745457084,Warin,Stadt,19417,Nordwestmecklenburg,Mecklenburg-Vorpommern,53.800443,11.704304,3255
130765658145,Warlitz,,19230,Ludwigslust-Parchim,Mecklenburg-Vorpommern,53.377053,11.147364,463
130765659146,Warlow,,19288,Ludwigslust-Parchim,Mecklenburg-Vorpommern,53.344082,11.407922,475
094720198198,Warmensteinach,,95485,Bayreuth,Bayern,49.992474,11.778075,2169
094729470470,Warmensteinacher Forst-Nord,,,Bayreuth,Bayern,50.029009,11.807137,0
032565408034,Warmsen,,31606,Nienburg (Weser),Niedersachsen,52.456444,8.848914,3103
071335011110,Warmsroth,,55442,Bad Kreuznach,Rheinland-Pfalz,49.956029,7.790007,540
010575747086,Warnau,,24250,Plön,Schleswig-Holstein,54.18792,10.160154,395
091820136136,Warngau,,83627,Miesbach,Bayern,47.832063,11.721817,3768
130725258113,Warnkenhagen,,17168,Landkreis Rostock,Mecklenburg-Vorpommern,53.840613,12.453578,315
130725252114,Warnow,,18249,Landkreis Rostock,Mecklenburg-Vorpommern,53.784846,11.881828,918
130745453085,Warnow,,23936,Nordwestmecklenburg,Mecklenburg-Vorpommern,53.887462,11.211446,630
032565409035,Warpe,,27333,Nienburg (Weser),Niedersachsen,52.740808,9.104535,682
130715151157,Warrenzin,,17111,Mecklenburgische Seenplatte,Mecklenburg-Vorpommern,53.903335,12.946442,353
010615168108,Warringholz,,25560,Steinburg,Schleswig-Holstein,54.078701,9.462802,295
130765665147,Warsow,,19075,Ludwigslust-Parchim,Mecklenburg-Vorpommern,53.531366,11.302118,652
059740044044,Warstein,Stadt,59581,Soest,Nordrhein-Westfalen,51.442787,8.353834,24988
065350019019,Wartenberg,,36367,Vogelsbergkreis,Hessen,50.62744,9.445073,3469
091775126143,Wartenberg,M,85456,Erding,Bayern,48.404449,11.987985,5539
073335006080,Wartenberg-Rohrbach,,67681,Donnersbergkreis,Rheinland-Pfalz,49.525584,7.849541,445
084265003128,Warthausen,,88447,Biberach,Baden-Württemberg,48.128975,9.797727,5341
096720161161,Wartmannsroth,,97797,Bad Kissingen,Bayern,50.166472,9.787031,2123
010515178121,Warwerort,,25761,Dithmarschen,Schleswig-Holstein,54.141177,8.921723,214
010580169169,Wasbek,,24647,Rendsburg-Eckernförde,Schleswig-Holstein,54.07142,9.895541,2536
031515404037,Wasbüttel,,38553,Gifhorn,Niedersachsen,52.413252,10.592713,1836
071415003133,Wasenbach,,56370,Rhein-Lahn-Kreis,Rheinland-Pfalz,50.318315,7.967382,321
071315004209,Wassenach,,56653,Ahrweiler,Rheinland-Pfalz,50.435005,7.279915,1299
053700036036,Wassenberg,Stadt,41849,Heinsberg,Nordrhein-Westfalen,51.099533,6.155749,19713
097760128128,Wasserburg (Bodensee),,88142,Lindau (Bodensee),Bayern,47.570249,9.638482,3823
091870182182,Wasserburg a.Inn,St,83512,Rosenheim,Bayern,48.060937,12.232253,12375
072355003143,Wasserliesch,,54332,Trier-Saarburg,Rheinland-Pfalz,49.706652,6.538584,2220
096780192192,Wasserlosen,,97535,Schweinfurt,Bayern,50.095045,10.029698,3425
160655002077,Wasserthaleben,,99718,Kyffhäuserkreis,Thüringen,51.259046,10.892934,357
095710214214,Wassertrüdingen,St,91717,Ansbach,Bayern,49.041141,10.59722,6414
160665013086,Wasungen,Stadt,98634,Schmalkalden-Meiningen,Thüringen,50.663562,10.368658,5342
033515404021,Wathlingen,,29339,Celle,Niedersachsen,52.539115,10.157425,6405
010585889170,Wattenbek,,24582,Rendsburg-Eckernförde,Schleswig-Holstein,54.171228,10.05469,2980
094715403209,Wattendorf,,96196,Bamberg,Bayern,50.032431,11.125439,632
073325007047,Wattenheim,,67319,Bad Dürkheim,Rheinland-Pfalz,49.522923,8.065582,1702
072325006320,Watzerath,,54595,Eifelkreis Bitburg-Prüm,Rheinland-Pfalz,50.184377,6.36063,413
072325006321,Wawern,,54612,Eifelkreis Bitburg-Prüm,Rheinland-Pfalz,50.115214,6.487685,255
072355003144,Wawern,,54441,Trier-Saarburg,Rheinland-Pfalz,49.653906,6.550154,629
072325001322,Waxweiler,,54649,Eifelkreis Bitburg-Prüm,Rheinland-Pfalz,50.093104,6.362252,1052
097795722226,Wechingen,,86759,Donau-Ries,Bayern,48.892784,10.614636,1425
145220580580,Wechselburg,,09306,Mittelsachsen,Sachsen,51.004312,12.774976,1722
010605005095,Weddelbrook,,24576,Segeberg,Schleswig-Holstein,53.904106,9.830237,1094
010515172122,Weddingstedt,,25795,Dithmarschen,Schleswig-Holstein,54.239275,9.088863,2357
010560050050,Wedel,Stadt,22880,Pinneberg,Schleswig-Holstein,53.583806,9.697314,34912
032410019019,Wedemark,,30900,Region Hannover,Niedersachsen,52.545682,9.733449,29803
130745458092,Wedendorfersee,,19217,Nordwestmecklenburg,Mecklenburg-Vorpommern,53.766171,11.093657,684
010605086096,Weede,,23795,Segeberg,Schleswig-Holstein,53.922028,10.372489,965
034570021021,Weener,Stadt,26826,Leer,Niedersachsen,53.165511,7.349834,15215
010595937176,Wees,,24999,Schleswig-Flensburg,Schleswig-Holstein,54.807217,9.52256,2400
010595952177,Weesby,,24994,Schleswig-Flensburg,Schleswig-Holstein,54.829731,9.152975,437
051540064064,Weeze,,47652,Kleve,Nordrhein-Westfalen,51.626753,6.198205,12766
150835053535,Wefensleben,,39365,Börde,Sachsen-Anhalt,52.185232,11.159868,1582
053700040040,Wegberg,Stadt,41844,Heinsberg,Nordrhein-Westfalen,51.140129,6.276829,28089
150855051365,Wegeleben,Stadt,38828,Harz,Sachsen-Anhalt,51.884625,11.17357,2378
092750156156,Wegscheid,M,94110,Passau,Bayern,48.601342,13.788526,5394
083275002051,Wehingen,,78564,Tuttlingen,Baden-Württemberg,48.145107,8.791749,3703
160615001103,Wehnde,,37339,Eichsfeld,Thüringen,51.481212,10.313498,359
071315004210,Wehr,,56653,Ahrweiler,Rheinland-Pfalz,50.42222,7.210953,1123
083370116116,Wehr,Stadt,79664,Waldshut,Baden-Württemberg,47.629747,7.904562,13126
032515404045,Wehrbleck,,27259,Diepholz,Niedersachsen,52.628854,8.692263,799
066360014014,Wehretal,,37287,Werra-Meißner-Kreis,Hessen,51.151179,9.996927,4883
064340012012,Wehrheim,,61273,Hochtaunuskreis,Hessen,50.302901,8.568053,9271
097720215215,Wehringen,,86517,Augsburg,Bayern,48.245187,10.800312,3183
071315004211,Weibern,,56745,Ahrweiler,Rheinland-Pfalz,50.406116,7.143941,1509
096710157157,Weibersbrunn,,63879,Aschaffenburg,Bayern,49.93084,9.365114,1752
091850168168,Weichering,,86706,Neuburg-Schrobenhausen,Bayern,48.717063,11.319237,2418
091740151151,Weichs,,85258,Dachau,Bayern,48.380647,11.414041,3641
160765053079,Weida,Stadt,07570,Greiz,Thüringen,50.773341,12.061416,7939
071345005091,Weiden,,55758,Birkenfeld,Rheinland-Pfalz,49.807135,7.300302,81
093630000000,Weiden i.d.OPf.,,92637,Weiden i.d.OPf.,Bayern,49.676076,12.160209,42444
071415007134,Weidenbach,,56355,Rhein-Lahn-Kreis,Rheinland-Pfalz,50.154234,7.883112,111
072335001081,Weidenbach,,54570,Vulkaneifel,Rheinland-Pfalz,50.129313,6.709005,245
095715506216,Weidenbach,M,91746,Ansbach,Bayern,49.198513,10.644225,2479
094725415199,Weidenberg,M,95466,Bayreuth,Bayern,49.941314,11.722766,5864
071435007305,Weidenhahn,,56244,Westerwaldkreis,Rheinland-Pfalz,50.544236,7.835251,559
084255008130,Weidenstetten,,89197,Alb-Donau-Kreis,Baden-Württemberg,48.552147,9.997084,1409
073325005048,Weidenthal,,67475,Bad Dürkheim,Rheinland-Pfalz,49.422071,7.988018,1643
094730174174,Weidhausen b.Coburg,,96279,Coburg,Bayern,50.204052,11.14054,3128
093725312174,Weiding,,93495,Cham,Bayern,49.261732,12.763869,2424
093765344176,Weiding,,92557,Schwandorf,Bayern,49.484396,12.570352,461
072325005132,Weidingen,,54636,Eifelkreis Bitburg-Prüm,Rheinland-Pfalz,50.012735,6.378045,174
093715303157,Weigendorf,,91249,Amberg-Sulzbach,Bayern,49.499158,11.570203,1244
095755519179,Weigenheim,,97215,Neustadt a.d.Aisch-Bad Windsheim,Bayern,49.575806,10.261001,984
096739458458,Weigler,,,Rhön-Grabfeld,Bayern,50.360659,10.38767,0
095715504217,Weihenzell,,91629,Ansbach,Bayern,49.355549,10.627532,2980
093745325166,Weiherhammer,,92729,Neustadt a.d.Waldnaab,Bayern,49.632366,12.05919,3849
092745221187,Weihmichl,,84107,Landshut,Bayern,48.604018,12.043811,2416
081280126126,Weikersheim,Stadt,97990,Main-Tauber-Kreis,Baden-Württemberg,49.482875,9.902462,7902
091810145145,Weil,,86947,Landsberg am Lech,Bayern,48.118728,10.925035,4022
083360091091,Weil am Rhein,Stadt,79576,Lörrach,Baden-Württemberg,47.594284,7.629579,32236
081150050050,Weil der Stadt,Stadt,71263,Böblingen,Baden-Württemberg,48.751993,8.870105,19353
081150051051,Weil im Schönbuch,,71093,Böblingen,Baden-Württemberg,48.622879,9.061727,9970
160635059084,Weilar,,36457,Wartburgkreis,Thüringen,50.761567,10.15542,772
096760165165,Weilbach,M,63937,Miltenberg,Bayern,49.666356,9.214786,2054
065330017017,Weilburg,Stadt,35781,Limburg-Weilburg,Hessen,50.484392,8.264057,12992
084175006071,Weilen unter den Rinnen,,72367,Zollernalbkreis,Baden-Württemberg,48.189327,8.76575,584
071355003089,Weiler,,56825,Cochem-Zell,Rheinland-Pfalz,50.14013,7.075997,267
071375003110,Weiler,,56729,Mayen-Koblenz,Rheinland-Pfalz,50.310352,7.120208,513
073395001063,Weiler bei Bingen,,55413,Mainz-Bingen,Rheinland-Pfalz,49.95677,7.866534,2407
071335010111,Weiler bei Monzingen,,55627,Bad Kreuznach,Rheinland-Pfalz,49.809477,7.560496,439
097760129129,Weiler-Simmerberg,M,88171,Lindau (Bodensee),Bayern,47.582302,9.916736,6365
073355009049,Weilerbach,,67685,Kaiserslautern,Rheinland-Pfalz,49.481334,7.631074,4524
094745423171,Weilersbach,,91365,Forchheim,Bayern,49.74482,11.133658,1977
053660040040,Weilerswist,,53919,Euskirchen,Nordrhein-Westfalen,50.755939,6.839629,18980
083375007118,Weilheim,,79809,Waldshut,Baden-Württemberg,47.658072,8.24114,3167
081165008070,Weilheim an der Teck,Stadt,73235,Esslingen,Baden-Württemberg,48.615689,9.537362,9887
091900157157,Weilheim i.OB,St,82362,Weilheim-Schongau,Bayern,47.839999,11.144997,23279
065330018018,Weilmünster,Marktflecken,35789,Limburg-Weilburg,Hessen,50.432368,8.376585,8674
064340013013,Weilrod,,61276,Hochtaunuskreis,Hessen,50.342201,8.380402,6856
095715508218,Weiltingen,M,91744,Ansbach,Bayern,49.039601,10.450092,1404
160550000000,Weimar,Stadt,99423,Weimar,Thüringen,50.980761,11.329741,65954
065340020020,Weimar (Lahn),,35096,Marburg-Biedenkopf,Hessen,50.759254,8.732208,7240
065330019019,Weinbach,,35796,Limburg-Weilburg,Hessen,50.438384,8.292563,4176
146270310310,Weinböhla,,01689,Meißen,Sachsen,51.163186,13.571564,10659
084365005082,Weingarten,Stadt,88250,Ravensburg,Baden-Württemberg,47.807399,9.640669,24940
082150090090,Weingarten (Baden),,76356,Karlsruhe,Baden-Württemberg,49.050225,8.531712,10534
073345005032,Weingarten (Pfalz),,67366,Germersheim,Rheinland-Pfalz,49.259178,8.286793,1914
082260096096,Weinheim,Stadt,69469,Rhein-Neckar-Kreis,Baden-Württemberg,49.550558,8.670732,45852
073395007064,Weinolsheim,,55278,Mainz-Bingen,Rheinland-Pfalz,49.816134,8.272267,715
081255014102,Weinsberg,Stadt,74189,Heilbronn,Baden-Württemberg,49.150258,9.285758,13268
071335006112,Weinsheim,,55595,Bad Kreuznach,Rheinland-Pfalz,49.837474,7.766963,1761
072325006226,Weinsheim,,54595,Eifelkreis Bitburg-Prüm,Rheinland-Pfalz,50.229984,6.471015,1050
081190091091,Weinstadt,Stadt,71384,Rems-Murr-Kreis,Baden-Württemberg,48.803451,9.385556,27074
071415010135,Weinähr,,56379,Rhein-Lahn-Kreis,Rheinland-Pfalz,50.319766,7.843955,440
160755005121,Weira,,07806,Saale-Orla-Kreis,Thüringen,50.703054,11.715537,373
145230450450,Weischlitz,,08538,Vogtlandkreis,Sachsen,50.447551,12.057782,5617
071415009136,Weisel,,56348,Rhein-Lahn-Kreis,Rheinland-Pfalz,50.118471,7.800533,997
120705001416,Weisen,,19322,Prignitz,Brandenburg,53.021498,11.786137,995
082165004059,Weisenbach,,76599,Rastatt,Baden-Württemberg,48.728726,8.354952,2400
095720164164,Weisendorf,M,91085,Erlangen-Höchstadt,Bayern,49.622389,10.825897,6597
073325002049,Weisenheim am Berg,,67273,Bad Dürkheim,Rheinland-Pfalz,49.513132,8.154044,1670
073325002050,Weisenheim am Sand,,67256,Bad Dürkheim,Rheinland-Pfalz,49.516774,8.247606,4177
100420117117,Weiskirchen,,66709,Merzig-Wadern,Saarland,49.556125,6.820098,6528
094780176176,Weismain,St,96260,Lichtenfels,Bayern,50.084884,11.239386,4786
081150052052,Weissach,,71287,Böblingen,Baden-Württemberg,48.846812,8.927545,7745
081195001083,Weissach im Tal,,71554,Rems-Murr-Kreis,Baden-Württemberg,48.929826,9.47773,7576
081265004086,Weißbach,,74679,Hohenlohekreis,Baden-Württemberg,49.299966,9.595907,2060
160745007108,Weißbach,,07646,Saale-Holzland-Kreis,Thüringen,50.814546,11.790261,128
094755432184,Weißdorf,,95237,Hof,Bayern,50.185442,11.84847,1211
146250610610,Weißenberg / Wóspork,Stadt,02627,Bautzen,Sachsen,51.19694,14.659365,3024
066360015015,Weißenborn,,37299,Werra-Meißner-Kreis,Hessen,51.123424,10.113236,963
160745053109,Weißenborn,,07639,Saale-Holzland-Kreis,Thüringen,50.923374,11.882869,1126
145225113590,Weißenborn/Erzgeb.,,09600,Mittelsachsen,Sachsen,50.871319,13.400964,2425
094760185185,Weißenbrunn,,96369,Kronach,Bayern,50.200405,11.346192,2698
095770177177,Weißenburg i.Bay.,GKSt,91781,Weißenburg-Gunzenhausen,Bayern,49.030107,10.971667,18345
160765054081,Weißendorf,,07950,Greiz,Thüringen,50.674873,12.001177,307
150840550550,Weißenfels,Stadt,06667,Burgenlandkreis,Sachsen-Anhalt,51.200338,11.966732,37929
097750164164,Weißenhorn,St,89264,Neu-Ulm,Bayern,48.304461,10.160072,14186
094745427173,Weißenohe,,91367,Forchheim,Bayern,49.629594,11.253851,1170
097765735130,Weißensberg,,88138,Lindau (Bodensee),Bayern,47.579215,9.721621,2712
160680058058,Weißensee,Stadt,99631,Sömmerda,Thüringen,51.195862,11.067924,3598
071375008228,Weißenthurm,Stadt,56575,Mayen-Koblenz,Rheinland-Pfalz,50.415706,7.455206,9020
146265242590,Weißkeißel / Wuskidź,,02957,Görlitz,Sachsen,51.494719,14.718297,1164
146265242600,Weißwasser/O.L.,Stadt / Běła Woda,02943,Görlitz,Sachsen,51.50662,14.643284,15002
083165004049,Weisweil,,79367,Emmendingen,Baden-Württemberg,48.197178,7.677646,2243
071325003113,Weitefeld,,57586,Altenkirchen (Westerwald),Rheinland-Pfalz,50.724689,7.927146,2332
130765664148,Weitendorf,,19412,Ludwigslust-Parchim,Mecklenburg-Vorpommern,53.718011,11.750473,326
130735355097,Weitenhagen,,18461,Vorpommern-Rügen,Mecklenburg-Vorpommern,54.212063,12.787663,223
130755555142,Weitenhagen,,17498,Vorpommern-Greifswald,Mecklenburg-Vorpommern,54.054095,13.410717,2139
071345005092,Weitersbach,,55624,Birkenfeld,Rheinland-Pfalz,49.872116,7.316281,85
071335009113,Weitersborn,,55629,Bad Kreuznach,Rheinland-Pfalz,49.849888,7.525192,196
071375007229,Weitersburg,,56191,Mayen-Koblenz,Rheinland-Pfalz,50.414055,7.599219,2457
064320023023,Weiterstadt,Stadt,64331,Darmstadt-Dieburg,Hessen,49.905719,8.588464,26583
073335003081,Weitersweiler,,67808,Donnersbergkreis,Rheinland-Pfalz,49.614915,7.997144,510
097805745144,Weitnau,M,87480,Oberallgäu,Bayern,47.640846,10.126481,5302
094730175175,Weitramsdorf,,96479,Coburg,Bayern,50.255707,10.879827,5029
072335004244,Welcherath,,53539,Vulkaneifel,Rheinland-Pfalz,50.320398,6.966335,110
073365010103,Welchweiler,,66887,Kusel,Rheinland-Pfalz,49.577024,7.505024,179
097725707216,Welden,M,86465,Augsburg,Bayern,48.457621,10.658608,3849
073395008065,Welgesheim,,55576,Mainz-Bingen,Rheinland-Pfalz,49.881123,7.961555,580
071435002306,Welkenbach,,57644,Westerwaldkreis,Rheinland-Pfalz,50.632214,7.725159,150
033535406038,Welle,,21261,Harburg,Niedersachsen,53.240407,9.801616,1214
072355003146,Wellen,,54441,Trier-Saarburg,Rheinland-Pfalz,49.668719,6.435928,814
083255003064,Wellendingen,,78669,Rottweil,Baden-Württemberg,48.147478,8.703656,3317
091760166166,Wellheim,M,91809,Eichstätt,Bayern,48.817667,11.082834,2716
071375002112,Welling,,56753,Mayen-Koblenz,Rheinland-Pfalz,50.328921,7.313444,950
010515169125,Welmbüttel,,25782,Dithmarschen,Schleswig-Holstein,54.196873,9.246826,409
072355007501,Welschbillig,,54298,Trier-Saarburg,Rheinland-Pfalz,49.853071,6.568474,2515
071375003113,Welschenbach,,56729,Mayen-Koblenz,Rheinland-Pfalz,50.363331,7.062834,48
071435004079,Welschneudorf,,56412,Westerwaldkreis,Rheinland-Pfalz,50.371558,7.797824,971
010545417148,Welt,,25836,Nordfriesland,Schleswig-Holstein,54.302402,8.79406,187
071415007137,Welterod,,56357,Rhein-Lahn-Kreis,Rheinland-Pfalz,50.132342,7.888793,464
071435009307,Weltersburg,,56459,Westerwaldkreis,Rheinland-Pfalz,50.523262,7.957829,311
059740048048,Welver,,59514,Soest,Nordrhein-Westfalen,51.618557,7.957742,11999
081195005084,Welzheim,Stadt,73642,Rems-Murr-Kreis,Baden-Württemberg,48.874336,9.63467,11264
120710408408,Welzow/Wjelcej,Stadt,03119,Spree-Neiße,Brandenburg,51.581019,14.171628,3102
083365006094,Wembach,,79677,Lörrach,Baden-Württemberg,47.772937,7.888029,304
097795723228,Wemding,St,86650,Donau-Ries,Bayern,48.874451,10.723207,5757
031570008008,Wendeburg,,38176,Peine,Niedersachsen,52.326393,10.385712,10199
073315005070,Wendelsheim,,55234,Alzey-Worms,Rheinland-Pfalz,49.767363,7.996509,1444
095760151151,Wendelstein,M,90530,Roth,Bayern,49.354851,11.1449,16446
059660028028,Wenden,,57482,Olpe,Nordrhein-Westfalen,50.969338,7.873424,19415
130735355098,Wendisch Baggendorf,,18513,Vorpommern-Rügen,Mecklenburg-Vorpommern,54.074132,12.943523,521
033555406040,Wendisch Evern,,21403,Lüneburg,Niedersachsen,53.215563,10.471354,1729
120675707520,Wendisch Rietz,,15864,Oder-Spree,Brandenburg,52.216425,14.005932,1662
081165009071,Wendlingen am Neckar,Stadt,73240,Esslingen,Baden-Württemberg,48.672462,9.379528,15988
130735358099,Wendorf,,18442,Vorpommern-Rügen,Mecklenburg-Vorpommern,54.250386,13.07226,867
010575755087,Wendtorf,,24235,Plön,Schleswig-Holstein,54.409817,10.292376,963
092745222188,Weng,,84187,Landshut,Bayern,48.658549,12.369576,1373
010515175126,Wennbüttel,,25767,Dithmarschen,Schleswig-Holstein,54.139359,9.325945,94
032410020020,Wennigsen (Deister),,30974,Region Hannover,Niedersachsen,52.274405,9.574146,14251
010545439149,Wenningstedt-Braderup (Sylt),,25996,Nordfriesland,Schleswig-Holstein,54.931063,8.319785,1406
010605086097,Wensin,,23827,Segeberg,Schleswig-Holstein,53.980996,10.412545,905
010535391130,Wentorf (Amt Sandesneben),,23898,Herzogtum Lauenburg,Schleswig-Holstein,53.67663,10.474911,725
010530129129,Wentorf bei Hamburg,,21465,Herzogtum Lauenburg,Schleswig-Holstein,53.491012,10.2519,13414
032559508508,Wenzen,gemfr. Gebiet,,Holzminden,Niedersachsen,51.904088,9.805732,0
093750208208,Wenzenbach,,93173,Regensburg,Bayern,49.076396,12.200621,8757
033535403039,Wenzendorf,,21279,Harburg,Niedersachsen,53.350055,9.772342,1553
120695918648,Wenzlow,,14778,Potsdam-Mittelmark,Brandenburg,52.30047,12.445311,545
081285004128,Werbach,,97956,Main-Tauber-Kreis,Baden-Württemberg,49.670749,9.638538,3180
150905051610,Werben (Elbe),Hansestadt,39615,Stendal,Sachsen-Anhalt,52.860907,11.982379,899
120715101412,Werben/Wjerbno,,03096,Spree-Neiße,Brandenburg,51.812236,14.185192,1749
145235402460,Werda,,08223,Vogtlandkreis,Sachsen,50.438303,12.304045,1479
145240300300,Werdau,Stadt,08412,Zwickau,Sachsen,50.736044,12.378671,20520
130715163158,Werder,,17089,Mecklenburgische Seenplatte,Mecklenburg-Vorpommern,53.71616,13.357057,516
130765655151,Werder,,19386,Ludwigslust-Parchim,Mecklenburg-Vorpommern,53.500246,12.00816,313
120690656656,Werder (Havel),Stadt,14542,Potsdam-Mittelmark,Brandenburg,52.376456,12.934139,27065
059620060060,Werdohl,Stadt,58791,Märkischer Kreis,Nordrhein-Westfalen,51.259614,7.766853,17618
034625401017,Werdum,,26427,Wittmund,Niedersachsen,53.65867,7.715879,712
071325010114,Werkhausen,,57635,Altenkirchen (Westerwald),Rheinland-Pfalz,50.721766,7.534161,226
059740052052,Werl,Stadt,59457,Soest,Nordrhein-Westfalen,51.553548,7.913783,29600
034545409057,Werlte,Stadt,49757,Emsland,Niedersachsen,52.851059,7.678432,10382
053780032032,Wermelskirchen,Stadt,42929,Rheinisch-Bergischer Kreis,Nordrhein-Westfalen,51.140138,7.216722,34375
147300330330,Wermsdorf,,04779,Nordsachsen,Sachsen,51.283787,12.939444,5148
081160072072,Wernau (Neckar),Stadt,73249,Esslingen,Baden-Württemberg,48.689366,9.421663,12200
093760150150,Wernberg-Köblitz,M,92533,Schwandorf,Bayern,49.539573,12.161587,5494
160755005124,Wernburg,,07381,Saale-Orla-Kreis,Thüringen,50.677443,11.600496,614
059780040040,Werne,Stadt,59368,Unna,Nordrhein-Westfalen,51.663179,7.635119,30202
096780193193,Werneck,M,97440,Schweinfurt,Bayern,49.982612,10.099729,10051
073375001083,Wernersberg,,76857,Südliche Weinstraße,Rheinland-Pfalz,49.190214,7.92763,1092
120600280280,Werneuchen,Stadt,16356,Barnim,Brandenburg,52.630925,13.730878,9397
150850370370,Wernigerode,Stadt,38855,Harz,Sachsen-Anhalt,51.834471,10.7843,32167
160685009059,Werningshausen,,99634,Sömmerda,Thüringen,51.139395,11.000314,635
071435008080,Weroth,,56414,Westerwaldkreis,Rheinland-Pfalz,50.459377,7.949261,562
034545407058,Werpeloh,,49751,Emsland,Niedersachsen,52.875508,7.507496,1174
160630103103,Werra-Suhl-Tal,Stadt,99837,Wartburgkreis,Thüringen,50.939304,10.068487,6028
071315001082,Wershofen,,53520,Ahrweiler,Rheinland-Pfalz,50.444029,6.812933,908
097800145145,Wertach,M,87497,Oberallgäu,Bayern,47.60257,10.410242,2749
081280131131,Wertheim,Stadt,97877,Main-Tauber-Kreis,Baden-Württemberg,49.759581,9.516823,22874
160620063063,Werther,,99735,Nordhausen,Thüringen,51.492067,10.690773,3047
057540052052,Werther (Westf.),Stadt,33824,Gütersloh,Nordrhein-Westfalen,52.072545,8.411163,11051
097735718182,Wertingen,St,86637,Dillingen a.d.Donau,Bayern,48.561872,10.682594,9486
051700048048,Wesel,Stadt,46483,Wesel,Nordrhein-Westfalen,51.65733,6.617306,60785
073405009055,Weselberg,,66919,Südwestpfalz,Rheinland-Pfalz,49.335593,7.607173,1303
010625244094,Wesenberg,,23858,Stormarn,Schleswig-Holstein,53.826999,10.511206,1637
130715155159,Wesenberg,Stadt,17255,Mecklenburgische Seenplatte,Mecklenburg-Vorpommern,53.281414,12.970368,2992
031515407038,Wesendorf,,29392,Gifhorn,Niedersachsen,52.592922,10.534582,5549
066330030030,Wesertal,,34399,Kassel,Hessen,51.598795,9.549904,4713
010515178127,Wesselburen,Stadt,25764,Dithmarschen,Schleswig-Holstein,54.212159,8.920686,3368
010515178128,Wesselburener Deichhausen,,25764,Dithmarschen,Schleswig-Holstein,54.174947,8.937237,112
010515178129,Wesselburenerkoog,,25764,Dithmarschen,Schleswig-Holstein,54.239438,8.876475,159
053620040040,Wesseling,Stadt,50389,Rhein-Erft-Kreis,Nordrhein-Westfalen,50.824083,6.979971,38106
010515172130,Wesseln,,25746,Dithmarschen,Schleswig-Holstein,54.208327,9.075443,1370
091880144144,Weßling,,82234,Starnberg,Bayern,48.07449,11.248257,5519
091900158158,Wessobrunn,,82405,Weilheim-Schongau,Bayern,47.874177,11.023972,2237
033605407026,Weste,,29599,Uelzen,Niedersachsen,53.059515,10.706469,909
097725706217,Westendorf,,86707,Augsburg,Bayern,48.5734,10.836618,1710
097775751182,Westendorf,,87679,Ostallgäu,Bayern,47.932307,10.713095,1937
010585803171,Westensee,,24259,Rendsburg-Eckernförde,Schleswig-Holstein,54.274997,9.897116,1503
010545453152,Wester-Ohrstedt,,25885,Nordfriesland,Schleswig-Holstein,54.507226,9.190063,1105
010625244083,Westerau,,23847,Stormarn,Schleswig-Holstein,53.77882,10.489307,778
010515169131,Westerborstel,,25782,Dithmarschen,Schleswig-Holstein,54.220127,9.260601,107
071435009308,Westerburg,Stadt,56457,Westerwaldkreis,Rheinland-Pfalz,50.563166,7.970023,6002
010515178132,Westerdeichstrich,,25761,Dithmarschen,Schleswig-Holstein,54.162006,8.863517,783
033555404041,Westergellersen,,21394,Lüneburg,Niedersachsen,53.235672,10.24207,1994
084255007134,Westerheim,,72589,Alb-Donau-Kreis,Baden-Württemberg,48.515159,9.624072,3074
097785762214,Westerheim,,87784,Unterallgäu,Bayern,48.01194,10.304083,2256
010545417150,Westerhever,,25881,Nordfriesland,Schleswig-Holstein,54.382315,8.67563,89
034625402018,Westerholt,,26556,Wittmund,Niedersachsen,53.590175,7.457856,2626
010595937178,Westerholz,,24977,Schleswig-Flensburg,Schleswig-Holstein,54.817328,9.668774,741
010565636051,Westerhorn,,25364,Pinneberg,Schleswig-Holstein,53.857844,9.681996,1284
055660092092,Westerkappeln,,49492,Steinfurt,Nordrhein-Westfalen,52.314798,7.877587,10876
010615104109,Westermoor,,25597,Steinburg,Schleswig-Holstein,53.914039,9.626905,393
096715604159,Westerngrund,,63825,Aschaffenburg,Bayern,50.125878,9.240606,1968
071435006309,Westernohe,,56479,Westerwaldkreis,Rheinland-Pfalz,50.587473,8.098794,961
010605086098,Westerrade,,23815,Segeberg,Schleswig-Holstein,53.935884,10.45969,451
010585853172,Westerrönfeld,,24784,Rendsburg-Eckernförde,Schleswig-Holstein,54.280365,9.646005,4887
034510007007,Westerstede,Stadt,26655,Ammerland,Niedersachsen,53.25741,7.923336,23938
084255004135,Westerstetten,,89198,Alb-Donau-Kreis,Baden-Württemberg,48.521516,9.950835,2111
033575407053,Westertimke,,27412,Rotenburg (Wümme),Niedersachsen,53.239068,9.132836,433
033575401054,Westerwalsede,,27386,Rotenburg (Wümme),Niedersachsen,53.032894,9.363692,738
160655002079,Westgreußen,,99718,Kyffhäuserkreis,Thüringen,51.238938,10.916297,351
081365004082,Westhausen,,73463,Ostalbkreis,Baden-Württemberg,48.884017,10.186554,6136
160695004056,Westhausen,,98663,Hildburghausen,Thüringen,50.316624,10.659516,560
150835051557,Westheide,,39345,Börde,Sachsen-Anhalt,52.303615,11.460626,1657
095775536179,Westheim,,91747,Weißenburg-Gunzenhausen,Bayern,49.003705,10.66252,1136
073345005033,Westheim (Pfalz),,67368,Germersheim,Rheinland-Pfalz,49.249181,8.32364,1720
073315007071,Westhofen,,67593,Alzey-Worms,Rheinland-Pfalz,49.704202,8.246372,3348
034570022022,Westoverledingen,,26810,Leer,Niedersachsen,53.166927,7.454007,21127
010545489154,Westre,,25926,Nordfriesland,Schleswig-Holstein,54.856605,8.987549,350
150845054560,Wethau,,06618,Burgenlandkreis,Sachsen-Anhalt,51.137983,11.857316,822
032515405046,Wetschen,,49453,Diepholz,Niedersachsen,52.612875,8.448796,1872
065310018018,Wettenberg,,35435,Gießen,Hessen,50.621103,8.635015,12077
065340021021,Wetter (Hessen),Stadt,35083,Marburg-Biedenkopf,Hessen,50.903328,8.723954,8867
059540032032,Wetter (Ruhr),Stadt,58300,Ennepe-Ruhr-Kreis,Nordrhein-Westfalen,51.383741,7.390737,26090
150845052565,Wetterzeube,,06722,Burgenlandkreis,Sachsen-Anhalt,51.006688,12.013142,1645
150880216216,Wettin-Löbejün,Stadt,06193,Saalekreis,Sachsen-Anhalt,51.637419,11.901719,9554
072325008133,Wettlingen,,54646,Eifelkreis Bitburg-Prüm,Rheinland-Pfalz,49.929702,6.406119,31
055660096096,Wettringen,,48493,Steinfurt,Nordrhein-Westfalen,52.209339,7.319404,8295
095715502222,Wettringen,,91631,Ansbach,Bayern,49.258406,10.156711,983
034545405059,Wettrup,,49838,Emsland,Niedersachsen,52.589256,7.59702,533
091760167167,Wettstetten,,85139,Eichstätt,Bayern,48.824094,11.414983,5184
065320023023,Wetzlar,Stadt,35578,Lahn-Dill-Kreis,Hessen,50.554439,8.501069,54665
010615179110,Wewelsfleth,,25599,Steinburg,Schleswig-Holstein,53.842946,9.399714,1369
091820137137,Weyarn,,83629,Miesbach,Bayern,47.857561,11.801372,3790
071415009138,Weyer,,56357,Rhein-Lahn-Kreis,Rheinland-Pfalz,50.196457,7.722196,483
071325010115,Weyerbusch,,57635,Altenkirchen (Westerwald),Rheinland-Pfalz,50.712833,7.550699,1516
031515401039,Weyhausen,,38554,Gifhorn,Niedersachsen,52.463114,10.715933,2735
032510047047,Weyhe,,28844,Diepholz,Niedersachsen,52.981355,8.840023,30975
073375003084,Weyher in der Pfalz,,76835,Südliche Weinstraße,Rheinland-Pfalz,49.267871,8.084106,534
160745015112,Wichmar,,07774,Saale-Holzland-Kreis,Thüringen,51.033406,11.687783,225
059740056056,Wickede (Ruhr),,58739,Soest,Nordrhein-Westfalen,51.49641,7.870363,11637
071345005093,Wickenrodt,,55758,Birkenfeld,Rheinland-Pfalz,49.815692,7.358916,163
081255007103,Widdern,Stadt,74259,Heilbronn,Baden-Württemberg,49.318041,9.421596,1782
071405009161,Wiebelsheim,,56291,Rhein-Hunsrück-Kreis,Rheinland-Pfalz,50.076697,7.636819,604
130735354100,Wieck a. Darß,,18375,Vorpommern-Rügen,Mecklenburg-Vorpommern,54.410101,12.571865,698
071435002310,Wied,,57629,Westerwaldkreis,Rheinland-Pfalz,50.637823,7.755416,548
147300340340,Wiedemar,,04509,Nordsachsen,Sachsen,51.465778,12.207248,5544
083365006096,Wieden,,79695,Lörrach,Baden-Württemberg,47.841721,7.88345,560
010615189111,Wiedenborstel,,24613,Steinburg,Schleswig-Holstein,54.04215,9.761351,10
032575404037,Wiedensahl,Flecken,31719,Schaumburg,Niedersachsen,52.383095,9.1198,893
097785764216,Wiedergeltingen,,86879,Unterallgäu,Bayern,48.039749,10.673163,1480
034510008008,Wiefelstede,,26215,Ammerland,Niedersachsen,53.255296,8.116738,16469
160715008095,Wiegendorf,,99510,Weimarer Land,Thüringen,50.984929,11.4361,313
053740048048,Wiehl,Stadt,51674,Oberbergischer Kreis,Nordrhein-Westfalen,50.949871,7.547029,25164
130735359101,Wiek,,18556,Vorpommern-Rügen,Mecklenburg-Vorpommern,54.621252,13.290399,961
034565404024,Wielen,,49847,Grafschaft Bentheim,Niedersachsen,52.546959,6.733946,483
091900159159,Wielenbach,,82407,Weilheim-Schongau,Bayern,47.874594,11.157836,3425
010605005099,Wiemersdorf,,24649,Segeberg,Schleswig-Holstein,53.95794,9.90454,1724
010515169133,Wiemerstedt,,25779,Dithmarschen,Schleswig-Holstein,54.269259,9.11111,158
130725261116,Wiendorf,,18258,Landkreis Rostock,Mecklenburg-Vorpommern,53.94856,12.151213,818
033515402022,Wienhausen,Klostergemeinde,29342,Celle,Niedersachsen,52.57957,10.186005,3970
082365001065,Wiernsheim,,75446,Enzkreis,Baden-Württemberg,48.890993,8.852211,6778
071375002114,Wierschem,,56294,Mayen-Koblenz,Rheinland-Pfalz,50.225822,7.35124,338
072325008134,Wiersdorf,,54636,Eifelkreis Bitburg-Prüm,Rheinland-Pfalz,50.007805,6.453712,259
010535323131,Wiershop,,21502,Herzogtum Lauenburg,Schleswig-Holstein,53.442501,10.451895,219
093775351159,Wiesau,M,95676,Tirschenreuth,Bayern,49.910475,12.179052,3916
073405008227,Wiesbach,,66894,Südwestpfalz,Rheinland-Pfalz,49.333828,7.45343,476
064140000000,Wiesbaden,Landeshauptstadt,65183,Wiesbaden,Hessen,50.081698,8.239138,288850
072335006083,Wiesbaum,,54578,Vulkaneifel,Rheinland-Pfalz,50.341207,6.669197,633
071315001083,Wiesemscheid,,53534,Ahrweiler,Rheinland-Pfalz,50.336403,6.891624,263
096715604162,Wiesen,,63831,Aschaffenburg,Bayern,50.112221,9.363698,1018
120675701528,Wiesenau,,15295,Oder-Spree,Brandenburg,52.230713,14.591206,1225
120635302142,Wiesenaue,,14662,Havelland,Brandenburg,52.727519,12.62743,766
082265005097,Wiesenbach,,69257,Rhein-Neckar-Kreis,Baden-Württemberg,49.361319,8.803146,3181
097745731189,Wiesenbach,,86519,Günzburg,Bayern,48.303642,10.313066,1024
096755615177,Wiesenbronn,,97355,Kitzingen,Bayern,49.747215,10.305512,1083
120690665665,Wiesenburg/Mark,,14827,Potsdam-Mittelmark,Brandenburg,52.114356,12.454639,4182
096719461461,Wiesener Forst,,,Aschaffenburg,Bayern,50.113165,9.334437,0
160615014105,Wiesenfeld,,37308,Eichsfeld,Thüringen,51.269338,10.106792,229
092780197197,Wiesenfelden,,94344,Straubing-Bogen,Bayern,49.04197,12.538123,3912
120715102414,Wiesengrund/Łukojce,,03149,Spree-Neiße,Brandenburg,51.675179,14.536405,1338
081175007058,Wiesensteig,Stadt,73349,Göppingen,Baden-Württemberg,48.561947,9.625129,2001
093750209209,Wiesent,,93109,Regensburg,Bayern,49.007369,12.379494,2647
160635059086,Wiesenthal,,36466,Wartburgkreis,Thüringen,50.702214,10.169147,703
094745422175,Wiesenthau,,91369,Forchheim,Bayern,49.711875,11.13501,1591
096755614178,Wiesentheid,M,97353,Kitzingen,Bayern,49.794578,10.343607,4875
094740176176,Wiesenttal,M,91346,Forchheim,Bayern,49.803009,11.263003,2539
095715507223,Wieseth,,91632,Ansbach,Bayern,49.160911,10.482033,1329
082265010098,Wiesloch,Stadt,69168,Rhein-Neckar-Kreis,Baden-Württemberg,49.293493,8.701276,27731
034520025025,Wiesmoor,Stadt,26639,Aurich,Niedersachsen,53.417153,7.739544,13875
096775656200,Wiesthal,,97859,Main-Spessart,Bayern,50.030589,9.430765,1232
073365008104,Wiesweiler,,67744,Kusel,Rheinland-Pfalz,49.639241,7.569746,387
034560025025,Wietmarschen,,49835,Grafschaft Bentheim,Niedersachsen,52.51958,7.132326,12959
033510023023,Wietze,,29323,Celle,Niedersachsen,52.654604,9.840504,7387
032565411036,Wietzen,,31613,Nienburg (Weser),Niedersachsen,52.71264,9.082455,1967
033580023023,Wietzendorf,,29649,Heidekreis,Niedersachsen,52.917429,9.97608,4176
097800146146,Wiggensbach,M,87487,Oberallgäu,Bayern,47.745013,10.231536,5065
095715508224,Wilburgstetten,,91634,Ansbach,Bayern,49.026437,10.391069,2013
120610540540,Wildau,Stadt,15745,Dahme-Spreewald,Brandenburg,52.321356,13.636571,10717
082350080080,Wildberg,Stadt,72218,Calw,Baden-Württemberg,48.625146,8.746753,9977
130715163160,Wildberg,,17091,Mecklenburgische Seenplatte,Mecklenburg-Vorpommern,53.652363,13.121768,459
066320020020,Wildeck,,36208,Hersfeld-Rotenburg,Hessen,50.950096,10.032108,4701
092735218181,Wildenberg,,93359,Kelheim,Bayern,48.731995,11.904707,1422
145240310310,Wildenfels,Stadt,08134,Zwickau,Sachsen,50.668207,12.608959,3452
034580014014,Wildeshausen,Stadt,27793,Oldenburg,Niedersachsen,52.894686,8.431942,21155
096720163163,Wildflecken,M,97772,Bad Kissingen,Bayern,50.375776,9.906676,2876
097800147147,Wildpoldsried,,87499,Oberallgäu,Bayern,47.768108,10.402917,2583
091905180160,Wildsteig,,82409,Weilheim-Schongau,Bayern,47.7019,10.933943,1385
073405002057,Wilgartswiesen,,76848,Südwestpfalz,Rheinland-Pfalz,49.209601,7.87865,970
130755559143,Wilhelmsburg,,17379,Vorpommern-Greifswald,Mecklenburg-Vorpommern,53.64175,13.859025,747
084365008083,Wilhelmsdorf,,88271,Ravensburg,Baden-Württemberg,47.867494,9.425067,4813
095755520181,Wilhelmsdorf,,91489,Neustadt a.d.Aisch-Bad Windsheim,Bayern,49.563552,10.737654,1430
160755013125,Wilhelmsdorf,,07389,Saale-Orla-Kreis,Thüringen,50.630679,11.550939,192
082265007099,Wilhelmsfeld,,69259,Rhein-Neckar-Kreis,Baden-Württemberg,49.470322,8.753624,3332
034050000000,Wilhelmshaven,Stadt,26382,Wilhelmshaven,Niedersachsen,53.520302,8.111156,75745
094760189189,Wilhelmsthal,,96352,Kronach,Bayern,50.310361,11.372148,3390
095730133133,Wilhermsdorf,M,91452,Fürth,Bayern,49.482063,10.717409,5158
145240320320,Wilkau-Haßlau,Stadt,08112,Zwickau,Sachsen,50.673643,12.515553,9418
096755616179,Willanzheim,M,97348,Kitzingen,Bayern,49.680328,10.231733,1589
057620040040,Willebadessen,Stadt,34439,Höxter,Nordrhein-Westfalen,51.624696,9.028703,8281
010615189112,Willenscharen,,24616,Steinburg,Schleswig-Holstein,54.010043,9.80818,169
051660036036,Willich,Stadt,47877,Viersen,Nordrhein-Westfalen,51.262051,6.547787,49413
071435006311,Willingen,,56479,Westerwaldkreis,Rheinland-Pfalz,50.667278,8.087468,280
066350022022,Willingen (Upland),,34508,Waldeck-Frankenberg,Hessen,51.29345,8.614084,5672
066340026026,Willingshausen,,34628,Schwalm-Eder-Kreis,Hessen,50.850048,9.195907,4567
096735639182,Willmars,,97647,Rhön-Grabfeld,Bayern,50.501247,10.241892,555
071435009312,Willmenrod,,56459,Westerwaldkreis,Rheinland-Pfalz,50.540284,7.979439,675
093720175175,Willmering,,93497,Cham,Bayern,49.245582,12.670214,2020
071325010116,Willroth,,56594,Altenkirchen (Westerwald),Rheinland-Pfalz,50.568471,7.526286,991
083170141141,Willstätt,,77731,Ortenaukreis,Baden-Württemberg,48.541564,7.893251,10124
072315009132,Willwerscheid,,54533,Bernkastel-Wittlich,Rheinland-Pfalz,50.037361,6.930776,54
059700044044,Wilnsdorf,,57234,Siegen-Wittgenstein,Nordrhein-Westfalen,50.815392,8.103838,20039
146280410410,Wilsdruff,Stadt,01723,Sächsische Schweiz-Osterzgebirge,Sachsen,51.052092,13.537465,14583
072325008135,Wilsecker,,54655,Eifelkreis Bitburg-Prüm,Rheinland-Pfalz,50.025784,6.583561,173
033575407055,Wilstedt,,27412,Rotenburg (Wümme),Niedersachsen,53.194726,9.092787,1734
010610113113,Wilster,Stadt,25554,Steinburg,Schleswig-Holstein,53.922543,9.374577,4302
034565404026,Wilsum,,49849,Grafschaft Bentheim,Niedersachsen,52.535789,6.855597,1646
146250630630,Wilthen,Stadt,02681,Bautzen,Sachsen,51.097684,14.395526,4642
072355003148,Wiltingen,,54459,Trier-Saarburg,Rheinland-Pfalz,49.65978,6.588791,1356
071345002094,Wilzenberg-Hußweiler,,55767,Birkenfeld,Rheinland-Pfalz,49.705362,7.218546,293
071315001084,Wimbach,,53518,Ahrweiler,Rheinland-Pfalz,50.361391,6.906728,424
150875052470,Wimmelburg,,06313,Mansfeld-Südharz,Sachsen-Anhalt,51.519232,11.510328,1091
082365001067,Wimsheim,,71299,Enzkreis,Baden-Württemberg,48.851899,8.825364,2831
072355008149,Wincheringen,,54457,Trier-Saarburg,Rheinland-Pfalz,49.609496,6.426176,2553
091815144146,Windach,,86949,Landsberg am Lech,Bayern,48.06708,11.035183,3817
092785249198,Windberg,,94336,Straubing-Bogen,Bayern,48.941699,12.745645,1023
010515175134,Windbergen,,25729,Dithmarschen,Schleswig-Holstein,54.044978,9.117779,768
010585893173,Windeby,,24340,Rendsburg-Eckernförde,Schleswig-Holstein,54.477817,9.763299,1011
053820076076,Windeck,,51570,Rhein-Sieg-Kreis,Nordrhein-Westfalen,50.800798,7.607759,19555
095715501225,Windelsbach,,91635,Ansbach,Bayern,49.398478,10.299785,1071
071415010139,Winden,,56379,Rhein-Lahn-Kreis,Rheinland-Pfalz,50.338186,7.830885,734
073345004034,Winden,,76872,Germersheim,Rheinland-Pfalz,49.098548,8.114207,1058
083165002055,Winden im Elztal,,79297,Emmendingen,Baden-Württemberg,48.145109,8.035037,2893
071335011114,Windesheim,,55452,Bad Kreuznach,Rheinland-Pfalz,49.906292,7.81568,1813
071385001077,Windhagen,,53578,Neuwied,Rheinland-Pfalz,50.643153,7.353992,4597
093740168168,Windischeschenbach,St,92670,Neustadt a.d.Waldnaab,Bayern,49.803405,12.155614,4980
160775004052,Windischleuba,,04603,Altenburger Land,Thüringen,51.016437,12.468453,1821
092750159159,Windorf,M,94575,Passau,Bayern,48.626062,13.220593,5005
095710226226,Windsbach,St,91575,Ansbach,Bayern,49.249157,10.830957,6114
160615009107,Wingerode,,37327,Eichsfeld,Thüringen,51.391694,10.237731,1091
033525411056,Wingst,,21789,Cuxhaven,Niedersachsen,53.725276,9.092699,3307
091710137137,Winhöring,,84543,Altötting,Bayern,48.265589,12.651149,4871
072335001084,Winkel (Eifel),,54558,Vulkaneifel,Rheinland-Pfalz,50.147317,6.955568,134
071435002313,Winkelbach,,57644,Westerwaldkreis,Rheinland-Pfalz,50.642742,7.73325,233
095740164164,Winkelhaid,,90610,Nürnberger Land,Bayern,49.388147,11.302872,4184
095749464464,Winkelhaid,,,Nürnberger Land,Bayern,49.403827,11.30536,0
094719461461,Winkelhofer Forst,,,Bamberg,Bayern,49.827576,10.52371,0
034585401015,Winkelsett,,27243,Oldenburg,Niedersachsen,52.872468,8.528063,524
093765339178,Winklarn,M,92559,Schwandorf,Bayern,49.426094,12.481974,1366
010585893174,Winnemark,,24398,Rendsburg-Eckernförde,Schleswig-Holstein,54.615886,9.922134,582
071435009314,Winnen,,56459,Westerwaldkreis,Rheinland-Pfalz,50.571978,8.010154,517
081195006085,Winnenden,Stadt,71364,Rems-Murr-Kreis,Baden-Württemberg,48.877185,9.396202,29876
071315001085,Winnerath,,53520,Ahrweiler,Rheinland-Pfalz,50.429177,6.8751,190
010545492156,Winnert,,25887,Nordfriesland,Schleswig-Holstein,54.433243,9.201381,718
031585407035,Winnigstedt,,38170,Wolfenbüttel,Niedersachsen,52.065285,10.765292,672
071375009230,Winningen,,56333,Mayen-Koblenz,Rheinland-Pfalz,50.316438,7.517828,2390
073335006503,Winnweiler,,67722,Donnersbergkreis,Rheinland-Pfalz,49.567595,7.854076,4765
072325006327,Winringen,,54614,Eifelkreis Bitburg-Prüm,Rheinland-Pfalz,50.155105,6.418207,53
010615138114,Winseldorf,,25551,Steinburg,Schleswig-Holstein,53.943527,9.604867,315
010605048100,Winsen,,24568,Segeberg,Schleswig-Holstein,53.830915,10.015364,373
033510024024,Winsen (Aller),,29308,Celle,Niedersachsen,52.679316,9.90864,12711
033530040040,Winsen (Luhe),Stadt,21423,Harburg,Niedersachsen,53.362425,10.209159,36961
071335006115,Winterbach,,55595,Bad Kreuznach,Rheinland-Pfalz,49.876243,7.634957,474
081195003086,Winterbach,,73650,Rems-Murr-Kreis,Baden-Württemberg,48.799784,9.479554,7638
097745728196,Winterbach,,89368,Günzburg,Bayern,48.464226,10.488332,778
073405009228,Winterbach (Pfalz),,66484,Südwestpfalz,Rheinland-Pfalz,49.303332,7.474195,516
059580048048,Winterberg,Stadt,59955,Hochsauerlandkreis,Nordrhein-Westfalen,51.194349,8.533102,13168
073335007083,Winterborn,,67822,Donnersbergkreis,Rheinland-Pfalz,49.746367,7.864841,160
071335010116,Winterburg,,55595,Bad Kreuznach,Rheinland-Pfalz,49.863263,7.649432,197
096795646206,Winterhausen,M,97286,Würzburg,Bayern,49.707964,10.014912,1422
084175007075,Winterlingen,,72474,Zollernalbkreis,Baden-Württemberg,48.178723,9.117643,6339
097785758217,Winterrieden,,87785,Unterallgäu,Bayern,48.121675,10.224421,933
072325006328,Winterscheid,,54608,Eifelkreis Bitburg-Prüm,Rheinland-Pfalz,50.23107,6.250561,140
073395007066,Wintersheim,,67587,Mainz-Bingen,Rheinland-Pfalz,49.77782,8.282011,276
072325006329,Winterspelt,,54616,Eifelkreis Bitburg-Prüm,Rheinland-Pfalz,50.213184,6.214596,842
071415007140,Winterwerb,,56355,Rhein-Lahn-Kreis,Rheinland-Pfalz,50.236665,7.739564,151
072315001133,Wintrich,,54487,Bernkastel-Wittlich,Rheinland-Pfalz,49.882472,6.953207,928
092710153153,Winzer,M,94577,Deggendorf,Bayern,48.72277,13.076889,3792
097749452452,Winzerwald,,,Günzburg,Bayern,48.213485,10.434489,0
096785643196,Wipfeld,,97537,Schweinfurt,Bayern,49.921203,10.178171,982
053740052052,Wipperfürth,Hansestadt,51688,Oberbergischer Kreis,Nordrhein-Westfalen,51.117041,7.398693,21604
034545401060,Wippingen,,26892,Emsland,Niedersachsen,52.924918,7.406911,993
034525401026,Wirdum,,26529,Aurich,Niedersachsen,53.479095,7.206717,999
071315001086,Wirft,,53534,Ahrweiler,Rheinland-Pfalz,50.372359,6.855984,148
071355001090,Wirfus,,56814,Cochem-Zell,Rheinland-Pfalz,50.199516,7.205913,235
071435010081,Wirges,Stadt,56422,Westerwaldkreis,Rheinland-Pfalz,50.471632,7.796234,5694
094770163163,Wirsberg,M,95339,Kulmbach,Bayern,50.106282,11.605966,1945
071435005082,Wirscheid,,56237,Westerwaldkreis,Rheinland-Pfalz,50.477128,7.668631,347
071345005095,Wirschweiler,,55758,Birkenfeld,Rheinland-Pfalz,49.762725,7.172077,295
010545492157,Wisch,,25876,Nordfriesland,Schleswig-Holstein,54.408531,9.154149,103
010575755088,Wisch,,24217,Plön,Schleswig-Holstein,54.411023,10.344122,639
033595407040,Wischhafen,,21737,Stade,Niedersachsen,53.774789,9.319527,2869
130740087087,Wismar,Hansestadt,23952,Nordwestmecklenburg,Mecklenburg-Vorpommern,53.891577,11.466024,43329
071325008117,Wissen,Stadt,57537,Altenkirchen (Westerwald),Rheinland-Pfalz,50.78031,7.736064,8679
072325008501,Wißmannsdorf,,54636,Eifelkreis Bitburg-Prüm,Rheinland-Pfalz,49.987684,6.443817,796
033535406041,Wistedt,,21255,Harburg,Niedersachsen,53.270395,9.681416,1775
010545488158,Witsum,,25938,Nordfriesland,Schleswig-Holstein,54.698516,8.44106,45
010545492159,Wittbek,,25872,Nordfriesland,Schleswig-Holstein,54.473433,9.204139,795
010545488160,Wittdün auf Amrum,,25946,Nordfriesland,Schleswig-Holstein,54.626534,8.392971,734
095715509227,Wittelshofen,,91749,Ansbach,Bayern,49.060123,10.480991,1246
059540036036,Witten,Stadt,58452,Ennepe-Ruhr-Kreis,Nordrhein-Westfalen,51.438718,7.337177,91808
130725251117,Wittenbeck,,18209,Landkreis Rostock,Mecklenburg-Vorpommern,54.124463,11.788644,899
150910375375,Wittenberg,Lutherstadt,06886,Wittenberg,Sachsen-Anhalt,51.867003,12.645554,45249
120700424424,Wittenberge,Stadt,19322,Prignitz,Brandenburg,52.993574,11.751411,17058
010615104115,Wittenbergen,,25548,Steinburg,Schleswig-Holstein,53.933763,9.680696,174
010605053101,Wittenborn,,23829,Segeberg,Schleswig-Holstein,53.926269,10.223554,1091
130765666152,Wittenburg,Stadt,19243,Ludwigslust-Parchim,Mecklenburg-Vorpommern,53.511635,11.074364,6300
130765666153,Wittendörp,,19243,Ludwigslust-Parchim,Mecklenburg-Vorpommern,53.534073,11.115671,2876
130765665154,Wittenförden,,19073,Ludwigslust-Parchim,Mecklenburg-Vorpommern,53.626663,11.330149,2421
130735356102,Wittenhagen,,18510,Vorpommern-Rügen,Mecklenburg-Vorpommern,54.183826,13.070064,1129
160685050061,Witterda,,99189,Sömmerda,Thüringen,51.034941,10.890092,1068
071435005084,Wittgert,,56237,Westerwaldkreis,Rheinland-Pfalz,50.496697,7.698238,636
092770152152,Wittibreut,,84384,Rottal-Inn,Bayern,48.329607,12.98755,1940
146250640640,Wittichenau / Kulow,Stadt,02997,Bautzen,Sachsen,51.385325,14.243586,5554
081285003137,Wittighausen,,97957,Main-Tauber-Kreis,Baden-Württemberg,49.612832,9.838518,1789
031510040040,Wittingen,Stadt,29378,Gifhorn,Niedersachsen,52.72877,10.740212,11136
097735715183,Wittislingen,M,89426,Dillingen a.d.Donau,Bayern,48.620356,10.414959,2546
072310134134,Wittlich,Stadt,54516,Bernkastel-Wittlich,Rheinland-Pfalz,49.98627,6.889134,19049
083365008100,Wittlingen,,79599,Lörrach,Baden-Württemberg,47.65692,7.648466,930
031585407036,Wittmar,,38329,Wolfenbüttel,Niedersachsen,52.131201,10.640957,1055
010575739089,Wittmoldt,,24306,Plön,Schleswig-Holstein,54.174882,10.349133,160
034620019019,Wittmund,Stadt,26409,Wittmund,Niedersachsen,53.575515,7.780018,20037
083155007125,Wittnau,,79299,Breisgau-Hochschwarzwald,Baden-Württemberg,47.946229,7.816038,1470
033555402042,Wittorf,,21357,Lüneburg,Niedersachsen,53.331506,10.380266,1548
120680468468,Wittstock/Dosse,Stadt,16909,Ostprignitz-Ruppin,Brandenburg,53.163299,12.485875,13804
010535318132,Witzeeze,,21514,Herzogtum Lauenburg,Schleswig-Holstein,53.452652,10.610144,941
066360016016,Witzenhausen,Stadt,37213,Werra-Meißner-Kreis,Hessen,51.341392,9.858869,15132
010625270086,Witzhave,,22969,Stormarn,Schleswig-Holstein,53.567605,10.337873,1523
130765664155,Witzin,,19406,Ludwigslust-Parchim,Mecklenburg-Vorpommern,53.723695,11.919943,437
160705009054,Witzleben,,99310,Ilm-Kreis,Thüringen,50.824122,11.112346,614
092755229160,Witzmannsberg,,94104,Passau,Bayern,48.716361,13.413497,1548
010545492161,Witzwort,,25889,Nordfriesland,Schleswig-Holstein,54.399484,8.984464,1043
010545492162,Wobbenbüll,,25856,Nordfriesland,Schleswig-Holstein,54.530418,8.992516,474
130715157161,Woggersin,,17039,Mecklenburgische Seenplatte,Mecklenburg-Vorpommern,53.608107,13.230296,510
010595996096,Wohlde,,24899,Schleswig-Flensburg,Schleswig-Holstein,54.404782,9.294745,513
010535323133,Wohltorf,,21521,Herzogtum Lauenburg,Schleswig-Holstein,53.517253,10.291254,2575
033575405056,Wohnste,,27419,Rotenburg (Wümme),Niedersachsen,53.356376,9.523874,794
065340022022,Wohratal,,35288,Marburg-Biedenkopf,Hessen,50.933473,8.946874,2142
130715156162,Wokuhl-Dabelow,,17237,Mecklenburgische Seenplatte,Mecklenburg-Vorpommern,53.285911,13.20154,578
130715163163,Wolde,,17091,Mecklenburgische Seenplatte,Mecklenburg-Vorpommern,53.678311,13.078258,549
130715164164,Woldegk,Windmühlenstadt,17348,Mecklenburgische Seenplatte,Mecklenburg-Vorpommern,53.459087,13.58319,4045
071385005078,Woldert,,57614,Neuwied,Rheinland-Pfalz,50.602477,7.647602,557
083175013145,Wolfach,Stadt,77709,Ortenaukreis,Baden-Württemberg,48.298549,8.222231,5571
084365006085,Wolfegg,,88364,Ravensburg,Baden-Württemberg,47.820361,9.793215,3861
031580037037,Wolfenbüttel,Stadt,38300,Wolfenbüttel,Niedersachsen,52.163491,10.536202,52604
093769455455,Wolferlohe,,,Schwandorf,Bayern,49.307257,11.989685,0
091785130156,Wolfersdorf,,85395,Freising,Bayern,48.478796,11.708788,2575
097795723231,Wolferstadt,,86709,Donau-Ries,Bayern,48.902579,10.780292,1113
097785768218,Wolfertschwenden,,87787,Unterallgäu,Bayern,47.894552,10.262371,2121
066330028028,Wolfhagen,Hans-Staden-Stadt,34466,Kassel,Hessen,51.326016,9.169659,12582
095715538229,Wolframs-Eschenbach,St,91639,Ansbach,Bayern,49.226119,10.723299,3282
091730147147,Wolfratshausen,St,82515,Bad Tölz-Wolfratshausen,Bayern,47.912703,11.420767,19658
091739452452,Wolfratshauser Forst,,,Bad Tölz-Wolfratshausen,Bayern,47.865663,11.496089,0
031030000000,Wolfsburg,Stadt,38440,Wolfsburg,Niedersachsen,52.421938,10.784975,129560
081165005073,Wolfschlugen,,72649,Esslingen,Baden-Württemberg,48.653445,9.288023,6199
093755334211,Wolfsegg,,93195,Regensburg,Bayern,49.107689,11.976646,1515
073395008202,Wolfsheim,,55578,Mainz-Bingen,Rheinland-Pfalz,49.873147,8.041189,807
073365008105,Wolfstein,Stadt,67752,Kusel,Rheinland-Pfalz,49.583693,7.606193,1835
130755551144,Wolgast,Stadt,17438,Vorpommern-Greifswald,Mecklenburg-Vorpommern,54.052886,13.774621,10991
071375009231,Wolken,,56332,Mayen-Koblenz,Rheinland-Pfalz,50.336645,7.472396,1136
145210670670,Wolkenstein,Stadt,09429,Erzgebirgskreis,Sachsen,50.65634,13.067596,3762
096735638183,Wollbach,,97618,Rhön-Grabfeld,Bayern,50.365686,10.225025,1420
031595402037,Wollbrandshausen,,37434,Göttingen,Niedersachsen,51.586754,10.161618,628
031595402038,Wollershausen,,37434,Göttingen,Niedersachsen,51.596047,10.256335,433
120695918680,Wollin,,14778,Potsdam-Mittelmark,Brandenburg,52.281348,12.46892,805
071355003091,Wollmerath,,56826,Cochem-Zell,Rheinland-Pfalz,50.154927,6.979815,202
010515175135,Wolmersdorf,,25704,Dithmarschen,Schleswig-Holstein,54.077114,9.103978,323
150895051365,Wolmirsleben,,39435,Salzlandkreis,Sachsen-Anhalt,51.947359,11.487354,1380
150830565565,Wolmirstedt,Stadt,39326,Börde,Sachsen-Anhalt,52.250321,11.628077,12323
091860162162,Wolnzach,M,85283,Pfaffenhofen a.d.Ilm,Bayern,48.603872,11.627682,11623
081275005099,Wolpertshausen,,74549,Schwäbisch Hall,Baden-Württemberg,49.167105,9.845223,2365
084365009087,Wolpertswende,,88284,Ravensburg,Baden-Württemberg,47.895287,9.613345,4087
031545403026,Wolsdorf,,38379,Helmstedt,Niedersachsen,52.190723,10.941747,925
072325008137,Wolsfeld,,54636,Eifelkreis Bitburg-Prüm,Rheinland-Pfalz,49.90632,6.467446,1074
010535313134,Woltersdorf,,21516,Herzogtum Lauenburg,Schleswig-Holstein,53.576862,10.640176,344
033545407025,Woltersdorf,,29497,Lüchow-Dannenberg,Niedersachsen,52.953664,11.22332,871
120670544544,Woltersdorf,,15569,Oder-Spree,Brandenburg,52.450193,13.756782,8386
071405004163,Womrath,,55481,Rhein-Hunsrück-Kreis,Rheinland-Pfalz,49.917564,7.448023,187
096745613219,Wonfurt,,97539,Haßberge,Bayern,50.011902,10.466646,1878
091895173165,Wonneberg,,83379,Traunstein,Bayern,47.914614,12.719085,1549
094775438164,Wonsees,M,96197,Kulmbach,Bayern,49.976758,11.298461,1139
073315005075,Wonsheim,,55599,Alzey-Worms,Rheinland-Pfalz,49.782176,7.963894,978
071405004164,Woppenroth,,55490,Rhein-Hunsrück-Kreis,Rheinland-Pfalz,49.874435,7.413774,216
097785768219,Woringen,,87789,Unterallgäu,Bayern,47.923644,10.200981,2134
073190000000,Worms,Stadt,67547,Worms,Rheinland-Pfalz,49.629828,8.361704,86753
033560011011,Worpswede,,27726,Osterholz,Niedersachsen,53.222854,8.925015,9328
010535323135,Worth,,21502,Herzogtum Lauenburg,Schleswig-Holstein,53.467545,10.408431,169
130755563145,Wrangelsburg,,17495,Vorpommern-Greifswald,Mecklenburg-Vorpommern,54.017065,13.59402,232
033605408030,Wrestedt,,29559,Uelzen,Niedersachsen,52.901997,10.572386,6130
033605407029,Wriedel,,29565,Uelzen,Niedersachsen,53.031918,10.299221,2240
120640512512,Wriezen,Stadt,16269,Märkisch-Oderland,Brandenburg,52.720931,14.134186,7107
010615189116,Wrist,,25563,Steinburg,Schleswig-Holstein,53.930952,9.7507,2347
010545488163,Wrixum,,25938,Nordfriesland,Schleswig-Holstein,54.699012,8.549002,581
010515169136,Wrohm,,25799,Dithmarschen,Schleswig-Holstein,54.212642,9.379505,743
033535405042,Wulfsen,,21445,Harburg,Niedersachsen,53.300186,10.144412,1676
010615189117,Wulfsmoor,,25563,Steinburg,Schleswig-Holstein,53.911925,9.724143,381
031595403039,Wulften am Harz,,37199,Göttingen,Niedersachsen,51.662753,10.176939,1789
130715157166,Wulkenzin,,17039,Mecklenburgische Seenplatte,Mecklenburg-Vorpommern,53.5456,13.168469,1523
160685009062,Wundersleben,,99610,Sömmerda,Thüringen,51.154855,11.037484,617
094790169169,Wunsiedel,St,95632,Wunsiedel i.Fichtelgebirge,Bayern,50.037027,12.002966,8970
032410021021,Wunstorf,Stadt,31515,Region Hannover,Niedersachsen,52.425436,9.424195,41211
051240000000,Wuppertal,Stadt,42275,Wuppertal,Nordrhein-Westfalen,51.271288,7.195874,358193
092770153153,Wurmannsquick,M,84329,Rottal-Inn,Bayern,48.352526,12.78565,3364
082365001068,Wurmberg,,75449,Enzkreis,Baden-Württemberg,48.870876,8.819731,3264
083275006054,Wurmlingen,,78573,Tuttlingen,Baden-Württemberg,48.004959,8.779827,3949
092745227193,Wurmsham,,84189,Landshut,Bayern,48.343045,12.337279,1355
033520061061,Wurster Nordseeküste,,27639,Cuxhaven,Niedersachsen,53.688724,8.5677,16769
160750133133,Wurzbach,Stadt,07343,Saale-Orla-Kreis,Thüringen,50.463722,11.536895,2864
147290410410,Wurzen,Stadt,04808,Leipzig,Sachsen,51.369968,12.735166,16238
150905052631,Wust-Fischbeck,,39524,Stendal,Sachsen-Anhalt,52.54883,12.114724,1154
120680477477,Wusterhausen/Dosse,,16868,Ostprignitz-Ruppin,Brandenburg,52.891156,12.462,5626
130755557146,Wusterhusen,,17509,Vorpommern-Greifswald,Mecklenburg-Vorpommern,54.115003,13.616257,1046
120630357357,Wustermark,,14641,Havelland,Brandenburg,52.545674,12.942829,11024
120695917688,Wusterwitz,,14789,Potsdam-Mittelmark,Brandenburg,52.369046,12.383866,2860
130715155167,Wustrow,,17255,Mecklenburgische Seenplatte,Mecklenburg-Vorpommern,53.225785,12.9698,784
130735354103,Wustrow,Ostseebad,18347,Vorpommern-Rügen,Mecklenburg-Vorpommern,54.345362,12.396974,1134
033545407026,Wustrow (Wendland),Stadt,29462,Lüchow-Dannenberg,Niedersachsen,52.924056,11.119401,2524
096789457457,Wustvieler Forst,,,Schweinfurt,Bayern,49.8992,10.497409,0
083375001127,Wutach,,79879,Waldshut,Baden-Württemberg,47.837555,8.444351,1192
160630092092,Wutha-Farnroda,,99848,Wartburgkreis,Thüringen,50.95646,10.395295,6268
083375008123,Wutöschingen,,79793,Waldshut,Baden-Württemberg,47.659937,8.366501,6726
083165005051,Wyhl am Kaiserstuhl,,79369,Emmendingen,Baden-Württemberg,48.165834,7.64869,4050
010545488164,Wyk auf Föhr,Stadt,25938,Nordfriesland,Schleswig-Holstein,54.691093,8.567212,4113
064350029029,Wächtersbach,Stadt,63607,Main-Kinzig-Kreis,Hessen,50.257679,9.292299,12731
081175005053,Wäschenbeuren,,73116,Göppingen,Baden-Württemberg,48.759779,9.686958,3895
130765659156,Wöbbelin,,19288,Ludwigslust-Parchim,Mecklenburg-Vorpommern,53.399572,11.503027,946
010515172113,Wöhrden,,25797,Dithmarschen,Schleswig-Holstein,54.165463,8.994508,1203
071435007085,Wölferlingen,,56244,Westerwaldkreis,Rheinland-Pfalz,50.563703,7.852519,472
064400024024,Wölfersheim,,61200,Wetteraukreis,Hessen,50.398525,8.812984,9417
064400025025,Wöllstadt,,61206,Wetteraukreis,Hessen,50.279143,8.77073,6593
073315005072,Wöllstein,,55597,Alzey-Worms,Rheinland-Pfalz,49.813506,7.958787,4492
071325010118,Wölmersen,,57635,Altenkirchen (Westerwald),Rheinland-Pfalz,50.714605,7.599816,372
032575407038,Wölpinghausen,,31556,Schaumburg,Niedersachsen,52.41911,9.237707,1533
082375005072,Wörnersberg,,72299,Freudenstadt,Baden-Württemberg,48.561911,8.564592,214
095715502228,Wörnitz,,91637,Ansbach,Bayern,49.255112,10.243792,1819
073315006073,Wörrstadt,Stadt,55286,Alzey-Worms,Rheinland-Pfalz,49.838016,8.11667,8515
081365003084,Wört,,73499,Ostalbkreis,Baden-Württemberg,49.030785,10.273842,1500
091775121144,Wörth,,85457,Erding,Bayern,48.245384,11.901744,4409
093755336210,Wörth a.d.Donau,St,93086,Regensburg,Bayern,49.000593,12.407619,5196
092745222191,Wörth a.d.Isar,,84109,Landshut,Bayern,48.623246,12.339065,3214
096760169169,Wörth a.Main,St,63939,Miltenberg,Bayern,49.797293,9.156411,4769
073340501501,Wörth am Rhein,Stadt,76744,Germersheim,Rheinland-Pfalz,49.051938,8.268634,18387
091880145145,Wörthsee,,82237,Starnberg,Bayern,48.080105,11.194269,5330
096735640184,Wülfershausen a.d.Saale,,97618,Rhön-Grabfeld,Bayern,50.3335,10.345803,1533
051580036036,Wülfrath,Stadt,42489,Mettmann,Nordrhein-Westfalen,51.280989,7.033183,20731
146275234340,Wülknitz,,01609,Meißen,Sachsen,51.369129,13.392856,1546
071405004165,Würrich,,56858,Rhein-Hunsrück-Kreis,Rheinland-Pfalz,49.977105,7.302943,162
053340036036,Würselen,Stadt,52146,Städteregion Aachen,Nordrhein-Westfalen,50.821466,6.13022,40145
096630000000,Würzburg,,97070,Würzburg,Bayern,49.79393,9.93725,133258
073335007084,Würzweiler,,67808,Donnersbergkreis,Rheinland-Pfalz,49.654184,7.862517,213
071405008166,Wüschheim,,55471,Rhein-Hunsrück-Kreis,Rheinland-Pfalz,50.011915,7.421441,320
081250107107,Wüstenrot,,71543,Heilbronn,Baden-Württemberg,49.080263,9.460742,6692
051700052052,Xanten,Stadt,46509,Wesel,Nordrhein-Westfalen,51.662258,6.453197,21179
081255010108,Zaberfeld,,74374,Heilbronn,Baden-Württemberg,49.055967,8.928773,4156
092765238146,Zachenberg,,94239,Regen,Bayern,48.967633,12.999221,2056
150910391391,Zahna-Elster,Stadt,06895,Wittenberg,Sachsen-Anhalt,51.829561,12.829442,8984
082155007094,Zaisenhausen,,75059,Karlsruhe,Baden-Württemberg,49.105526,8.812919,1844
093720177177,Zandt,,93499,Cham,Bayern,49.156803,12.72539,2057
091835150151,Zangberg,,84539,Mühldorf a.Inn,Bayern,48.274482,12.424421,1182
130765668158,Zapel,,19089,Ludwigslust-Parchim,Mecklenburg-Vorpommern,53.55257,11.666057,436
094710214214,Zapfendorf,M,96199,Bamberg,Bayern,50.017677,10.931609,4922
130725262118,Zarnewanz,,18195,Landkreis Rostock,Mecklenburg-Vorpommern,54.05699,12.496269,470
010625244087,Zarpen,,23619,Stormarn,Schleswig-Holstein,53.870262,10.518179,1466
130735358104,Zarrendorf,,18510,Vorpommern-Rügen,Mecklenburg-Vorpommern,54.237099,13.097941,1108
130765667159,Zarrentin am Schaalsee,Stadt,19246,Ludwigslust-Parchim,Mecklenburg-Vorpommern,53.55292,10.91548,5312
120645404538,Zechin,,15328,Märkisch-Oderland,Brandenburg,52.608839,14.452063,631
160765006086,Zedlitz,,07557,Greiz,Thüringen,50.814305,12.031068,709
120650356356,Zehdenick,Stadt,16792,Oberhavel,Brandenburg,52.979224,13.332283,13040
130725255119,Zehna,,18276,Landkreis Rostock,Mecklenburg-Vorpommern,53.717302,12.137274,639
071435006315,Zehnhausen bei Rennerod,,56477,Westerwaldkreis,Rheinland-Pfalz,50.646234,8.059359,376
071435008316,Zehnhausen bei Wallmerod,,56414,Westerwaldkreis,Rheinland-Pfalz,50.47475,7.923623,197
150905053635,Zehrental,,39615,Stendal,Sachsen-Anhalt,52.934283,11.609055,784
096740221221,Zeil a.Main,St,97475,Haßberge,Bayern,50.008547,10.595267,5540
092770154154,Zeilarn,,84367,Rottal-Inn,Bayern,48.299099,12.84285,2130
073345001036,Zeiskam,,67378,Germersheim,Rheinland-Pfalz,49.23346,8.24837,2193
146270360360,Zeithain,,01619,Meißen,Sachsen,51.333236,13.338067,5565
093750213213,Zeitlarn,,93197,Regensburg,Bayern,49.076459,12.107031,5463
096720166166,Zeitlofs,M,97799,Bad Kissingen,Bayern,50.260481,9.673434,2000
150840590590,Zeitz,Stadt,06712,Burgenlandkreis,Sachsen-Anhalt,51.050371,12.134473,28328
093725317167,Zell,,93199,Cham,Bayern,49.142724,12.412527,1834
071355005092,Zell (Mosel),Stadt,56856,Cochem-Zell,Rheinland-Pfalz,50.027298,7.181996,3993
096790209209,Zell a.Main,M,97299,Würzburg,Bayern,49.811009,9.86927,4360
083175014146,Zell am Harmersbach,Stadt,77736,Ortenaukreis,Baden-Württemberg,48.346261,8.062103,8129
094750189189,Zell im Fichtelgebirge,M,95239,Hof,Bayern,50.13339,11.821785,1857
083365009103,Zell im Wiesental,Stadt,79669,Lörrach,Baden-Württemberg,47.707567,7.852117,6204
081175009060,Zell unter Aichelberg,,73119,Göppingen,Baden-Württemberg,48.651705,9.573107,3078
160660092092,Zella-Mehlis,Stadt,98544,Schmalkalden-Meiningen,Thüringen,50.663357,10.658023,12157
073335003501,Zellertal,,67308,Donnersbergkreis,Rheinland-Pfalz,49.6427,8.134534,1118
096775625203,Zellingen,M,97225,Main-Spessart,Bayern,49.899128,9.817367,6390
072315001136,Zeltingen-Rachtig,,54492,Bernkastel-Wittlich,Rheinland-Pfalz,49.95521,7.017527,2125
130755551147,Zemitz,,17440,Vorpommern-Greifswald,Mecklenburg-Vorpommern,53.978658,13.754778,595
072355007151,Zemmer,,54313,Trier-Saarburg,Rheinland-Pfalz,49.892331,6.696642,2864
130755562148,Zempin,Seebad,17459,Vorpommern-Greifswald,Mecklenburg-Vorpommern,54.067387,13.953997,889
072325008331,Zendscheid,,54655,Eifelkreis Bitburg-Prüm,Rheinland-Pfalz,50.099514,6.604048,132
092725213152,Zenting,,94579,Freyung-Grafenau,Bayern,48.792388,13.258997,1159
130725252120,Zepelin,,18246,Landkreis Rostock,Mecklenburg-Vorpommern,53.834796,12.046056,466
150820430430,Zerbst/Anhalt,Stadt,39261,Anhalt-Bitterfeld,Sachsen-Anhalt,51.964039,12.085469,21124
072355008152,Zerf,,54314,Trier-Saarburg,Rheinland-Pfalz,49.601118,6.688611,1515
033545406027,Zernien,,29499,Lüchow-Dannenberg,Niedersachsen,53.067603,10.88551,1587
120685805501,Zernitz-Lohm,,16845,Ostprignitz-Ruppin,Brandenburg,52.860796,12.3167,888
130755560149,Zerrenthin,,17309,Vorpommern-Greifswald,Mecklenburg-Vorpommern,53.495312,14.092893,443
095749465465,Zerzabelshofer Forst,,,Nürnberger Land,Bayern,49.450613,11.17003,0
120645406539,Zeschdorf,,15326,Märkisch-Oderland,Brandenburg,52.426849,14.44273,1248
034550027027,Zetel,,26340,Friesland,Niedersachsen,53.418096,7.973923,12293
130715162169,Zettemin,,17153,Mecklenburgische Seenplatte,Mecklenburg-Vorpommern,53.649428,12.828055,249
071355002093,Zettingen,,56761,Cochem-Zell,Rheinland-Pfalz,50.228666,7.197348,279
145225126600,Zettlitz,,09306,Mittelsachsen,Sachsen,51.073229,12.837831,651
160765054087,Zeulenroda-Triebes,Stadt,07937,Greiz,Thüringen,50.649003,11.97964,15677
120610572572,Zeuthen,,15738,Dahme-Spreewald,Brandenburg,52.353337,13.630155,11431
033575408057,Zeven,Stadt,27404,Rotenburg (Wümme),Niedersachsen,53.295695,9.278731,13958
120735306645,Zichow,,16306,Uckermark,Brandenburg,53.190169,14.038335,479
130745455088,Zickhusen,,19069,Nordwestmecklenburg,Mecklenburg-Vorpommern,53.757546,11.414398,516
130765662160,Ziegendorf,,19372,Ludwigslust-Parchim,Mecklenburg-Vorpommern,53.295443,11.809046,597
071325010119,Ziegenhain,,57632,Altenkirchen (Westerwald),Rheinland-Pfalz,50.676551,7.525356,163
160755013127,Ziegenrück,Stadt,07924,Saale-Orla-Kreis,Thüringen,50.615172,11.651319,626
150835051580,Zielitz,,39326,Börde,Sachsen-Anhalt,52.290611,11.673148,1932
097745733198,Ziemetshausen,M,86473,Günzburg,Bayern,48.293618,10.532308,3181
066330029029,Zierenberg,Stadt,34289,Kassel,Hessen,51.367615,9.300261,6203
130745454089,Zierow,,23968,Nordwestmecklenburg,Mecklenburg-Vorpommern,53.925289,11.374861,751
097735715186,Ziertheim,,89446,Dillingen a.d.Donau,Bayern,48.654111,10.39664,1113
130765657161,Zierzow,,19300,Ludwigslust-Parchim,Mecklenburg-Vorpommern,53.28354,11.686236,399
120695918696,Ziesar,Stadt,14793,Potsdam-Mittelmark,Brandenburg,52.266957,12.289639,2389
130725263121,Ziesendorf,,18059,Landkreis Rostock,Mecklenburg-Vorpommern,53.993843,12.038635,1435
010535358136,Ziethen,,23911,Herzogtum Lauenburg,Schleswig-Holstein,53.693695,10.809322,1168
120605006296,Ziethen,,16247,Barnim,Brandenburg,52.95847,13.894945,436
130755563150,Ziethen,,17390,Vorpommern-Greifswald,Mecklenburg-Vorpommern,53.887998,13.672308,419
071405003504,Zilshausen,,56288,Rhein-Hunsrück-Kreis,Rheinland-Pfalz,50.113271,7.383121,270
120675701552,Ziltendorf,,15295,Oder-Spree,Brandenburg,52.206164,14.624316,1428
160745015113,Zimmern,,07778,Saale-Holzland-Kreis,Thüringen,51.007486,11.62547,171
083255003069,Zimmern ob Rottweil,,78658,Rottweil,Baden-Württemberg,48.167498,8.590787,6296
084175006078,Zimmern unter der Burg,,72369,Zollernalbkreis,Baden-Württemberg,48.220374,8.718808,436
160675007082,Zimmernsupra,,99100,Gotha,Thüringen,50.990189,10.867391,337
071415010141,Zimmerschied,,56379,Rhein-Lahn-Kreis,Rheinland-Pfalz,50.352218,7.782555,97
130730105105,Zingst,Ostseeheilbad,18374,Vorpommern-Rügen,Mecklenburg-Vorpommern,54.435409,12.68304,2823
130755561151,Zinnowitz,Ostseebad,17454,Vorpommern-Greifswald,Mecklenburg-Vorpommern,54.076797,13.908919,3765
130755562152,Zirchow,,17419,Vorpommern-Greifswald,Mecklenburg-Vorpommern,53.891203,14.140752,603
130735357106,Zirkow,,18528,Vorpommern-Rügen,Mecklenburg-Vorpommern,54.388252,13.539106,652
095730134134,Zirndorf,St,90513,Fürth,Bayern,49.441541,10.956456,26243
130715157170,Zirzow,,17039,Mecklenburgische Seenplatte,Mecklenburg-Vorpommern,53.582274,13.194674,336
130715154171,Zislow,,17209,Mecklenburgische Seenplatte,Mecklenburg-Vorpommern,53.431649,12.31134,183
146260610610,"Zittau, Stadt",Hochschulstadt,02763,Görlitz,Sachsen,50.896384,14.806367,25286
091785130157,Zolling,,85406,Freising,Bayern,48.451521,11.771294,4956
091750139139,Zorneding,,85604,Ebersberg,Bayern,48.084445,11.825588,9452
073395006067,Zornheim,,55270,Mainz-Bingen,Rheinland-Pfalz,49.88967,8.223956,3549
120720477477,Zossen,Stadt,15806,Teltow-Fläming,Brandenburg,52.21624,13.449172,21412
073395008068,Zotzenheim,,55576,Mainz-Bingen,Rheinland-Pfalz,49.873661,7.968293,639
147305601360,Zschepplin,,04838,Nordsachsen,Sachsen,51.501903,12.603693,2821
145215138690,"Zschopau, Stadt",Motorradstadt,09405,Erzgebirgskreis,Sachsen,50.747744,13.072274,8760
145215139700,Zschorlau,,08321,Erzgebirgskreis,Sachsen,50.569581,12.651278,5018
130745457090,Zurow,,23992,Nordwestmecklenburg,Mecklenburg-Vorpommern,53.863817,11.615148,1291
097735718188,Zusamaltheim,,86637,Dillingen a.d.Donau,Bayern,48.530034,10.635449,1294
097720223223,Zusmarshausen,M,86441,Augsburg,Bayern,48.398719,10.596714,6655
082265008101,Zuzenhausen,,74939,Rhein-Neckar-Kreis,Baden-Württemberg,49.295599,8.824093,2343
073200000000,Zweibrücken,Stadt,66482,Zweibrücken,Rheinland-Pfalz,49.249189,7.363114,33323
072325005138,Zweifelscheid,,54673,Eifelkreis Bitburg-Prüm,Rheinland-Pfalz,50.038158,6.253806,59
081265005094,Zweiflingen,,74639,Hohenlohekreis,Baden-Württemberg,49.25588,9.518026,1831
147290430430,Zwenkau,Stadt,04442,Leipzig,Sachsen,51.217549,12.327259,9305
145240330330,"Zwickau, Stadt",Hochschulstadt,08056,Zwickau,Sachsen,50.718556,12.495641,87410
084155006085,Zwiefalten,,88529,Reutlingen,Baden-Württemberg,48.233888,9.462051,2305
092760148148,Zwiesel,St,94227,Regen,Bayern,49.014587,13.23347,9059
064310022022,Zwingenberg,Stadt,64673,Bergstraße,Hessen,49.726069,8.612274,7283
082255006113,Zwingenberg,,69439,Neckar-Odenwald-Kreis,Baden-Württemberg,49.412627,9.047849,625
145215140710,Zwönitz,Stadt,08297,Erzgebirgskreis,Sachsen,50.630002,12.811053,11358
130765662162,Zölkow,,19374,Ludwigslust-Parchim,Mecklenburg-Vorpommern,53.562753,11.822657,763
160745011114,Zöllnitz,,07751,Saale-Holzland-Kreis,Thüringen,50.86914,11.642431,1273
150820440440,Zörbig,Stadt,06780,Anhalt-Bitterfeld,Sachsen-Anhalt,51.628453,12.122807,8899
097735714187,Zöschingen,,89447,Dillingen a.d.Donau,Bayern,48.673287,10.324288,765
094719462462,Zückshuter Forst,,,Bamberg,Bayern,49.95207,10.918342,0
130765665163,Zülow,,19073,Ludwigslust-Parchim,Mecklenburg-Vorpommern,53.577237,11.271356,141
053660044044,Zülpich,Stadt,53909,Euskirchen,Nordrhein-Westfalen,50.691294,6.648155,21780
072355001153,Züsch,,54422,Trier-Saarburg,Rheinland-Pfalz,49.649081,7.007401,565
130745457091,Züsow,,23992,Nordwestmecklenburg,Mecklenburg-Vorpommern,53.922922,11.6745,301
130755563154,Züssow,,17495,Vorpommern-Greifswald,Mecklenburg-Vorpommern,53.981577,13.546049,1255
083355003061,Öhningen,,78337,Konstanz,Baden-Württemberg,47.661803,8.885442,3559
081265005066,Öhringen,Stadt,74613,Hohenlohekreis,Baden-Württemberg,49.200104,9.501119,25673
082365006075,Ölbronn-Dürrn,,75248,Enzkreis,Baden-Württemberg,48.956479,8.755586,3483
084255008092,Öllingen,,89129,Alb-Donau-Kreis,Baden-Württemberg,48.527741,10.148065,542
071325010087,Ölsen,,57612,Altenkirchen (Westerwald),Rheinland-Pfalz,50.738792,7.603094,80
084255005093,Öpfingen,,89614,Alb-Donau-Kreis,Baden-Württemberg,48.286194,9.802832,2268
082150064064,Östringen,Stadt,76684,Karlsruhe,Baden-Württemberg,49.218783,8.712417,13450
082165005039,Ötigheim,,76470,Rastatt,Baden-Württemberg,48.893206,8.231643,5110
082365004050,Ötisheim,,75443,Enzkreis,Baden-Württemberg,48.961011,8.805085,4761
071435010060,Ötzingen,,56244,Westerwaldkreis,Rheinland-Pfalz,50.49939,7.830601,1369
053700028028,Übach-Palenberg,Stadt,52531,Heinsberg,Nordrhein-Westfalen,50.919252,6.118933,24277
072325005127,Übereisenbach,,54689,Eifelkreis Bitburg-Prüm,Rheinland-Pfalz,50.001582,6.149743,55
100440119119,Überherrn,,66802,Saarlouis,Saarland,49.242344,6.698331,12109
084355007059,Überlingen,Stadt,88662,Bodenseekreis,Baden-Württemberg,47.768547,9.159266,22735
091890159159,Übersee,,83236,Traunstein,Bayern,47.821277,12.484208,5013
096780186186,Üchtelhausen,,97532,Schweinfurt,Bayern,50.092281,10.269843,3762
130755562135,Ückeritz,Seebad,17459,Vorpommern-Greifswald,Mecklenburg-Vorpommern,54.013567,14.046749,1026
072335001075,Üdersdorf,,54552,Vulkaneifel,Rheinland-Pfalz,50.15288,6.803582,1065
083375004128,Ühlingen-Birkendorf,,79777,Waldshut,Baden-Württemberg,47.718673,8.317652,5255
072315001125,Ürzig,,54539,Bernkastel-Wittlich,Rheinland-Pfalz,49.981694,7.003805,899
072325001333,Üttfeld,,54619,Eifelkreis Bitburg-Prüm,Rheinland-Pfalz,50.13624,6.253655,382
072335006076,Üxheim,,54579,Vulkaneifel,Rheinland-Pfalz,50.341184,6.759467,1346
